o metal_bands__pendant_classic
v 0 0.02500000037252903 0.18000000715255737
v 0.03511625900864601 0.02500000037252903 0.17654134333133698
v 0.068883016705513 0.02500000037252903 0.16629831492900848
v 0.10000263899564743 0.02500000037252903 0.14966453611850739
v 0.12727922201156616 0.02500000037252903 0.12727922201156616
v 0.14966453611850739 0.02500000037252903 0.10000263899564743
v 0.16629831492900848 0.02500000037252903 0.068883016705513
v 0.17654134333133698 0.02500000037252903 0.03511625900864601
v 0.18000000715255737 0.02500000037252903 1.102182101152202e-17
v 0.17654134333133698 0.02500000037252903 -0.03511625900864601
v 0.16629831492900848 0.02500000037252903 -0.068883016705513
v 0.14966453611850739 0.02500000037252903 -0.10000263899564743
v 0.12727922201156616 0.02500000037252903 -0.12727922201156616
v 0.10000263899564743 0.02500000037252903 -0.14966453611850739
v 0.068883016705513 0.02500000037252903 -0.16629831492900848
v 0.03511625900864601 0.02500000037252903 -0.17654134333133698
v 2.204364202304404e-17 0.02500000037252903 -0.18000000715255737
v -0.03511625900864601 0.02500000037252903 -0.17654134333133698
v -0.068883016705513 0.02500000037252903 -0.16629831492900848
v -0.10000263899564743 0.02500000037252903 -0.14966453611850739
v -0.12727922201156616 0.02500000037252903 -0.12727922201156616
v -0.14966453611850739 0.02500000037252903 -0.10000263899564743
v -0.16629831492900848 0.02500000037252903 -0.068883016705513
v -0.17654134333133698 0.02500000037252903 -0.03511625900864601
v -0.18000000715255737 0.02500000037252903 -3.306546303456606e-17
v -0.17654134333133698 0.02500000037252903 0.03511625900864601
v -0.16629831492900848 0.02500000037252903 0.068883016705513
v -0.14966453611850739 0.02500000037252903 0.10000263899564743
v -0.12727922201156616 0.02500000037252903 0.12727922201156616
v -0.10000263899564743 0.02500000037252903 0.14966453611850739
v -0.068883016705513 0.02500000037252903 0.16629831492900848
v -0.03511625900864601 0.02500000037252903 0.17654134333133698
v -4.408728404608808e-17 0.02500000037252903 0.18000000715255737
v 0 -0.02500000037252903 0.20000000298023224
v 0.039018064737319946 -0.02500000037252903 0.1961570531129837
v 0.07653668522834778 -0.02500000037252903 0.18477590382099152
v 0.11111404746770859 -0.02500000037252903 0.1662939190864563
v 0.1414213627576828 -0.02500000037252903 0.1414213627576828
v 0.1662939190864563 -0.02500000037252903 0.11111404746770859
v 0.18477590382099152 -0.02500000037252903 0.07653668522834778
v 0.1961570531129837 -0.02500000037252903 0.039018064737319946
v 0.20000000298023224 -0.02500000037252903 1.2246467698671066e-17
v 0.1961570531129837 -0.02500000037252903 -0.039018064737319946
v 0.18477590382099152 -0.02500000037252903 -0.07653668522834778
v 0.1662939190864563 -0.02500000037252903 -0.11111404746770859
v 0.1414213627576828 -0.02500000037252903 -0.1414213627576828
v 0.11111404746770859 -0.02500000037252903 -0.1662939190864563
v 0.07653668522834778 -0.02500000037252903 -0.18477590382099152
v 0.039018064737319946 -0.02500000037252903 -0.1961570531129837
v 2.4492935397342132e-17 -0.02500000037252903 -0.20000000298023224
v -0.039018064737319946 -0.02500000037252903 -0.1961570531129837
v -0.07653668522834778 -0.02500000037252903 -0.18477590382099152
v -0.11111404746770859 -0.02500000037252903 -0.1662939190864563
v -0.1414213627576828 -0.02500000037252903 -0.1414213627576828
v -0.1662939190864563 -0.02500000037252903 -0.11111404746770859
v -0.18477590382099152 -0.02500000037252903 -0.07653668522834778
v -0.1961570531129837 -0.02500000037252903 -0.039018064737319946
v -0.20000000298023224 -0.02500000037252903 -3.6739405577555036e-17
v -0.1961570531129837 -0.02500000037252903 0.039018064737319946
v -0.18477590382099152 -0.02500000037252903 0.07653668522834778
v -0.1662939190864563 -0.02500000037252903 0.11111404746770859
v -0.1414213627576828 -0.02500000037252903 0.1414213627576828
v -0.11111404746770859 -0.02500000037252903 0.1662939190864563
v -0.07653668522834778 -0.02500000037252903 0.18477590382099152
v -0.039018064737319946 -0.02500000037252903 0.1961570531129837
v -4.8985870794684264e-17 -0.02500000037252903 0.20000000298023224
v 0 0.02500000037252903 0
v 0 0.02500000037252903 0
v 0 0.02500000037252903 0
v 0 0.02500000037252903 0
v 0 0.02500000037252903 0
v 0 0.02500000037252903 0
v 0 0.02500000037252903 0
v 0 0.02500000037252903 0
v 0 0.02500000037252903 0
v 0 0.02500000037252903 0
v 0 0.02500000037252903 0
v 0 0.02500000037252903 0
v 0 0.02500000037252903 0
v 0 0.02500000037252903 0
v 0 0.02500000037252903 0
v 0 0.02500000037252903 0
v 0 0.02500000037252903 0
v 0 0.02500000037252903 0
v 0 0.02500000037252903 0
v 0 0.02500000037252903 0
v 0 0.02500000037252903 0
v 0 0.02500000037252903 0
v 0 0.02500000037252903 0
v 0 0.02500000037252903 0
v 0 0.02500000037252903 0
v 0 0.02500000037252903 0
v 0 0.02500000037252903 0
v 0 0.02500000037252903 0
v 0 0.02500000037252903 0
v 0 0.02500000037252903 0
v 0 0.02500000037252903 0
v 0 0.02500000037252903 0
v 0 0.02500000037252903 0.18000000715255737
v 0.03511625900864601 0.02500000037252903 0.17654134333133698
v 0.068883016705513 0.02500000037252903 0.16629831492900848
v 0.10000263899564743 0.02500000037252903 0.14966453611850739
v 0.12727922201156616 0.02500000037252903 0.12727922201156616
v 0.14966453611850739 0.02500000037252903 0.10000263899564743
v 0.16629831492900848 0.02500000037252903 0.068883016705513
v 0.17654134333133698 0.02500000037252903 0.03511625900864601
v 0.18000000715255737 0.02500000037252903 1.102182101152202e-17
v 0.17654134333133698 0.02500000037252903 -0.03511625900864601
v 0.16629831492900848 0.02500000037252903 -0.068883016705513
v 0.14966453611850739 0.02500000037252903 -0.10000263899564743
v 0.12727922201156616 0.02500000037252903 -0.12727922201156616
v 0.10000263899564743 0.02500000037252903 -0.14966453611850739
v 0.068883016705513 0.02500000037252903 -0.16629831492900848
v 0.03511625900864601 0.02500000037252903 -0.17654134333133698
v 2.204364202304404e-17 0.02500000037252903 -0.18000000715255737
v -0.03511625900864601 0.02500000037252903 -0.17654134333133698
v -0.068883016705513 0.02500000037252903 -0.16629831492900848
v -0.10000263899564743 0.02500000037252903 -0.14966453611850739
v -0.12727922201156616 0.02500000037252903 -0.12727922201156616
v -0.14966453611850739 0.02500000037252903 -0.10000263899564743
v -0.16629831492900848 0.02500000037252903 -0.068883016705513
v -0.17654134333133698 0.02500000037252903 -0.03511625900864601
v -0.18000000715255737 0.02500000037252903 -3.306546303456606e-17
v -0.17654134333133698 0.02500000037252903 0.03511625900864601
v -0.16629831492900848 0.02500000037252903 0.068883016705513
v -0.14966453611850739 0.02500000037252903 0.10000263899564743
v -0.12727922201156616 0.02500000037252903 0.12727922201156616
v -0.10000263899564743 0.02500000037252903 0.14966453611850739
v -0.068883016705513 0.02500000037252903 0.16629831492900848
v -0.03511625900864601 0.02500000037252903 0.17654134333133698
v -4.408728404608808e-17 0.02500000037252903 0.18000000715255737
v 0 -0.02500000037252903 0
v 0 -0.02500000037252903 0
v 0 -0.02500000037252903 0
v 0 -0.02500000037252903 0
v 0 -0.02500000037252903 0
v 0 -0.02500000037252903 0
v 0 -0.02500000037252903 0
v 0 -0.02500000037252903 0
v 0 -0.02500000037252903 0
v 0 -0.02500000037252903 0
v 0 -0.02500000037252903 0
v 0 -0.02500000037252903 0
v 0 -0.02500000037252903 0
v 0 -0.02500000037252903 0
v 0 -0.02500000037252903 0
v 0 -0.02500000037252903 0
v 0 -0.02500000037252903 0
v 0 -0.02500000037252903 0
v 0 -0.02500000037252903 0
v 0 -0.02500000037252903 0
v 0 -0.02500000037252903 0
v 0 -0.02500000037252903 0
v 0 -0.02500000037252903 0
v 0 -0.02500000037252903 0
v 0 -0.02500000037252903 0
v 0 -0.02500000037252903 0
v 0 -0.02500000037252903 0
v 0 -0.02500000037252903 0
v 0 -0.02500000037252903 0
v 0 -0.02500000037252903 0
v 0 -0.02500000037252903 0
v 0 -0.02500000037252903 0
v 0 -0.02500000037252903 0.20000000298023224
v 0.039018064737319946 -0.02500000037252903 0.1961570531129837
v 0.07653668522834778 -0.02500000037252903 0.18477590382099152
v 0.11111404746770859 -0.02500000037252903 0.1662939190864563
v 0.1414213627576828 -0.02500000037252903 0.1414213627576828
v 0.1662939190864563 -0.02500000037252903 0.11111404746770859
v 0.18477590382099152 -0.02500000037252903 0.07653668522834778
v 0.1961570531129837 -0.02500000037252903 0.039018064737319946
v 0.20000000298023224 -0.02500000037252903 1.2246467698671066e-17
v 0.1961570531129837 -0.02500000037252903 -0.039018064737319946
v 0.18477590382099152 -0.02500000037252903 -0.07653668522834778
v 0.1662939190864563 -0.02500000037252903 -0.11111404746770859
v 0.1414213627576828 -0.02500000037252903 -0.1414213627576828
v 0.11111404746770859 -0.02500000037252903 -0.1662939190864563
v 0.07653668522834778 -0.02500000037252903 -0.18477590382099152
v 0.039018064737319946 -0.02500000037252903 -0.1961570531129837
v 2.4492935397342132e-17 -0.02500000037252903 -0.20000000298023224
v -0.039018064737319946 -0.02500000037252903 -0.1961570531129837
v -0.07653668522834778 -0.02500000037252903 -0.18477590382099152
v -0.11111404746770859 -0.02500000037252903 -0.1662939190864563
v -0.1414213627576828 -0.02500000037252903 -0.1414213627576828
v -0.1662939190864563 -0.02500000037252903 -0.11111404746770859
v -0.18477590382099152 -0.02500000037252903 -0.07653668522834778
v -0.1961570531129837 -0.02500000037252903 -0.039018064737319946
v -0.20000000298023224 -0.02500000037252903 -3.6739405577555036e-17
v -0.1961570531129837 -0.02500000037252903 0.039018064737319946
v -0.18477590382099152 -0.02500000037252903 0.07653668522834778
v -0.1662939190864563 -0.02500000037252903 0.11111404746770859
v -0.1414213627576828 -0.02500000037252903 0.1414213627576828
v -0.11111404746770859 -0.02500000037252903 0.1662939190864563
v -0.07653668522834778 -0.02500000037252903 0.18477590382099152
v -0.039018064737319946 -0.02500000037252903 0.1961570531129837
v -4.8985870794684264e-17 -0.02500000037252903 0.20000000298023224
vt 0 1
vt 0.03125 1
vt 0.0625 1
vt 0.09375 1
vt 0.125 1
vt 0.15625 1
vt 0.1875 1
vt 0.21875 1
vt 0.25 1
vt 0.28125 1
vt 0.3125 1
vt 0.34375 1
vt 0.375 1
vt 0.40625 1
vt 0.4375 1
vt 0.46875 1
vt 0.5 1
vt 0.53125 1
vt 0.5625 1
vt 0.59375 1
vt 0.625 1
vt 0.65625 1
vt 0.6875 1
vt 0.71875 1
vt 0.75 1
vt 0.78125 1
vt 0.8125 1
vt 0.84375 1
vt 0.875 1
vt 0.90625 1
vt 0.9375 1
vt 0.96875 1
vt 1 1
vt 0 0
vt 0.03125 0
vt 0.0625 0
vt 0.09375 0
vt 0.125 0
vt 0.15625 0
vt 0.1875 0
vt 0.21875 0
vt 0.25 0
vt 0.28125 0
vt 0.3125 0
vt 0.34375 0
vt 0.375 0
vt 0.40625 0
vt 0.4375 0
vt 0.46875 0
vt 0.5 0
vt 0.53125 0
vt 0.5625 0
vt 0.59375 0
vt 0.625 0
vt 0.65625 0
vt 0.6875 0
vt 0.71875 0
vt 0.75 0
vt 0.78125 0
vt 0.8125 0
vt 0.84375 0
vt 0.875 0
vt 0.90625 0
vt 0.9375 0
vt 0.96875 0
vt 1 0
vt 0.5 0.5
vt 0.5 0.5
vt 0.5 0.5
vt 0.5 0.5
vt 0.5 0.5
vt 0.5 0.5
vt 0.5 0.5
vt 0.5 0.5
vt 0.5 0.5
vt 0.5 0.5
vt 0.5 0.5
vt 0.5 0.5
vt 0.5 0.5
vt 0.5 0.5
vt 0.5 0.5
vt 0.5 0.5
vt 0.5 0.5
vt 0.5 0.5
vt 0.5 0.5
vt 0.5 0.5
vt 0.5 0.5
vt 0.5 0.5
vt 0.5 0.5
vt 0.5 0.5
vt 0.5 0.5
vt 0.5 0.5
vt 0.5 0.5
vt 0.5 0.5
vt 0.5 0.5
vt 0.5 0.5
vt 0.5 0.5
vt 0.5 0.5
vt 1 0.5
vt 0.9903926253318787 0.5975451469421387
vt 0.9619397521018982 0.6913416981697083
vt 0.9157348275184631 0.7777851223945618
vt 0.8535534143447876 0.8535534143447876
vt 0.7777851223945618 0.9157348275184631
vt 0.6913416981697083 0.9619397521018982
vt 0.5975451469421387 0.9903926253318787
vt 0.5 1
vt 0.40245485305786133 0.9903926253318787
vt 0.30865827202796936 0.9619397521018982
vt 0.22221487760543823 0.9157348275184631
vt 0.1464466154575348 0.8535534143447876
vt 0.08426519483327866 0.7777851223945618
vt 0.03806023299694061 0.6913416981697083
vt 0.009607359766960144 0.5975451469421387
vt 0 0.5
vt 0.009607359766960144 0.40245485305786133
vt 0.03806023299694061 0.30865827202796936
vt 0.08426519483327866 0.22221487760543823
vt 0.1464466154575348 0.1464466154575348
vt 0.22221487760543823 0.08426519483327866
vt 0.30865827202796936 0.03806023299694061
vt 0.40245485305786133 0.009607359766960144
vt 0.5 0
vt 0.5975451469421387 0.009607359766960144
vt 0.6913416981697083 0.03806023299694061
vt 0.7777851223945618 0.08426519483327866
vt 0.8535534143447876 0.1464466154575348
vt 0.9157348275184631 0.22221487760543823
vt 0.9619397521018982 0.30865827202796936
vt 0.9903926253318787 0.40245485305786133
vt 1 0.5
vt 0.5 0.5
vt 0.5 0.5
vt 0.5 0.5
vt 0.5 0.5
vt 0.5 0.5
vt 0.5 0.5
vt 0.5 0.5
vt 0.5 0.5
vt 0.5 0.5
vt 0.5 0.5
vt 0.5 0.5
vt 0.5 0.5
vt 0.5 0.5
vt 0.5 0.5
vt 0.5 0.5
vt 0.5 0.5
vt 0.5 0.5
vt 0.5 0.5
vt 0.5 0.5
vt 0.5 0.5
vt 0.5 0.5
vt 0.5 0.5
vt 0.5 0.5
vt 0.5 0.5
vt 0.5 0.5
vt 0.5 0.5
vt 0.5 0.5
vt 0.5 0.5
vt 0.5 0.5
vt 0.5 0.5
vt 0.5 0.5
vt 0.5 0.5
vt 1 0.5
vt 0.9903926253318787 0.40245485305786133
vt 0.9619397521018982 0.30865827202796936
vt 0.9157348275184631 0.22221487760543823
vt 0.8535534143447876 0.1464466154575348
vt 0.7777851223945618 0.08426519483327866
vt 0.6913416981697083 0.03806023299694061
vt 0.5975451469421387 0.009607359766960144
vt 0.5 0
vt 0.40245485305786133 0.009607359766960144
vt 0.30865827202796936 0.03806023299694061
vt 0.22221487760543823 0.08426519483327866
vt 0.1464466154575348 0.1464466154575348
vt 0.08426519483327866 0.22221487760543823
vt 0.03806023299694061 0.30865827202796936
vt 0.009607359766960144 0.40245485305786133
vt 0 0.5
vt 0.009607359766960144 0.5975451469421387
vt 0.03806023299694061 0.6913416981697083
vt 0.08426519483327866 0.7777851223945618
vt 0.1464466154575348 0.8535534143447876
vt 0.22221487760543823 0.9157348275184631
vt 0.30865827202796936 0.9619397521018982
vt 0.40245485305786133 0.9903926253318787
vt 0.5 1
vt 0.5975451469421387 0.9903926253318787
vt 0.6913416981697083 0.9619397521018982
vt 0.7777851223945618 0.9157348275184631
vt 0.8535534143447876 0.8535534143447876
vt 0.9157348275184631 0.7777851223945618
vt 0.9619397521018982 0.6913416981697083
vt 0.9903926253318787 0.5975451469421387
vt 1 0.5
vn 0 0.37139067121577224 0.9284766929405919
vn 0.18113682131894507 0.3713906799262338 0.9106362692241058
vn 0.35531264889490205 0.3713906741540641 0.8578006112650407
vn 0.5158340368032321 0.37139067292396893 0.7720001389509998
vn 0.6565321662808694 0.37139066934576814 0.6565321662808694
vn 0.7720001389509998 0.37139067292396893 0.5158340368032321
vn 0.8578006112650407 0.3713906741540641 0.35531264889490205
vn 0.9106362692241058 0.3713906799262338 0.18113682131894507
vn 0.9284766929405919 0.37139067121577224 5.685279858391126e-17
vn 0.9106362692241058 0.3713906799262338 -0.18113682131894507
vn 0.8578006112650407 0.3713906741540641 -0.35531264889490205
vn 0.7720001389509998 0.37139067292396893 -0.5158340368032321
vn 0.6565321662808694 0.37139066934576814 -0.6565321662808694
vn 0.5158340368032321 0.37139067292396893 -0.7720001389509998
vn 0.35531264889490205 0.3713906741540641 -0.8578006112650407
vn 0.18113682131894507 0.3713906799262338 -0.9106362692241058
vn 1.137055971678225e-16 0.37139067121577224 -0.9284766929405919
vn -0.18113682131894507 0.3713906799262338 -0.9106362692241058
vn -0.35531264889490205 0.3713906741540641 -0.8578006112650407
vn -0.5158340368032321 0.37139067292396893 -0.7720001389509998
vn -0.6565321662808694 0.37139066934576814 -0.6565321662808694
vn -0.7720001389509998 0.37139067292396893 -0.5158340368032321
vn -0.8578006112650407 0.3713906741540641 -0.35531264889490205
vn -0.9106362692241058 0.3713906799262338 -0.18113682131894507
vn -0.9284766929405919 0.37139067121577224 -1.7055839575173376e-16
vn -0.9106362692241058 0.3713906799262338 0.18113682131894507
vn -0.8578006112650407 0.3713906741540641 0.35531264889490205
vn -0.7720001389509998 0.37139067292396893 0.5158340368032321
vn -0.6565321662808694 0.37139066934576814 0.6565321662808694
vn -0.5158340368032321 0.37139067292396893 0.7720001389509998
vn -0.35531264889490205 0.3713906741540641 0.8578006112650407
vn -0.18113682131894507 0.3713906799262338 0.9106362692241058
vn -2.27411194335645e-16 0.37139067121577224 0.9284766929405919
vn 0 0.37139067121577224 0.9284766929405919
vn 0.18113682131894507 0.3713906799262338 0.9106362692241058
vn 0.35531264889490205 0.3713906741540641 0.8578006112650407
vn 0.5158340368032321 0.37139067292396893 0.7720001389509998
vn 0.6565321662808694 0.37139066934576814 0.6565321662808694
vn 0.7720001389509998 0.37139067292396893 0.5158340368032321
vn 0.8578006112650407 0.3713906741540641 0.35531264889490205
vn 0.9106362692241058 0.3713906799262338 0.18113682131894507
vn 0.9284766929405919 0.37139067121577224 5.685279858391126e-17
vn 0.9106362692241058 0.3713906799262338 -0.18113682131894507
vn 0.8578006112650407 0.3713906741540641 -0.35531264889490205
vn 0.7720001389509998 0.37139067292396893 -0.5158340368032321
vn 0.6565321662808694 0.37139066934576814 -0.6565321662808694
vn 0.5158340368032321 0.37139067292396893 -0.7720001389509998
vn 0.35531264889490205 0.3713906741540641 -0.8578006112650407
vn 0.18113682131894507 0.3713906799262338 -0.9106362692241058
vn 1.137055971678225e-16 0.37139067121577224 -0.9284766929405919
vn -0.18113682131894507 0.3713906799262338 -0.9106362692241058
vn -0.35531264889490205 0.3713906741540641 -0.8578006112650407
vn -0.5158340368032321 0.37139067292396893 -0.7720001389509998
vn -0.6565321662808694 0.37139066934576814 -0.6565321662808694
vn -0.7720001389509998 0.37139067292396893 -0.5158340368032321
vn -0.8578006112650407 0.3713906741540641 -0.35531264889490205
vn -0.9106362692241058 0.3713906799262338 -0.18113682131894507
vn -0.9284766929405919 0.37139067121577224 -1.7055839575173376e-16
vn -0.9106362692241058 0.3713906799262338 0.18113682131894507
vn -0.8578006112650407 0.3713906741540641 0.35531264889490205
vn -0.7720001389509998 0.37139067292396893 0.5158340368032321
vn -0.6565321662808694 0.37139066934576814 0.6565321662808694
vn -0.5158340368032321 0.37139067292396893 0.7720001389509998
vn -0.35531264889490205 0.3713906741540641 0.8578006112650407
vn -0.18113682131894507 0.3713906799262338 0.9106362692241058
vn -2.27411194335645e-16 0.37139067121577224 0.9284766929405919
vn 0 1 0
vn 0 1 0
vn 0 1 0
vn 0 1 0
vn 0 1 0
vn 0 1 0
vn 0 1 0
vn 0 1 0
vn 0 1 0
vn 0 1 0
vn 0 1 0
vn 0 1 0
vn 0 1 0
vn 0 1 0
vn 0 1 0
vn 0 1 0
vn 0 1 0
vn 0 1 0
vn 0 1 0
vn 0 1 0
vn 0 1 0
vn 0 1 0
vn 0 1 0
vn 0 1 0
vn 0 1 0
vn 0 1 0
vn 0 1 0
vn 0 1 0
vn 0 1 0
vn 0 1 0
vn 0 1 0
vn 0 1 0
vn 0 1 0
vn 0 1 0
vn 0 1 0
vn 0 1 0
vn 0 1 0
vn 0 1 0
vn 0 1 0
vn 0 1 0
vn 0 1 0
vn 0 1 0
vn 0 1 0
vn 0 1 0
vn 0 1 0
vn 0 1 0
vn 0 1 0
vn 0 1 0
vn 0 1 0
vn 0 1 0
vn 0 1 0
vn 0 1 0
vn 0 1 0
vn 0 1 0
vn 0 1 0
vn 0 1 0
vn 0 1 0
vn 0 1 0
vn 0 1 0
vn 0 1 0
vn 0 1 0
vn 0 1 0
vn 0 1 0
vn 0 1 0
vn 0 1 0
vn 0 -1 0
vn 0 -1 0
vn 0 -1 0
vn 0 -1 0
vn 0 -1 0
vn 0 -1 0
vn 0 -1 0
vn 0 -1 0
vn 0 -1 0
vn 0 -1 0
vn 0 -1 0
vn 0 -1 0
vn 0 -1 0
vn 0 -1 0
vn 0 -1 0
vn 0 -1 0
vn 0 -1 0
vn 0 -1 0
vn 0 -1 0
vn 0 -1 0
vn 0 -1 0
vn 0 -1 0
vn 0 -1 0
vn 0 -1 0
vn 0 -1 0
vn 0 -1 0
vn 0 -1 0
vn 0 -1 0
vn 0 -1 0
vn 0 -1 0
vn 0 -1 0
vn 0 -1 0
vn 0 -1 0
vn 0 -1 0
vn 0 -1 0
vn 0 -1 0
vn 0 -1 0
vn 0 -1 0
vn 0 -1 0
vn 0 -1 0
vn 0 -1 0
vn 0 -1 0
vn 0 -1 0
vn 0 -1 0
vn 0 -1 0
vn 0 -1 0
vn 0 -1 0
vn 0 -1 0
vn 0 -1 0
vn 0 -1 0
vn 0 -1 0
vn 0 -1 0
vn 0 -1 0
vn 0 -1 0
vn 0 -1 0
vn 0 -1 0
vn 0 -1 0
vn 0 -1 0
vn 0 -1 0
vn 0 -1 0
vn 0 -1 0
vn 0 -1 0
vn 0 -1 0
vn 0 -1 0
vn 0 -1 0
f 1/1/1 34/34/34 2/2/2
f 34/34/34 35/35/35 2/2/2
f 2/2/2 35/35/35 3/3/3
f 35/35/35 36/36/36 3/3/3
f 3/3/3 36/36/36 4/4/4
f 36/36/36 37/37/37 4/4/4
f 4/4/4 37/37/37 5/5/5
f 37/37/37 38/38/38 5/5/5
f 5/5/5 38/38/38 6/6/6
f 38/38/38 39/39/39 6/6/6
f 6/6/6 39/39/39 7/7/7
f 39/39/39 40/40/40 7/7/7
f 7/7/7 40/40/40 8/8/8
f 40/40/40 41/41/41 8/8/8
f 8/8/8 41/41/41 9/9/9
f 41/41/41 42/42/42 9/9/9
f 9/9/9 42/42/42 10/10/10
f 42/42/42 43/43/43 10/10/10
f 10/10/10 43/43/43 11/11/11
f 43/43/43 44/44/44 11/11/11
f 11/11/11 44/44/44 12/12/12
f 44/44/44 45/45/45 12/12/12
f 12/12/12 45/45/45 13/13/13
f 45/45/45 46/46/46 13/13/13
f 13/13/13 46/46/46 14/14/14
f 46/46/46 47/47/47 14/14/14
f 14/14/14 47/47/47 15/15/15
f 47/47/47 48/48/48 15/15/15
f 15/15/15 48/48/48 16/16/16
f 48/48/48 49/49/49 16/16/16
f 16/16/16 49/49/49 17/17/17
f 49/49/49 50/50/50 17/17/17
f 17/17/17 50/50/50 18/18/18
f 50/50/50 51/51/51 18/18/18
f 18/18/18 51/51/51 19/19/19
f 51/51/51 52/52/52 19/19/19
f 19/19/19 52/52/52 20/20/20
f 52/52/52 53/53/53 20/20/20
f 20/20/20 53/53/53 21/21/21
f 53/53/53 54/54/54 21/21/21
f 21/21/21 54/54/54 22/22/22
f 54/54/54 55/55/55 22/22/22
f 22/22/22 55/55/55 23/23/23
f 55/55/55 56/56/56 23/23/23
f 23/23/23 56/56/56 24/24/24
f 56/56/56 57/57/57 24/24/24
f 24/24/24 57/57/57 25/25/25
f 57/57/57 58/58/58 25/25/25
f 25/25/25 58/58/58 26/26/26
f 58/58/58 59/59/59 26/26/26
f 26/26/26 59/59/59 27/27/27
f 59/59/59 60/60/60 27/27/27
f 27/27/27 60/60/60 28/28/28
f 60/60/60 61/61/61 28/28/28
f 28/28/28 61/61/61 29/29/29
f 61/61/61 62/62/62 29/29/29
f 29/29/29 62/62/62 30/30/30
f 62/62/62 63/63/63 30/30/30
f 30/30/30 63/63/63 31/31/31
f 63/63/63 64/64/64 31/31/31
f 31/31/31 64/64/64 32/32/32
f 64/64/64 65/65/65 32/32/32
f 32/32/32 65/65/65 33/33/33
f 65/65/65 66/66/66 33/33/33
f 99/99/99 100/100/100 67/67/67
f 100/100/100 101/101/101 68/68/68
f 101/101/101 102/102/102 69/69/69
f 102/102/102 103/103/103 70/70/70
f 103/103/103 104/104/104 71/71/71
f 104/104/104 105/105/105 72/72/72
f 105/105/105 106/106/106 73/73/73
f 106/106/106 107/107/107 74/74/74
f 107/107/107 108/108/108 75/75/75
f 108/108/108 109/109/109 76/76/76
f 109/109/109 110/110/110 77/77/77
f 110/110/110 111/111/111 78/78/78
f 111/111/111 112/112/112 79/79/79
f 112/112/112 113/113/113 80/80/80
f 113/113/113 114/114/114 81/81/81
f 114/114/114 115/115/115 82/82/82
f 115/115/115 116/116/116 83/83/83
f 116/116/116 117/117/117 84/84/84
f 117/117/117 118/118/118 85/85/85
f 118/118/118 119/119/119 86/86/86
f 119/119/119 120/120/120 87/87/87
f 120/120/120 121/121/121 88/88/88
f 121/121/121 122/122/122 89/89/89
f 122/122/122 123/123/123 90/90/90
f 123/123/123 124/124/124 91/91/91
f 124/124/124 125/125/125 92/92/92
f 125/125/125 126/126/126 93/93/93
f 126/126/126 127/127/127 94/94/94
f 127/127/127 128/128/128 95/95/95
f 128/128/128 129/129/129 96/96/96
f 129/129/129 130/130/130 97/97/97
f 130/130/130 131/131/131 98/98/98
f 165/165/165 164/164/164 132/132/132
f 166/166/166 165/165/165 133/133/133
f 167/167/167 166/166/166 134/134/134
f 168/168/168 167/167/167 135/135/135
f 169/169/169 168/168/168 136/136/136
f 170/170/170 169/169/169 137/137/137
f 171/171/171 170/170/170 138/138/138
f 172/172/172 171/171/171 139/139/139
f 173/173/173 172/172/172 140/140/140
f 174/174/174 173/173/173 141/141/141
f 175/175/175 174/174/174 142/142/142
f 176/176/176 175/175/175 143/143/143
f 177/177/177 176/176/176 144/144/144
f 178/178/178 177/177/177 145/145/145
f 179/179/179 178/178/178 146/146/146
f 180/180/180 179/179/179 147/147/147
f 181/181/181 180/180/180 148/148/148
f 182/182/182 181/181/181 149/149/149
f 183/183/183 182/182/182 150/150/150
f 184/184/184 183/183/183 151/151/151
f 185/185/185 184/184/184 152/152/152
f 186/186/186 185/185/185 153/153/153
f 187/187/187 186/186/186 154/154/154
f 188/188/188 187/187/187 155/155/155
f 189/189/189 188/188/188 156/156/156
f 190/190/190 189/189/189 157/157/157
f 191/191/191 190/190/190 158/158/158
f 192/192/192 191/191/191 159/159/159
f 193/193/193 192/192/192 160/160/160
f 194/194/194 193/193/193 161/161/161
f 195/195/195 194/194/194 162/162/162
f 196/196/196 195/195/195 163/163/163
o gem_prongs__bail_classic
v 0.07199999690055847 0 0
v 0.07061654329299927 0.014046503230929375 0
v 0.06651932746171951 0.02755320630967617 0
v 0.059865813702344894 0.04000105708837509 0
v 0.050911687314510345 0.050911687314510345 0
v 0.04000105708837509 0.059865813702344894 0
v 0.02755320630967617 0.06651932746171951 0
v 0.014046503230929375 0.07061654329299927 0
v 4.408728321890747e-18 0.07199999690055847 0
v -0.014046503230929375 0.07061654329299927 0
v -0.02755320630967617 0.06651932746171951 0
v -0.04000105708837509 0.059865813702344894 0
v -0.050911687314510345 0.050911687314510345 0
v -0.059865813702344894 0.04000105708837509 0
v -0.06651932746171951 0.02755320630967617 0
v -0.07061654329299927 0.014046503230929375 0
v -0.07199999690055847 8.817456643781494e-18 0
v -0.07061654329299927 -0.014046503230929375 0
v -0.06651932746171951 -0.02755320630967617 0
v -0.059865813702344894 -0.04000105708837509 0
v -0.050911687314510345 -0.050911687314510345 0
v -0.04000105708837509 -0.059865813702344894 0
v -0.02755320630967617 -0.06651932746171951 0
v -0.014046503230929375 -0.07061654329299927 0
v -1.3226185379262547e-17 -0.07199999690055847 0
v 0.014046503230929375 -0.07061654329299927 0
v 0.02755320630967617 -0.06651932746171951 0
v 0.04000105708837509 -0.059865813702344894 0
v 0.050911687314510345 -0.050911687314510345 0
v 0.059865813702344894 -0.04000105708837509 0
v 0.06651932746171951 -0.02755320630967617 0
v 0.07061654329299927 -0.014046503230929375 0
v 0.07199999690055847 -1.7634913287562988e-17 0
v 0.07108655571937561 0 0.004592201206833124
v 0.06972064822912216 0.013868298381567001 0.004592201206833124
v 0.06567541509866714 0.027203647419810295 0.004592201206833124
v 0.059106308966875076 0.03949357196688652 0.004592201206833124
v 0.05026578530669212 0.05026578530669212 0.004592201206833124
v 0.03949357196688652 0.059106308966875076 0.004592201206833124
v 0.027203647419810295 0.06567541509866714 0.004592201206833124
v 0.013868298381567001 0.06972064822912216 0.004592201206833124
v 4.352796023231136e-18 0.07108655571937561 0.004592201206833124
v -0.013868298381567001 0.06972064822912216 0.004592201206833124
v -0.027203647419810295 0.06567541509866714 0.004592201206833124
v -0.03949357196688652 0.059106308966875076 0.004592201206833124
v -0.05026578530669212 0.05026578530669212 0.004592201206833124
v -0.059106308966875076 0.03949357196688652 0.004592201206833124
v -0.06567541509866714 0.027203647419810295 0.004592201206833124
v -0.06972064822912216 0.013868298381567001 0.004592201206833124
v -0.07108655571937561 8.705592046462273e-18 0.004592201206833124
v -0.06972064822912216 -0.013868298381567001 0.004592201206833124
v -0.06567541509866714 -0.027203647419810295 0.004592201206833124
v -0.059106308966875076 -0.03949357196688652 0.004592201206833124
v -0.05026578530669212 -0.05026578530669212 0.004592201206833124
v -0.03949357196688652 -0.059106308966875076 0.004592201206833124
v -0.027203647419810295 -0.06567541509866714 0.004592201206833124
v -0.013868298381567001 -0.06972064822912216 0.004592201206833124
v -1.3058388483283715e-17 -0.07108655571937561 0.004592201206833124
v 0.013868298381567001 -0.06972064822912216 0.004592201206833124
v 0.027203647419810295 -0.06567541509866714 0.004592201206833124
v 0.03949357196688652 -0.059106308966875076 0.004592201206833124
v 0.05026578530669212 -0.05026578530669212 0.004592201206833124
v 0.059106308966875076 -0.03949357196688652 0.004592201206833124
v 0.06567541509866714 -0.027203647419810295 0.004592201206833124
v 0.06972064822912216 -0.013868298381567001 0.004592201206833124
v 0.07108655571937561 -1.7411184092924546e-17 0.004592201206833124
v 0.06848528236150742 0 0.0084852809086442
v 0.06716935336589813 0.013360816054046154 0.0084852809086442
v 0.0632721483707428 0.0262081827968359 0.0084852809086442
v 0.05694343149662018 0.038048382848501205 0.0084852809086442
v 0.04842640832066536 0.04842640832066536 0.0084852809086442
v 0.038048382848501205 0.05694343149662018 0.0084852809086442
v 0.0262081827968359 0.0632721483707428 0.0084852809086442
v 0.013360816054046154 0.06716935336589813 0.0084852809086442
v 4.193514124477925e-18 0.06848528236150742 0.0084852809086442
v -0.013360816054046154 0.06716935336589813 0.0084852809086442
v -0.0262081827968359 0.0632721483707428 0.0084852809086442
v -0.038048382848501205 0.05694343149662018 0.0084852809086442
v -0.04842640832066536 0.04842640832066536 0.0084852809086442
v -0.05694343149662018 0.038048382848501205 0.0084852809086442
v -0.0632721483707428 0.0262081827968359 0.0084852809086442
v -0.06716935336589813 0.013360816054046154 0.0084852809086442
v -0.06848528236150742 8.38702824895585e-18 0.0084852809086442
v -0.06716935336589813 -0.013360816054046154 0.0084852809086442
v -0.0632721483707428 -0.0262081827968359 0.0084852809086442
v -0.05694343149662018 -0.038048382848501205 0.0084852809086442
v -0.04842640832066536 -0.04842640832066536 0.0084852809086442
v -0.038048382848501205 -0.05694343149662018 0.0084852809086442
v -0.0262081827968359 -0.0632721483707428 0.0084852809086442
v -0.013360816054046154 -0.06716935336589813 0.0084852809086442
v -1.258054195984347e-17 -0.06848528236150742 0.0084852809086442
v 0.013360816054046154 -0.06716935336589813 0.0084852809086442
v 0.0262081827968359 -0.0632721483707428 0.0084852809086442
v 0.038048382848501205 -0.05694343149662018 0.0084852809086442
v 0.04842640832066536 -0.04842640832066536 0.0084852809086442
v 0.05694343149662018 -0.038048382848501205 0.0084852809086442
v 0.0632721483707428 -0.0262081827968359 0.0084852809086442
v 0.06716935336589813 -0.013360816054046154 0.0084852809086442
v 0.06848528236150742 -1.67740564979117e-17 0.0084852809086442
v 0.06459219753742218 0 0.011086554266512394
v 0.06335107982158661 0.012601313181221485 0.011086554266512394
v 0.059675414115190506 0.02471836470067501 0.011086554266512394
v 0.05370645225048065 0.03588550537824631 0.011086554266512394
v 0.04567358270287514 0.04567358270287514 0.011086554266512394
v 0.03588550537824631 0.05370645225048065 0.011086554266512394
v 0.02471836470067501 0.059675414115190506 0.011086554266512394
v 0.012601313181221485 0.06335107982158661 0.011086554266512394
v 3.955131425288106e-18 0.06459219753742218 0.011086554266512394
v -0.012601313181221485 0.06335107982158661 0.011086554266512394
v -0.02471836470067501 0.059675414115190506 0.011086554266512394
v -0.03588550537824631 0.05370645225048065 0.011086554266512394
v -0.04567358270287514 0.04567358270287514 0.011086554266512394
v -0.05370645225048065 0.03588550537824631 0.011086554266512394
v -0.059675414115190506 0.02471836470067501 0.011086554266512394
v -0.06335107982158661 0.012601313181221485 0.011086554266512394
v -0.06459219753742218 7.910262850576212e-18 0.011086554266512394
v -0.06335107982158661 -0.012601313181221485 0.011086554266512394
v -0.059675414115190506 -0.02471836470067501 0.011086554266512394
v -0.05370645225048065 -0.03588550537824631 0.011086554266512394
v -0.04567358270287514 -0.04567358270287514 0.011086554266512394
v -0.03588550537824631 -0.05370645225048065 0.011086554266512394
v -0.02471836470067501 -0.059675414115190506 0.011086554266512394
v -0.012601313181221485 -0.06335107982158661 0.011086554266512394
v -1.1865394689454624e-17 -0.06459219753742218 0.011086554266512394
v 0.012601313181221485 -0.06335107982158661 0.011086554266512394
v 0.02471836470067501 -0.059675414115190506 0.011086554266512394
v 0.03588550537824631 -0.05370645225048065 0.011086554266512394
v 0.04567358270287514 -0.04567358270287514 0.011086554266512394
v 0.05370645225048065 -0.03588550537824631 0.011086554266512394
v 0.059675414115190506 -0.02471836470067501 0.011086554266512394
v 0.06335107982158661 -0.012601313181221485 0.011086554266512394
v 0.06459219753742218 -1.5820525701152424e-17 0.011086554266512394
v 0.05999999865889549 0 0.012000000104308128
v 0.05884711816906929 0.011705419048666954 0.012000000104308128
v 0.055432770401239395 0.022961005568504333 0.012000000104308128
v 0.04988817498087883 0.033334214240312576 0.012000000104308128
v 0.04242640733718872 0.04242640733718872 0.012000000104308128
v 0.033334214240312576 0.04988817498087883 0.012000000104308128
v 0.022961005568504333 0.055432770401239395 0.012000000104308128
v 0.011705419048666954 0.05884711816906929 0.012000000104308128
v 3.673940475037442e-18 0.05999999865889549 0.012000000104308128
v -0.011705419048666954 0.05884711816906929 0.012000000104308128
v -0.022961005568504333 0.055432770401239395 0.012000000104308128
v -0.033334214240312576 0.04988817498087883 0.012000000104308128
v -0.04242640733718872 0.04242640733718872 0.012000000104308128
v -0.04988817498087883 0.033334214240312576 0.012000000104308128
v -0.055432770401239395 0.022961005568504333 0.012000000104308128
v -0.05884711816906929 0.011705419048666954 0.012000000104308128
v -0.05999999865889549 7.347880950074885e-18 0.012000000104308128
v -0.05884711816906929 -0.011705419048666954 0.012000000104308128
v -0.055432770401239395 -0.022961005568504333 0.012000000104308128
v -0.04988817498087883 -0.033334214240312576 0.012000000104308128
v -0.04242640733718872 -0.04242640733718872 0.012000000104308128
v -0.033334214240312576 -0.04988817498087883 0.012000000104308128
v -0.022961005568504333 -0.055432770401239395 0.012000000104308128
v -0.011705419048666954 -0.05884711816906929 0.012000000104308128
v -1.102182101152202e-17 -0.05999999865889549 0.012000000104308128
v 0.011705419048666954 -0.05884711816906929 0.012000000104308128
v 0.022961005568504333 -0.055432770401239395 0.012000000104308128
v 0.033334214240312576 -0.04988817498087883 0.012000000104308128
v 0.04242640733718872 -0.04242640733718872 0.012000000104308128
v 0.04988817498087883 -0.033334214240312576 0.012000000104308128
v 0.055432770401239395 -0.022961005568504333 0.012000000104308128
v 0.05884711816906929 -0.011705419048666954 0.012000000104308128
v 0.05999999865889549 -1.469576190014977e-17 0.012000000104308128
v 0.055407799780368805 0 0.011086554266512394
v 0.05434315279126167 0.010809524916112423 0.011086554266512394
v 0.05119013041257858 0.021203646436333656 0.011086554266512394
v 0.046069901436567307 0.030782923102378845 0.011086554266512394
v 0.039179231971502304 0.039179231971502304 0.011086554266512394
v 0.030782923102378845 0.046069901436567307 0.011086554266512394
v 0.021203646436333656 0.05119013041257858 0.011086554266512394
v 0.010809524916112423 0.05434315279126167 0.011086554266512394
v 3.3927491111964724e-18 0.055407799780368805 0.011086554266512394
v -0.010809524916112423 0.05434315279126167 0.011086554266512394
v -0.021203646436333656 0.05119013041257858 0.011086554266512394
v -0.030782923102378845 0.046069901436567307 0.011086554266512394
v -0.039179231971502304 0.039179231971502304 0.011086554266512394
v -0.046069901436567307 0.030782923102378845 0.011086554266512394
v -0.05119013041257858 0.021203646436333656 0.011086554266512394
v -0.05434315279126167 0.010809524916112423 0.011086554266512394
v -0.055407799780368805 6.785498222392945e-18 0.011086554266512394
v -0.05434315279126167 -0.010809524916112423 0.011086554266512394
v -0.05119013041257858 -0.021203646436333656 0.011086554266512394
v -0.046069901436567307 -0.030782923102378845 0.011086554266512394
v -0.039179231971502304 -0.039179231971502304 0.011086554266512394
v -0.030782923102378845 -0.046069901436567307 0.011086554266512394
v -0.021203646436333656 -0.05119013041257858 0.011086554266512394
v -0.010809524916112423 -0.05434315279126167 0.011086554266512394
v -1.0178247333589417e-17 -0.055407799780368805 0.011086554266512394
v 0.010809524916112423 -0.05434315279126167 0.011086554266512394
v 0.021203646436333656 -0.05119013041257858 0.011086554266512394
v 0.030782923102378845 -0.046069901436567307 0.011086554266512394
v 0.039179231971502304 -0.039179231971502304 0.011086554266512394
v 0.046069901436567307 -0.030782923102378845 0.011086554266512394
v 0.05119013041257858 -0.021203646436333656 0.011086554266512394
v 0.05434315279126167 -0.010809524916112423 0.011086554266512394
v 0.055407799780368805 -1.357099644478589e-17 0.011086554266512394
v 0.05151471868157387 0 0.0084852809086442
v 0.05052487924695015 0.010050022974610329 0.0084852809086442
v 0.04759339243173599 0.019713830202817917 0.0084852809086442
v 0.04283292219042778 0.028620043769478798 0.0084852809086442
v 0.03642640635371208 0.03642640635371208 0.0084852809086442
v 0.028620043769478798 0.04283292219042778 0.0084852809086442
v 0.019713830202817917 0.04759339243173599 0.0084852809086442
v 0.010050022974610329 0.05052487924695015 0.0084852809086442
v 3.1543668255969592e-18 0.05151471868157387 0.0084852809086442
v -0.010050022974610329 0.05052487924695015 0.0084852809086442
v -0.019713830202817917 0.04759339243173599 0.0084852809086442
v -0.028620043769478798 0.04283292219042778 0.0084852809086442
v -0.03642640635371208 0.03642640635371208 0.0084852809086442
v -0.04283292219042778 0.028620043769478798 0.0084852809086442
v -0.04759339243173599 0.019713830202817917 0.0084852809086442
v -0.05052487924695015 0.010050022974610329 0.0084852809086442
v -0.05151471868157387 6.3087336511939185e-18 0.0084852809086442
v -0.05052487924695015 -0.010050022974610329 0.0084852809086442
v -0.04759339243173599 -0.019713830202817917 0.0084852809086442
v -0.04283292219042778 -0.028620043769478798 0.0084852809086442
v -0.03642640635371208 -0.03642640635371208 0.0084852809086442
v -0.028620043769478798 -0.04283292219042778 0.0084852809086442
v -0.019713830202817917 -0.04759339243173599 0.0084852809086442
v -0.010050022974610329 -0.05052487924695015 0.0084852809086442
v -9.463100063200571e-18 -0.05151471868157387 0.0084852809086442
v 0.010050022974610329 -0.05052487924695015 0.0084852809086442
v 0.019713830202817917 -0.04759339243173599 0.0084852809086442
v 0.028620043769478798 -0.04283292219042778 0.0084852809086442
v 0.03642640635371208 -0.03642640635371208 0.0084852809086442
v 0.04283292219042778 -0.028620043769478798 0.0084852809086442
v 0.04759339243173599 -0.019713830202817917 0.0084852809086442
v 0.05052487924695015 -0.010050022974610329 0.0084852809086442
v 0.05151471868157387 -1.2617467302387837e-17 0.0084852809086442
v 0.04891344532370567 0 0.004592201206833124
v 0.04797358810901642 0.009542539715766907 0.004592201206833124
v 0.045190129429101944 0.01871836557984352 0.004592201206833124
v 0.04067004472017288 0.027174854651093483 0.004592201206833124
v 0.03458702936768532 0.03458702936768532 0.004592201206833124
v 0.027174854651093483 0.04067004472017288 0.004592201206833124
v 0.01871836557984352 0.045190129429101944 0.004592201206833124
v 0.009542539715766907 0.04797358810901642 0.004592201206833124
v 2.995084720048595e-18 0.04891344532370567 0.004592201206833124
v -0.009542539715766907 0.04797358810901642 0.004592201206833124
v -0.01871836557984352 0.045190129429101944 0.004592201206833124
v -0.027174854651093483 0.04067004472017288 0.004592201206833124
v -0.03458702936768532 0.03458702936768532 0.004592201206833124
v -0.04067004472017288 0.027174854651093483 0.004592201206833124
v -0.045190129429101944 0.01871836557984352 0.004592201206833124
v -0.04797358810901642 0.009542539715766907 0.004592201206833124
v -0.04891344532370567 5.99016944009719e-18 0.004592201206833124
v -0.04797358810901642 -0.009542539715766907 0.004592201206833124
v -0.045190129429101944 -0.01871836557984352 0.004592201206833124
v -0.04067004472017288 -0.027174854651093483 0.004592201206833124
v -0.03458702936768532 -0.03458702936768532 0.004592201206833124
v -0.027174854651093483 -0.04067004472017288 0.004592201206833124
v -0.01871836557984352 -0.045190129429101944 0.004592201206833124
v -0.009542539715766907 -0.04797358810901642 0.004592201206833124
v -8.985254366940938e-18 -0.04891344532370567 0.004592201206833124
v 0.009542539715766907 -0.04797358810901642 0.004592201206833124
v 0.01871836557984352 -0.045190129429101944 0.004592201206833124
v 0.027174854651093483 -0.04067004472017288 0.004592201206833124
v 0.03458702936768532 -0.03458702936768532 0.004592201206833124
v 0.04067004472017288 -0.027174854651093483 0.004592201206833124
v 0.045190129429101944 -0.01871836557984352 0.004592201206833124
v 0.04797358810901642 -0.009542539715766907 0.004592201206833124
v 0.04891344532370567 -1.198033888019438e-17 0.004592201206833124
v 0.04800000041723251 0 1.4695761072969157e-18
v 0.04707769304513931 0.009364335797727108 1.4695761072969157e-18
v 0.044346217066049576 0.018368804827332497 1.4695761072969157e-18
v 0.039910539984703064 0.02666737139225006 1.4695761072969157e-18
v 0.0339411236345768 0.0339411236345768 1.4695761072969157e-18
v 0.02666737139225006 0.039910539984703064 1.4695761072969157e-18
v 0.018368804827332497 0.044346217066049576 1.4695761072969157e-18
v 0.009364335797727108 0.04707769304513931 1.4695761072969157e-18
v 2.9391522145938313e-18 0.04800000041723251 1.4695761072969157e-18
v -0.009364335797727108 0.04707769304513931 1.4695761072969157e-18
v -0.018368804827332497 0.044346217066049576 1.4695761072969157e-18
v -0.02666737139225006 0.039910539984703064 1.4695761072969157e-18
v -0.0339411236345768 0.0339411236345768 1.4695761072969157e-18
v -0.039910539984703064 0.02666737139225006 1.4695761072969157e-18
v -0.044346217066049576 0.018368804827332497 1.4695761072969157e-18
v -0.04707769304513931 0.009364335797727108 1.4695761072969157e-18
v -0.04800000041723251 5.878304429187663e-18 1.4695761072969157e-18
v -0.04707769304513931 -0.009364335797727108 1.4695761072969157e-18
v -0.044346217066049576 -0.018368804827332497 1.4695761072969157e-18
v -0.039910539984703064 -0.02666737139225006 1.4695761072969157e-18
v -0.0339411236345768 -0.0339411236345768 1.4695761072969157e-18
v -0.02666737139225006 -0.039910539984703064 1.4695761072969157e-18
v -0.018368804827332497 -0.044346217066049576 1.4695761072969157e-18
v -0.009364335797727108 -0.04707769304513931 1.4695761072969157e-18
v -8.817456643781494e-18 -0.04800000041723251 1.4695761072969157e-18
v 0.009364335797727108 -0.04707769304513931 1.4695761072969157e-18
v 0.018368804827332497 -0.044346217066049576 1.4695761072969157e-18
v 0.02666737139225006 -0.039910539984703064 1.4695761072969157e-18
v 0.0339411236345768 -0.0339411236345768 1.4695761072969157e-18
v 0.039910539984703064 -0.02666737139225006 1.4695761072969157e-18
v 0.044346217066049576 -0.018368804827332497 1.4695761072969157e-18
v 0.04707769304513931 -0.009364335797727108 1.4695761072969157e-18
v 0.04800000041723251 -1.1756608858375325e-17 1.4695761072969157e-18
v 0.04891344532370567 0 -0.004592201206833124
v 0.04797358810901642 0.009542539715766907 -0.004592201206833124
v 0.045190129429101944 0.01871836557984352 -0.004592201206833124
v 0.04067004472017288 0.027174854651093483 -0.004592201206833124
v 0.03458702936768532 0.03458702936768532 -0.004592201206833124
v 0.027174854651093483 0.04067004472017288 -0.004592201206833124
v 0.01871836557984352 0.045190129429101944 -0.004592201206833124
v 0.009542539715766907 0.04797358810901642 -0.004592201206833124
v 2.995084720048595e-18 0.04891344532370567 -0.004592201206833124
v -0.009542539715766907 0.04797358810901642 -0.004592201206833124
v -0.01871836557984352 0.045190129429101944 -0.004592201206833124
v -0.027174854651093483 0.04067004472017288 -0.004592201206833124
v -0.03458702936768532 0.03458702936768532 -0.004592201206833124
v -0.04067004472017288 0.027174854651093483 -0.004592201206833124
v -0.045190129429101944 0.01871836557984352 -0.004592201206833124
v -0.04797358810901642 0.009542539715766907 -0.004592201206833124
v -0.04891344532370567 5.99016944009719e-18 -0.004592201206833124
v -0.04797358810901642 -0.009542539715766907 -0.004592201206833124
v -0.045190129429101944 -0.01871836557984352 -0.004592201206833124
v -0.04067004472017288 -0.027174854651093483 -0.004592201206833124
v -0.03458702936768532 -0.03458702936768532 -0.004592201206833124
v -0.027174854651093483 -0.04067004472017288 -0.004592201206833124
v -0.01871836557984352 -0.045190129429101944 -0.004592201206833124
v -0.009542539715766907 -0.04797358810901642 -0.004592201206833124
v -8.985254366940938e-18 -0.04891344532370567 -0.004592201206833124
v 0.009542539715766907 -0.04797358810901642 -0.004592201206833124
v 0.01871836557984352 -0.045190129429101944 -0.004592201206833124
v 0.027174854651093483 -0.04067004472017288 -0.004592201206833124
v 0.03458702936768532 -0.03458702936768532 -0.004592201206833124
v 0.04067004472017288 -0.027174854651093483 -0.004592201206833124
v 0.045190129429101944 -0.01871836557984352 -0.004592201206833124
v 0.04797358810901642 -0.009542539715766907 -0.004592201206833124
v 0.04891344532370567 -1.198033888019438e-17 -0.004592201206833124
v 0.05151471868157387 0 -0.0084852809086442
v 0.05052487924695015 0.010050022974610329 -0.0084852809086442
v 0.04759339243173599 0.019713830202817917 -0.0084852809086442
v 0.04283292219042778 0.028620043769478798 -0.0084852809086442
v 0.03642640635371208 0.03642640635371208 -0.0084852809086442
v 0.028620043769478798 0.04283292219042778 -0.0084852809086442
v 0.019713830202817917 0.04759339243173599 -0.0084852809086442
v 0.010050022974610329 0.05052487924695015 -0.0084852809086442
v 3.1543668255969592e-18 0.05151471868157387 -0.0084852809086442
v -0.010050022974610329 0.05052487924695015 -0.0084852809086442
v -0.019713830202817917 0.04759339243173599 -0.0084852809086442
v -0.028620043769478798 0.04283292219042778 -0.0084852809086442
v -0.03642640635371208 0.03642640635371208 -0.0084852809086442
v -0.04283292219042778 0.028620043769478798 -0.0084852809086442
v -0.04759339243173599 0.019713830202817917 -0.0084852809086442
v -0.05052487924695015 0.010050022974610329 -0.0084852809086442
v -0.05151471868157387 6.3087336511939185e-18 -0.0084852809086442
v -0.05052487924695015 -0.010050022974610329 -0.0084852809086442
v -0.04759339243173599 -0.019713830202817917 -0.0084852809086442
v -0.04283292219042778 -0.028620043769478798 -0.0084852809086442
v -0.03642640635371208 -0.03642640635371208 -0.0084852809086442
v -0.028620043769478798 -0.04283292219042778 -0.0084852809086442
v -0.019713830202817917 -0.04759339243173599 -0.0084852809086442
v -0.010050022974610329 -0.05052487924695015 -0.0084852809086442
v -9.463100063200571e-18 -0.05151471868157387 -0.0084852809086442
v 0.010050022974610329 -0.05052487924695015 -0.0084852809086442
v 0.019713830202817917 -0.04759339243173599 -0.0084852809086442
v 0.028620043769478798 -0.04283292219042778 -0.0084852809086442
v 0.03642640635371208 -0.03642640635371208 -0.0084852809086442
v 0.04283292219042778 -0.028620043769478798 -0.0084852809086442
v 0.04759339243173599 -0.019713830202817917 -0.0084852809086442
v 0.05052487924695015 -0.010050022974610329 -0.0084852809086442
v 0.05151471868157387 -1.2617467302387837e-17 -0.0084852809086442
v 0.055407799780368805 0 -0.011086554266512394
v 0.05434315279126167 0.010809524916112423 -0.011086554266512394
v 0.05119013041257858 0.021203646436333656 -0.011086554266512394
v 0.046069901436567307 0.030782923102378845 -0.011086554266512394
v 0.039179231971502304 0.039179231971502304 -0.011086554266512394
v 0.030782923102378845 0.046069901436567307 -0.011086554266512394
v 0.021203646436333656 0.05119013041257858 -0.011086554266512394
v 0.010809524916112423 0.05434315279126167 -0.011086554266512394
v 3.3927491111964724e-18 0.055407799780368805 -0.011086554266512394
v -0.010809524916112423 0.05434315279126167 -0.011086554266512394
v -0.021203646436333656 0.05119013041257858 -0.011086554266512394
v -0.030782923102378845 0.046069901436567307 -0.011086554266512394
v -0.039179231971502304 0.039179231971502304 -0.011086554266512394
v -0.046069901436567307 0.030782923102378845 -0.011086554266512394
v -0.05119013041257858 0.021203646436333656 -0.011086554266512394
v -0.05434315279126167 0.010809524916112423 -0.011086554266512394
v -0.055407799780368805 6.785498222392945e-18 -0.011086554266512394
v -0.05434315279126167 -0.010809524916112423 -0.011086554266512394
v -0.05119013041257858 -0.021203646436333656 -0.011086554266512394
v -0.046069901436567307 -0.030782923102378845 -0.011086554266512394
v -0.039179231971502304 -0.039179231971502304 -0.011086554266512394
v -0.030782923102378845 -0.046069901436567307 -0.011086554266512394
v -0.021203646436333656 -0.05119013041257858 -0.011086554266512394
v -0.010809524916112423 -0.05434315279126167 -0.011086554266512394
v -1.0178247333589417e-17 -0.055407799780368805 -0.011086554266512394
v 0.010809524916112423 -0.05434315279126167 -0.011086554266512394
v 0.021203646436333656 -0.05119013041257858 -0.011086554266512394
v 0.030782923102378845 -0.046069901436567307 -0.011086554266512394
v 0.039179231971502304 -0.039179231971502304 -0.011086554266512394
v 0.046069901436567307 -0.030782923102378845 -0.011086554266512394
v 0.05119013041257858 -0.021203646436333656 -0.011086554266512394
v 0.05434315279126167 -0.010809524916112423 -0.011086554266512394
v 0.055407799780368805 -1.357099644478589e-17 -0.011086554266512394
v 0.05999999865889549 0 -0.012000000104308128
v 0.05884711816906929 0.011705419048666954 -0.012000000104308128
v 0.055432770401239395 0.022961005568504333 -0.012000000104308128
v 0.04988817498087883 0.033334214240312576 -0.012000000104308128
v 0.04242640733718872 0.04242640733718872 -0.012000000104308128
v 0.033334214240312576 0.04988817498087883 -0.012000000104308128
v 0.022961005568504333 0.055432770401239395 -0.012000000104308128
v 0.011705419048666954 0.05884711816906929 -0.012000000104308128
v 3.673940475037442e-18 0.05999999865889549 -0.012000000104308128
v -0.011705419048666954 0.05884711816906929 -0.012000000104308128
v -0.022961005568504333 0.055432770401239395 -0.012000000104308128
v -0.033334214240312576 0.04988817498087883 -0.012000000104308128
v -0.04242640733718872 0.04242640733718872 -0.012000000104308128
v -0.04988817498087883 0.033334214240312576 -0.012000000104308128
v -0.055432770401239395 0.022961005568504333 -0.012000000104308128
v -0.05884711816906929 0.011705419048666954 -0.012000000104308128
v -0.05999999865889549 7.347880950074885e-18 -0.012000000104308128
v -0.05884711816906929 -0.011705419048666954 -0.012000000104308128
v -0.055432770401239395 -0.022961005568504333 -0.012000000104308128
v -0.04988817498087883 -0.033334214240312576 -0.012000000104308128
v -0.04242640733718872 -0.04242640733718872 -0.012000000104308128
v -0.033334214240312576 -0.04988817498087883 -0.012000000104308128
v -0.022961005568504333 -0.055432770401239395 -0.012000000104308128
v -0.011705419048666954 -0.05884711816906929 -0.012000000104308128
v -1.102182101152202e-17 -0.05999999865889549 -0.012000000104308128
v 0.011705419048666954 -0.05884711816906929 -0.012000000104308128
v 0.022961005568504333 -0.055432770401239395 -0.012000000104308128
v 0.033334214240312576 -0.04988817498087883 -0.012000000104308128
v 0.04242640733718872 -0.04242640733718872 -0.012000000104308128
v 0.04988817498087883 -0.033334214240312576 -0.012000000104308128
v 0.055432770401239395 -0.022961005568504333 -0.012000000104308128
v 0.05884711816906929 -0.011705419048666954 -0.012000000104308128
v 0.05999999865889549 -1.469576190014977e-17 -0.012000000104308128
v 0.06459219753742218 0 -0.011086554266512394
v 0.06335107982158661 0.012601313181221485 -0.011086554266512394
v 0.059675414115190506 0.02471836470067501 -0.011086554266512394
v 0.05370645225048065 0.03588550537824631 -0.011086554266512394
v 0.04567358270287514 0.04567358270287514 -0.011086554266512394
v 0.03588550537824631 0.05370645225048065 -0.011086554266512394
v 0.02471836470067501 0.059675414115190506 -0.011086554266512394
v 0.012601313181221485 0.06335107982158661 -0.011086554266512394
v 3.955131425288106e-18 0.06459219753742218 -0.011086554266512394
v -0.012601313181221485 0.06335107982158661 -0.011086554266512394
v -0.02471836470067501 0.059675414115190506 -0.011086554266512394
v -0.03588550537824631 0.05370645225048065 -0.011086554266512394
v -0.04567358270287514 0.04567358270287514 -0.011086554266512394
v -0.05370645225048065 0.03588550537824631 -0.011086554266512394
v -0.059675414115190506 0.02471836470067501 -0.011086554266512394
v -0.06335107982158661 0.012601313181221485 -0.011086554266512394
v -0.06459219753742218 7.910262850576212e-18 -0.011086554266512394
v -0.06335107982158661 -0.012601313181221485 -0.011086554266512394
v -0.059675414115190506 -0.02471836470067501 -0.011086554266512394
v -0.05370645225048065 -0.03588550537824631 -0.011086554266512394
v -0.04567358270287514 -0.04567358270287514 -0.011086554266512394
v -0.03588550537824631 -0.05370645225048065 -0.011086554266512394
v -0.02471836470067501 -0.059675414115190506 -0.011086554266512394
v -0.012601313181221485 -0.06335107982158661 -0.011086554266512394
v -1.1865394689454624e-17 -0.06459219753742218 -0.011086554266512394
v 0.012601313181221485 -0.06335107982158661 -0.011086554266512394
v 0.02471836470067501 -0.059675414115190506 -0.011086554266512394
v 0.03588550537824631 -0.05370645225048065 -0.011086554266512394
v 0.04567358270287514 -0.04567358270287514 -0.011086554266512394
v 0.05370645225048065 -0.03588550537824631 -0.011086554266512394
v 0.059675414115190506 -0.02471836470067501 -0.011086554266512394
v 0.06335107982158661 -0.012601313181221485 -0.011086554266512394
v 0.06459219753742218 -1.5820525701152424e-17 -0.011086554266512394
v 0.06848528236150742 0 -0.0084852809086442
v 0.06716935336589813 0.013360816054046154 -0.0084852809086442
v 0.0632721483707428 0.0262081827968359 -0.0084852809086442
v 0.05694343149662018 0.038048382848501205 -0.0084852809086442
v 0.04842640832066536 0.04842640832066536 -0.0084852809086442
v 0.038048382848501205 0.05694343149662018 -0.0084852809086442
v 0.0262081827968359 0.0632721483707428 -0.0084852809086442
v 0.013360816054046154 0.06716935336589813 -0.0084852809086442
v 4.193514124477925e-18 0.06848528236150742 -0.0084852809086442
v -0.013360816054046154 0.06716935336589813 -0.0084852809086442
v -0.0262081827968359 0.0632721483707428 -0.0084852809086442
v -0.038048382848501205 0.05694343149662018 -0.0084852809086442
v -0.04842640832066536 0.04842640832066536 -0.0084852809086442
v -0.05694343149662018 0.038048382848501205 -0.0084852809086442
v -0.0632721483707428 0.0262081827968359 -0.0084852809086442
v -0.06716935336589813 0.013360816054046154 -0.0084852809086442
v -0.06848528236150742 8.38702824895585e-18 -0.0084852809086442
v -0.06716935336589813 -0.013360816054046154 -0.0084852809086442
v -0.0632721483707428 -0.0262081827968359 -0.0084852809086442
v -0.05694343149662018 -0.038048382848501205 -0.0084852809086442
v -0.04842640832066536 -0.04842640832066536 -0.0084852809086442
v -0.038048382848501205 -0.05694343149662018 -0.0084852809086442
v -0.0262081827968359 -0.0632721483707428 -0.0084852809086442
v -0.013360816054046154 -0.06716935336589813 -0.0084852809086442
v -1.258054195984347e-17 -0.06848528236150742 -0.0084852809086442
v 0.013360816054046154 -0.06716935336589813 -0.0084852809086442
v 0.0262081827968359 -0.0632721483707428 -0.0084852809086442
v 0.038048382848501205 -0.05694343149662018 -0.0084852809086442
v 0.04842640832066536 -0.04842640832066536 -0.0084852809086442
v 0.05694343149662018 -0.038048382848501205 -0.0084852809086442
v 0.0632721483707428 -0.0262081827968359 -0.0084852809086442
v 0.06716935336589813 -0.013360816054046154 -0.0084852809086442
v 0.06848528236150742 -1.67740564979117e-17 -0.0084852809086442
v 0.07108655571937561 0 -0.004592201206833124
v 0.06972064822912216 0.013868298381567001 -0.004592201206833124
v 0.06567541509866714 0.027203647419810295 -0.004592201206833124
v 0.059106308966875076 0.03949357196688652 -0.004592201206833124
v 0.05026578530669212 0.05026578530669212 -0.004592201206833124
v 0.03949357196688652 0.059106308966875076 -0.004592201206833124
v 0.027203647419810295 0.06567541509866714 -0.004592201206833124
v 0.013868298381567001 0.06972064822912216 -0.004592201206833124
v 4.352796023231136e-18 0.07108655571937561 -0.004592201206833124
v -0.013868298381567001 0.06972064822912216 -0.004592201206833124
v -0.027203647419810295 0.06567541509866714 -0.004592201206833124
v -0.03949357196688652 0.059106308966875076 -0.004592201206833124
v -0.05026578530669212 0.05026578530669212 -0.004592201206833124
v -0.059106308966875076 0.03949357196688652 -0.004592201206833124
v -0.06567541509866714 0.027203647419810295 -0.004592201206833124
v -0.06972064822912216 0.013868298381567001 -0.004592201206833124
v -0.07108655571937561 8.705592046462273e-18 -0.004592201206833124
v -0.06972064822912216 -0.013868298381567001 -0.004592201206833124
v -0.06567541509866714 -0.027203647419810295 -0.004592201206833124
v -0.059106308966875076 -0.03949357196688652 -0.004592201206833124
v -0.05026578530669212 -0.05026578530669212 -0.004592201206833124
v -0.03949357196688652 -0.059106308966875076 -0.004592201206833124
v -0.027203647419810295 -0.06567541509866714 -0.004592201206833124
v -0.013868298381567001 -0.06972064822912216 -0.004592201206833124
v -1.3058388483283715e-17 -0.07108655571937561 -0.004592201206833124
v 0.013868298381567001 -0.06972064822912216 -0.004592201206833124
v 0.027203647419810295 -0.06567541509866714 -0.004592201206833124
v 0.03949357196688652 -0.059106308966875076 -0.004592201206833124
v 0.05026578530669212 -0.05026578530669212 -0.004592201206833124
v 0.059106308966875076 -0.03949357196688652 -0.004592201206833124
v 0.06567541509866714 -0.027203647419810295 -0.004592201206833124
v 0.06972064822912216 -0.013868298381567001 -0.004592201206833124
v 0.07108655571937561 -1.7411184092924546e-17 -0.004592201206833124
v 0.07199999690055847 0 -2.9391522145938313e-18
v 0.07061654329299927 0.014046503230929375 -2.9391522145938313e-18
v 0.06651932746171951 0.02755320630967617 -2.9391522145938313e-18
v 0.059865813702344894 0.04000105708837509 -2.9391522145938313e-18
v 0.050911687314510345 0.050911687314510345 -2.9391522145938313e-18
v 0.04000105708837509 0.059865813702344894 -2.9391522145938313e-18
v 0.02755320630967617 0.06651932746171951 -2.9391522145938313e-18
v 0.014046503230929375 0.07061654329299927 -2.9391522145938313e-18
v 4.408728321890747e-18 0.07199999690055847 -2.9391522145938313e-18
v -0.014046503230929375 0.07061654329299927 -2.9391522145938313e-18
v -0.02755320630967617 0.06651932746171951 -2.9391522145938313e-18
v -0.04000105708837509 0.059865813702344894 -2.9391522145938313e-18
v -0.050911687314510345 0.050911687314510345 -2.9391522145938313e-18
v -0.059865813702344894 0.04000105708837509 -2.9391522145938313e-18
v -0.06651932746171951 0.02755320630967617 -2.9391522145938313e-18
v -0.07061654329299927 0.014046503230929375 -2.9391522145938313e-18
v -0.07199999690055847 8.817456643781494e-18 -2.9391522145938313e-18
v -0.07061654329299927 -0.014046503230929375 -2.9391522145938313e-18
v -0.06651932746171951 -0.02755320630967617 -2.9391522145938313e-18
v -0.059865813702344894 -0.04000105708837509 -2.9391522145938313e-18
v -0.050911687314510345 -0.050911687314510345 -2.9391522145938313e-18
v -0.04000105708837509 -0.059865813702344894 -2.9391522145938313e-18
v -0.02755320630967617 -0.06651932746171951 -2.9391522145938313e-18
v -0.014046503230929375 -0.07061654329299927 -2.9391522145938313e-18
v -1.3226185379262547e-17 -0.07199999690055847 -2.9391522145938313e-18
v 0.014046503230929375 -0.07061654329299927 -2.9391522145938313e-18
v 0.02755320630967617 -0.06651932746171951 -2.9391522145938313e-18
v 0.04000105708837509 -0.059865813702344894 -2.9391522145938313e-18
v 0.050911687314510345 -0.050911687314510345 -2.9391522145938313e-18
v 0.059865813702344894 -0.04000105708837509 -2.9391522145938313e-18
v 0.06651932746171951 -0.02755320630967617 -2.9391522145938313e-18
v 0.07061654329299927 -0.014046503230929375 -2.9391522145938313e-18
v 0.07199999690055847 -1.7634913287562988e-17 -2.9391522145938313e-18
vt 0 0
vt 0.03125 0
vt 0.0625 0
vt 0.09375 0
vt 0.125 0
vt 0.15625 0
vt 0.1875 0
vt 0.21875 0
vt 0.25 0
vt 0.28125 0
vt 0.3125 0
vt 0.34375 0
vt 0.375 0
vt 0.40625 0
vt 0.4375 0
vt 0.46875 0
vt 0.5 0
vt 0.53125 0
vt 0.5625 0
vt 0.59375 0
vt 0.625 0
vt 0.65625 0
vt 0.6875 0
vt 0.71875 0
vt 0.75 0
vt 0.78125 0
vt 0.8125 0
vt 0.84375 0
vt 0.875 0
vt 0.90625 0
vt 0.9375 0
vt 0.96875 0
vt 1 0
vt 0 0.0625
vt 0.03125 0.0625
vt 0.0625 0.0625
vt 0.09375 0.0625
vt 0.125 0.0625
vt 0.15625 0.0625
vt 0.1875 0.0625
vt 0.21875 0.0625
vt 0.25 0.0625
vt 0.28125 0.0625
vt 0.3125 0.0625
vt 0.34375 0.0625
vt 0.375 0.0625
vt 0.40625 0.0625
vt 0.4375 0.0625
vt 0.46875 0.0625
vt 0.5 0.0625
vt 0.53125 0.0625
vt 0.5625 0.0625
vt 0.59375 0.0625
vt 0.625 0.0625
vt 0.65625 0.0625
vt 0.6875 0.0625
vt 0.71875 0.0625
vt 0.75 0.0625
vt 0.78125 0.0625
vt 0.8125 0.0625
vt 0.84375 0.0625
vt 0.875 0.0625
vt 0.90625 0.0625
vt 0.9375 0.0625
vt 0.96875 0.0625
vt 1 0.0625
vt 0 0.125
vt 0.03125 0.125
vt 0.0625 0.125
vt 0.09375 0.125
vt 0.125 0.125
vt 0.15625 0.125
vt 0.1875 0.125
vt 0.21875 0.125
vt 0.25 0.125
vt 0.28125 0.125
vt 0.3125 0.125
vt 0.34375 0.125
vt 0.375 0.125
vt 0.40625 0.125
vt 0.4375 0.125
vt 0.46875 0.125
vt 0.5 0.125
vt 0.53125 0.125
vt 0.5625 0.125
vt 0.59375 0.125
vt 0.625 0.125
vt 0.65625 0.125
vt 0.6875 0.125
vt 0.71875 0.125
vt 0.75 0.125
vt 0.78125 0.125
vt 0.8125 0.125
vt 0.84375 0.125
vt 0.875 0.125
vt 0.90625 0.125
vt 0.9375 0.125
vt 0.96875 0.125
vt 1 0.125
vt 0 0.1875
vt 0.03125 0.1875
vt 0.0625 0.1875
vt 0.09375 0.1875
vt 0.125 0.1875
vt 0.15625 0.1875
vt 0.1875 0.1875
vt 0.21875 0.1875
vt 0.25 0.1875
vt 0.28125 0.1875
vt 0.3125 0.1875
vt 0.34375 0.1875
vt 0.375 0.1875
vt 0.40625 0.1875
vt 0.4375 0.1875
vt 0.46875 0.1875
vt 0.5 0.1875
vt 0.53125 0.1875
vt 0.5625 0.1875
vt 0.59375 0.1875
vt 0.625 0.1875
vt 0.65625 0.1875
vt 0.6875 0.1875
vt 0.71875 0.1875
vt 0.75 0.1875
vt 0.78125 0.1875
vt 0.8125 0.1875
vt 0.84375 0.1875
vt 0.875 0.1875
vt 0.90625 0.1875
vt 0.9375 0.1875
vt 0.96875 0.1875
vt 1 0.1875
vt 0 0.25
vt 0.03125 0.25
vt 0.0625 0.25
vt 0.09375 0.25
vt 0.125 0.25
vt 0.15625 0.25
vt 0.1875 0.25
vt 0.21875 0.25
vt 0.25 0.25
vt 0.28125 0.25
vt 0.3125 0.25
vt 0.34375 0.25
vt 0.375 0.25
vt 0.40625 0.25
vt 0.4375 0.25
vt 0.46875 0.25
vt 0.5 0.25
vt 0.53125 0.25
vt 0.5625 0.25
vt 0.59375 0.25
vt 0.625 0.25
vt 0.65625 0.25
vt 0.6875 0.25
vt 0.71875 0.25
vt 0.75 0.25
vt 0.78125 0.25
vt 0.8125 0.25
vt 0.84375 0.25
vt 0.875 0.25
vt 0.90625 0.25
vt 0.9375 0.25
vt 0.96875 0.25
vt 1 0.25
vt 0 0.3125
vt 0.03125 0.3125
vt 0.0625 0.3125
vt 0.09375 0.3125
vt 0.125 0.3125
vt 0.15625 0.3125
vt 0.1875 0.3125
vt 0.21875 0.3125
vt 0.25 0.3125
vt 0.28125 0.3125
vt 0.3125 0.3125
vt 0.34375 0.3125
vt 0.375 0.3125
vt 0.40625 0.3125
vt 0.4375 0.3125
vt 0.46875 0.3125
vt 0.5 0.3125
vt 0.53125 0.3125
vt 0.5625 0.3125
vt 0.59375 0.3125
vt 0.625 0.3125
vt 0.65625 0.3125
vt 0.6875 0.3125
vt 0.71875 0.3125
vt 0.75 0.3125
vt 0.78125 0.3125
vt 0.8125 0.3125
vt 0.84375 0.3125
vt 0.875 0.3125
vt 0.90625 0.3125
vt 0.9375 0.3125
vt 0.96875 0.3125
vt 1 0.3125
vt 0 0.375
vt 0.03125 0.375
vt 0.0625 0.375
vt 0.09375 0.375
vt 0.125 0.375
vt 0.15625 0.375
vt 0.1875 0.375
vt 0.21875 0.375
vt 0.25 0.375
vt 0.28125 0.375
vt 0.3125 0.375
vt 0.34375 0.375
vt 0.375 0.375
vt 0.40625 0.375
vt 0.4375 0.375
vt 0.46875 0.375
vt 0.5 0.375
vt 0.53125 0.375
vt 0.5625 0.375
vt 0.59375 0.375
vt 0.625 0.375
vt 0.65625 0.375
vt 0.6875 0.375
vt 0.71875 0.375
vt 0.75 0.375
vt 0.78125 0.375
vt 0.8125 0.375
vt 0.84375 0.375
vt 0.875 0.375
vt 0.90625 0.375
vt 0.9375 0.375
vt 0.96875 0.375
vt 1 0.375
vt 0 0.4375
vt 0.03125 0.4375
vt 0.0625 0.4375
vt 0.09375 0.4375
vt 0.125 0.4375
vt 0.15625 0.4375
vt 0.1875 0.4375
vt 0.21875 0.4375
vt 0.25 0.4375
vt 0.28125 0.4375
vt 0.3125 0.4375
vt 0.34375 0.4375
vt 0.375 0.4375
vt 0.40625 0.4375
vt 0.4375 0.4375
vt 0.46875 0.4375
vt 0.5 0.4375
vt 0.53125 0.4375
vt 0.5625 0.4375
vt 0.59375 0.4375
vt 0.625 0.4375
vt 0.65625 0.4375
vt 0.6875 0.4375
vt 0.71875 0.4375
vt 0.75 0.4375
vt 0.78125 0.4375
vt 0.8125 0.4375
vt 0.84375 0.4375
vt 0.875 0.4375
vt 0.90625 0.4375
vt 0.9375 0.4375
vt 0.96875 0.4375
vt 1 0.4375
vt 0 0.5
vt 0.03125 0.5
vt 0.0625 0.5
vt 0.09375 0.5
vt 0.125 0.5
vt 0.15625 0.5
vt 0.1875 0.5
vt 0.21875 0.5
vt 0.25 0.5
vt 0.28125 0.5
vt 0.3125 0.5
vt 0.34375 0.5
vt 0.375 0.5
vt 0.40625 0.5
vt 0.4375 0.5
vt 0.46875 0.5
vt 0.5 0.5
vt 0.53125 0.5
vt 0.5625 0.5
vt 0.59375 0.5
vt 0.625 0.5
vt 0.65625 0.5
vt 0.6875 0.5
vt 0.71875 0.5
vt 0.75 0.5
vt 0.78125 0.5
vt 0.8125 0.5
vt 0.84375 0.5
vt 0.875 0.5
vt 0.90625 0.5
vt 0.9375 0.5
vt 0.96875 0.5
vt 1 0.5
vt 0 0.5625
vt 0.03125 0.5625
vt 0.0625 0.5625
vt 0.09375 0.5625
vt 0.125 0.5625
vt 0.15625 0.5625
vt 0.1875 0.5625
vt 0.21875 0.5625
vt 0.25 0.5625
vt 0.28125 0.5625
vt 0.3125 0.5625
vt 0.34375 0.5625
vt 0.375 0.5625
vt 0.40625 0.5625
vt 0.4375 0.5625
vt 0.46875 0.5625
vt 0.5 0.5625
vt 0.53125 0.5625
vt 0.5625 0.5625
vt 0.59375 0.5625
vt 0.625 0.5625
vt 0.65625 0.5625
vt 0.6875 0.5625
vt 0.71875 0.5625
vt 0.75 0.5625
vt 0.78125 0.5625
vt 0.8125 0.5625
vt 0.84375 0.5625
vt 0.875 0.5625
vt 0.90625 0.5625
vt 0.9375 0.5625
vt 0.96875 0.5625
vt 1 0.5625
vt 0 0.625
vt 0.03125 0.625
vt 0.0625 0.625
vt 0.09375 0.625
vt 0.125 0.625
vt 0.15625 0.625
vt 0.1875 0.625
vt 0.21875 0.625
vt 0.25 0.625
vt 0.28125 0.625
vt 0.3125 0.625
vt 0.34375 0.625
vt 0.375 0.625
vt 0.40625 0.625
vt 0.4375 0.625
vt 0.46875 0.625
vt 0.5 0.625
vt 0.53125 0.625
vt 0.5625 0.625
vt 0.59375 0.625
vt 0.625 0.625
vt 0.65625 0.625
vt 0.6875 0.625
vt 0.71875 0.625
vt 0.75 0.625
vt 0.78125 0.625
vt 0.8125 0.625
vt 0.84375 0.625
vt 0.875 0.625
vt 0.90625 0.625
vt 0.9375 0.625
vt 0.96875 0.625
vt 1 0.625
vt 0 0.6875
vt 0.03125 0.6875
vt 0.0625 0.6875
vt 0.09375 0.6875
vt 0.125 0.6875
vt 0.15625 0.6875
vt 0.1875 0.6875
vt 0.21875 0.6875
vt 0.25 0.6875
vt 0.28125 0.6875
vt 0.3125 0.6875
vt 0.34375 0.6875
vt 0.375 0.6875
vt 0.40625 0.6875
vt 0.4375 0.6875
vt 0.46875 0.6875
vt 0.5 0.6875
vt 0.53125 0.6875
vt 0.5625 0.6875
vt 0.59375 0.6875
vt 0.625 0.6875
vt 0.65625 0.6875
vt 0.6875 0.6875
vt 0.71875 0.6875
vt 0.75 0.6875
vt 0.78125 0.6875
vt 0.8125 0.6875
vt 0.84375 0.6875
vt 0.875 0.6875
vt 0.90625 0.6875
vt 0.9375 0.6875
vt 0.96875 0.6875
vt 1 0.6875
vt 0 0.75
vt 0.03125 0.75
vt 0.0625 0.75
vt 0.09375 0.75
vt 0.125 0.75
vt 0.15625 0.75
vt 0.1875 0.75
vt 0.21875 0.75
vt 0.25 0.75
vt 0.28125 0.75
vt 0.3125 0.75
vt 0.34375 0.75
vt 0.375 0.75
vt 0.40625 0.75
vt 0.4375 0.75
vt 0.46875 0.75
vt 0.5 0.75
vt 0.53125 0.75
vt 0.5625 0.75
vt 0.59375 0.75
vt 0.625 0.75
vt 0.65625 0.75
vt 0.6875 0.75
vt 0.71875 0.75
vt 0.75 0.75
vt 0.78125 0.75
vt 0.8125 0.75
vt 0.84375 0.75
vt 0.875 0.75
vt 0.90625 0.75
vt 0.9375 0.75
vt 0.96875 0.75
vt 1 0.75
vt 0 0.8125
vt 0.03125 0.8125
vt 0.0625 0.8125
vt 0.09375 0.8125
vt 0.125 0.8125
vt 0.15625 0.8125
vt 0.1875 0.8125
vt 0.21875 0.8125
vt 0.25 0.8125
vt 0.28125 0.8125
vt 0.3125 0.8125
vt 0.34375 0.8125
vt 0.375 0.8125
vt 0.40625 0.8125
vt 0.4375 0.8125
vt 0.46875 0.8125
vt 0.5 0.8125
vt 0.53125 0.8125
vt 0.5625 0.8125
vt 0.59375 0.8125
vt 0.625 0.8125
vt 0.65625 0.8125
vt 0.6875 0.8125
vt 0.71875 0.8125
vt 0.75 0.8125
vt 0.78125 0.8125
vt 0.8125 0.8125
vt 0.84375 0.8125
vt 0.875 0.8125
vt 0.90625 0.8125
vt 0.9375 0.8125
vt 0.96875 0.8125
vt 1 0.8125
vt 0 0.875
vt 0.03125 0.875
vt 0.0625 0.875
vt 0.09375 0.875
vt 0.125 0.875
vt 0.15625 0.875
vt 0.1875 0.875
vt 0.21875 0.875
vt 0.25 0.875
vt 0.28125 0.875
vt 0.3125 0.875
vt 0.34375 0.875
vt 0.375 0.875
vt 0.40625 0.875
vt 0.4375 0.875
vt 0.46875 0.875
vt 0.5 0.875
vt 0.53125 0.875
vt 0.5625 0.875
vt 0.59375 0.875
vt 0.625 0.875
vt 0.65625 0.875
vt 0.6875 0.875
vt 0.71875 0.875
vt 0.75 0.875
vt 0.78125 0.875
vt 0.8125 0.875
vt 0.84375 0.875
vt 0.875 0.875
vt 0.90625 0.875
vt 0.9375 0.875
vt 0.96875 0.875
vt 1 0.875
vt 0 0.9375
vt 0.03125 0.9375
vt 0.0625 0.9375
vt 0.09375 0.9375
vt 0.125 0.9375
vt 0.15625 0.9375
vt 0.1875 0.9375
vt 0.21875 0.9375
vt 0.25 0.9375
vt 0.28125 0.9375
vt 0.3125 0.9375
vt 0.34375 0.9375
vt 0.375 0.9375
vt 0.40625 0.9375
vt 0.4375 0.9375
vt 0.46875 0.9375
vt 0.5 0.9375
vt 0.53125 0.9375
vt 0.5625 0.9375
vt 0.59375 0.9375
vt 0.625 0.9375
vt 0.65625 0.9375
vt 0.6875 0.9375
vt 0.71875 0.9375
vt 0.75 0.9375
vt 0.78125 0.9375
vt 0.8125 0.9375
vt 0.84375 0.9375
vt 0.875 0.9375
vt 0.90625 0.9375
vt 0.9375 0.9375
vt 0.96875 0.9375
vt 1 0.9375
vt 0 1
vt 0.03125 1
vt 0.0625 1
vt 0.09375 1
vt 0.125 1
vt 0.15625 1
vt 0.1875 1
vt 0.21875 1
vt 0.25 1
vt 0.28125 1
vt 0.3125 1
vt 0.34375 1
vt 0.375 1
vt 0.40625 1
vt 0.4375 1
vt 0.46875 1
vt 0.5 1
vt 0.53125 1
vt 0.5625 1
vt 0.59375 1
vt 0.625 1
vt 0.65625 1
vt 0.6875 1
vt 0.71875 1
vt 0.75 1
vt 0.78125 1
vt 0.8125 1
vt 0.84375 1
vt 0.875 1
vt 0.90625 1
vt 0.9375 1
vt 0.96875 1
vt 1 1
vn 1 0 0
vn 0.9807852789517083 0.19509032931342324 0
vn 0.9238795305660377 0.3826834370613369 0
vn 0.8314696016585884 0.555570248949409 0
vn 0.7071067811865476 0.7071067811865476 0
vn 0.555570248949409 0.8314696016585884 0
vn 0.3826834370613369 0.9238795305660377 0
vn 0.19509032931342324 0.9807852789517083 0
vn 6.123234262925839e-17 1 0
vn -0.19509032931342324 0.9807852789517083 0
vn -0.3826834370613369 0.9238795305660377 0
vn -0.555570248949409 0.8314696016585884 0
vn -0.7071067811865476 0.7071067811865476 0
vn -0.8314696016585884 0.555570248949409 0
vn -0.9238795305660377 0.3826834370613369 0
vn -0.9807852789517083 0.19509032931342324 0
vn -1 1.2246468525851679e-16 0
vn -0.9807852789517083 -0.19509032931342324 0
vn -0.9238795305660377 -0.3826834370613369 0
vn -0.8314696016585884 -0.555570248949409 0
vn -0.7071067811865476 -0.7071067811865476 0
vn -0.555570248949409 -0.8314696016585884 0
vn -0.3826834370613369 -0.9238795305660377 0
vn -0.19509032931342324 -0.9807852789517083 0
vn -1.8369701465288538e-16 -1 0
vn 0.19509032931342324 -0.9807852789517083 0
vn 0.3826834370613369 -0.9238795305660377 0
vn 0.555570248949409 -0.8314696016585884 0
vn 0.7071067811865476 -0.7071067811865476 0
vn 0.8314696016585884 -0.555570248949409 0
vn 0.9238795305660377 -0.3826834370613369 0
vn 0.9807852789517083 -0.19509032931342324 0
vn 1 -2.4492937051703357e-16 0
vn 0.9238795305660377 0 0.3826834370613369
vn 0.9061274488488158 0.18023995975530888 0.3826834244517805
vn 0.8535534008993343 0.35355337897317635 0.3826834201135841
vn 0.7681777519791022 0.5132799773021396 0.38268342826028917
vn 0.653281488012237 0.653281488012237 0.38268341333409667
vn 0.5132799773021396 0.7681777519791022 0.38268342826028917
vn 0.35355337897317635 0.8535534008993343 0.3826834201135841
vn 0.18023995975530888 0.9061274488488158 0.3826834244517805
vn 5.657130722319695e-17 0.9238795305660377 0.3826834370613369
vn -0.18023995975530888 0.9061274488488158 0.3826834244517805
vn -0.35355337897317635 0.8535534008993343 0.3826834201135841
vn -0.5132799773021396 0.7681777519791022 0.38268342826028917
vn -0.653281488012237 0.653281488012237 0.38268341333409667
vn -0.7681777519791022 0.5132799773021396 0.38268342826028917
vn -0.8535534008993343 0.35355337897317635 0.3826834201135841
vn -0.9061274488488158 0.18023995975530888 0.3826834244517805
vn -0.9238795305660377 1.131426144463939e-16 0.3826834370613369
vn -0.9061274488488158 -0.18023995975530888 0.3826834244517805
vn -0.8535534008993343 -0.35355337897317635 0.3826834201135841
vn -0.7681777519791022 -0.5132799773021396 0.38268342826028917
vn -0.653281488012237 -0.653281488012237 0.38268341333409667
vn -0.5132799773021396 -0.7681777519791022 0.38268342826028917
vn -0.35355337897317635 -0.8535534008993343 0.3826834201135841
vn -0.18023995975530888 -0.9061274488488158 0.3826834244517805
vn -1.6971392166959086e-16 -0.9238795305660377 0.3826834370613369
vn 0.18023995975530888 -0.9061274488488158 0.3826834244517805
vn 0.35355337897317635 -0.8535534008993343 0.3826834201135841
vn 0.5132799773021396 -0.7681777519791022 0.38268342826028917
vn 0.653281488012237 -0.653281488012237 0.38268341333409667
vn 0.7681777519791022 -0.5132799773021396 0.38268342826028917
vn 0.8535534008993343 -0.35355337897317635 0.3826834201135841
vn 0.9061274488488158 -0.18023995975530888 0.3826834244517805
vn 0.9238795305660377 -2.262852288927878e-16 0.3826834370613369
vn 0.7071067811865476 0 0.7071067811865476
vn 0.6935199426845902 0.13794968878491518 0.7071067617148827
vn 0.6532815030743456 0.2705980511147485 0.7071067617226012
vn 0.5879377874929517 0.39284748855870727 0.7071067873885877
vn 0.5000000042785677 0.5000000042785677 0.7071067751357388
vn 0.39284748855870727 0.5879377874929517 0.7071067873885877
vn 0.2705980511147485 0.6532815030743456 0.7071067617226012
vn 0.13794968878491518 0.6935199426845902 0.7071067617148827
vn 4.329780375814312e-17 0.7071067811865476 0.7071067811865476
vn -0.13794968878491518 0.6935199426845902 0.7071067617148827
vn -0.2705980511147485 0.6532815030743456 0.7071067617226012
vn -0.39284748855870727 0.5879377874929517 0.7071067873885877
vn -0.5000000042785677 0.5000000042785677 0.7071067751357388
vn -0.5879377874929517 0.39284748855870727 0.7071067873885877
vn -0.6532815030743456 0.2705980511147485 0.7071067617226012
vn -0.6935199426845902 0.13794968878491518 0.7071067617148827
vn -0.7071067811865476 8.659560751628624e-17 0.7071067811865476
vn -0.6935199426845902 -0.13794968878491518 0.7071067617148827
vn -0.6532815030743456 -0.2705980511147485 0.7071067617226012
vn -0.5879377874929517 -0.39284748855870727 0.7071067873885877
vn -0.5000000042785677 -0.5000000042785677 0.7071067751357388
vn -0.39284748855870727 -0.5879377874929517 0.7071067873885877
vn -0.2705980511147485 -0.6532815030743456 0.7071067617226012
vn -0.13794968878491518 -0.6935199426845902 0.7071067617148827
vn -1.2989340465698435e-16 -0.7071067811865476 0.7071067811865476
vn 0.13794968878491518 -0.6935199426845902 0.7071067617148827
vn 0.2705980511147485 -0.6532815030743456 0.7071067617226012
vn 0.39284748855870727 -0.5879377874929517 0.7071067873885877
vn 0.5000000042785677 -0.5000000042785677 0.7071067751357388
vn 0.5879377874929517 -0.39284748855870727 0.7071067873885877
vn 0.6532815030743456 -0.2705980511147485 0.7071067617226012
vn 0.6935199426845902 -0.13794968878491518 0.7071067617148827
vn 0.7071067811865476 -1.7319121503257247e-16 0.7071067811865476
vn 0.3826834370613369 0 0.9238795305660377
vn 0.37533028027663956 0.07465783724240778 0.9238795311325744
vn 0.3535533942319051 0.14644661947103244 0.9238795295235227
vn 0.3181896589214118 0.21260752328240298 0.9238795278602066
vn 0.2705980604439119 0.2705980604439119 0.9238795264362049
vn 0.21260752328240298 0.3181896589214118 0.9238795278602066
vn 0.14644661947103244 0.3535533942319051 0.9238795295235227
vn 0.07465783724240778 0.37533028027663956 0.9238795311325744
vn 2.3432603017245014e-17 0.3826834370613369 0.9238795305660377
vn -0.07465783724240778 0.37533028027663956 0.9238795311325744
vn -0.14644661947103244 0.3535533942319051 0.9238795295235227
vn -0.21260752328240298 0.3181896589214118 0.9238795278602066
vn -0.2705980604439119 0.2705980604439119 0.9238795264362049
vn -0.3181896589214118 0.21260752328240298 0.9238795278602066
vn -0.3535533942319051 0.14644661947103244 0.9238795295235227
vn -0.37533028027663956 0.07465783724240778 0.9238795311325744
vn -0.3826834370613369 4.686520603449003e-17 0.9238795305660377
vn -0.37533028027663956 -0.07465783724240778 0.9238795311325744
vn -0.3535533942319051 -0.14644661947103244 0.9238795295235227
vn -0.3181896589214118 -0.21260752328240298 0.9238795278602066
vn -0.2705980604439119 -0.2705980604439119 0.9238795264362049
vn -0.21260752328240298 -0.3181896589214118 0.9238795278602066
vn -0.14644661947103244 -0.3535533942319051 0.9238795295235227
vn -0.07465783724240778 -0.37533028027663956 0.9238795311325744
vn -7.029780739737377e-17 -0.3826834370613369 0.9238795305660377
vn 0.07465783724240778 -0.37533028027663956 0.9238795311325744
vn 0.14644661947103244 -0.3535533942319051 0.9238795295235227
vn 0.21260752328240298 -0.3181896589214118 0.9238795278602066
vn 0.2705980604439119 -0.2705980604439119 0.9238795264362049
vn 0.3181896589214118 -0.21260752328240298 0.9238795278602066
vn 0.3535533942319051 -0.14644661947103244 0.9238795295235227
vn 0.37533028027663956 -0.07465783724240778 0.9238795311325744
vn 0.3826834370613369 -9.373041206898005e-17 0.9238795305660377
vn 0 0 1
vn 0 0 1
vn 0 0 1
vn 0 0 1
vn 0 0 1
vn 0 0 1
vn 0 0 1
vn 0 0 1
vn 0 0 1
vn 0 0 1
vn 0 0 1
vn 0 0 1
vn 0 0 1
vn 0 0 1
vn 0 0 1
vn 0 0 1
vn 0 0 1
vn 0 0 1
vn 0 0 1
vn 0 0 1
vn 0 0 1
vn 0 0 1
vn 0 0 1
vn 0 0 1
vn 0 0 1
vn 0 0 1
vn 0 0 1
vn 0 0 1
vn 0 0 1
vn 0 0 1
vn 0 0 1
vn 0 0 1
vn 0 0 1
vn -0.3826834370613369 0 0.9238795305660377
vn -0.37533028027663956 -0.07465783724240778 0.9238795311325744
vn -0.3535533942319051 -0.14644661947103244 0.9238795295235227
vn -0.3181896589214118 -0.21260752328240298 0.9238795278602066
vn -0.2705980604439119 -0.2705980604439119 0.9238795264362049
vn -0.21260752328240298 -0.3181896589214118 0.9238795278602066
vn -0.14644661947103244 -0.3535533942319051 0.9238795295235227
vn -0.07465783724240778 -0.37533028027663956 0.9238795311325744
vn -2.3432603017245014e-17 -0.3826834370613369 0.9238795305660377
vn 0.07465783724240778 -0.37533028027663956 0.9238795311325744
vn 0.14644661947103244 -0.3535533942319051 0.9238795295235227
vn 0.21260752328240298 -0.3181896589214118 0.9238795278602066
vn 0.2705980604439119 -0.2705980604439119 0.9238795264362049
vn 0.3181896589214118 -0.21260752328240298 0.9238795278602066
vn 0.3535533942319051 -0.14644661947103244 0.9238795295235227
vn 0.37533028027663956 -0.07465783724240778 0.9238795311325744
vn 0.3826834370613369 -4.686520603449003e-17 0.9238795305660377
vn 0.37533028027663956 0.07465783724240778 0.9238795311325744
vn 0.3535533942319051 0.14644661947103244 0.9238795295235227
vn 0.3181896589214118 0.21260752328240298 0.9238795278602066
vn 0.2705980604439119 0.2705980604439119 0.9238795264362049
vn 0.21260752328240298 0.3181896589214118 0.9238795278602066
vn 0.14644661947103244 0.3535533942319051 0.9238795295235227
vn 0.07465783724240778 0.37533028027663956 0.9238795311325744
vn 7.029780739737377e-17 0.3826834370613369 0.9238795305660377
vn -0.07465783724240778 0.37533028027663956 0.9238795311325744
vn -0.14644661947103244 0.3535533942319051 0.9238795295235227
vn -0.21260752328240298 0.3181896589214118 0.9238795278602066
vn -0.2705980604439119 0.2705980604439119 0.9238795264362049
vn -0.3181896589214118 0.21260752328240298 0.9238795278602066
vn -0.3535533942319051 0.14644661947103244 0.9238795295235227
vn -0.37533028027663956 0.07465783724240778 0.9238795311325744
vn -0.3826834370613369 9.373041206898005e-17 0.9238795305660377
vn -0.7071067811865476 0 0.7071067811865476
vn -0.6935199426845902 -0.13794968878491518 0.7071067617148827
vn -0.6532815030743456 -0.2705980511147485 0.7071067617226012
vn -0.5879377874929517 -0.39284748855870727 0.7071067873885877
vn -0.5000000042785677 -0.5000000042785677 0.7071067751357388
vn -0.39284748855870727 -0.5879377874929517 0.7071067873885877
vn -0.2705980511147485 -0.6532815030743456 0.7071067617226012
vn -0.13794968878491518 -0.6935199426845902 0.7071067617148827
vn -4.329780375814312e-17 -0.7071067811865476 0.7071067811865476
vn 0.13794968878491518 -0.6935199426845902 0.7071067617148827
vn 0.2705980511147485 -0.6532815030743456 0.7071067617226012
vn 0.39284748855870727 -0.5879377874929517 0.7071067873885877
vn 0.5000000042785677 -0.5000000042785677 0.7071067751357388
vn 0.5879377874929517 -0.39284748855870727 0.7071067873885877
vn 0.6532815030743456 -0.2705980511147485 0.7071067617226012
vn 0.6935199426845902 -0.13794968878491518 0.7071067617148827
vn 0.7071067811865476 -8.659560751628624e-17 0.7071067811865476
vn 0.6935199426845902 0.13794968878491518 0.7071067617148827
vn 0.6532815030743456 0.2705980511147485 0.7071067617226012
vn 0.5879377874929517 0.39284748855870727 0.7071067873885877
vn 0.5000000042785677 0.5000000042785677 0.7071067751357388
vn 0.39284748855870727 0.5879377874929517 0.7071067873885877
vn 0.2705980511147485 0.6532815030743456 0.7071067617226012
vn 0.13794968878491518 0.6935199426845902 0.7071067617148827
vn 1.2989340465698435e-16 0.7071067811865476 0.7071067811865476
vn -0.13794968878491518 0.6935199426845902 0.7071067617148827
vn -0.2705980511147485 0.6532815030743456 0.7071067617226012
vn -0.39284748855870727 0.5879377874929517 0.7071067873885877
vn -0.5000000042785677 0.5000000042785677 0.7071067751357388
vn -0.5879377874929517 0.39284748855870727 0.7071067873885877
vn -0.6532815030743456 0.2705980511147485 0.7071067617226012
vn -0.6935199426845902 0.13794968878491518 0.7071067617148827
vn -0.7071067811865476 1.7319121503257247e-16 0.7071067811865476
vn -0.9238795305660377 0 0.3826834370613369
vn -0.9061274488488158 -0.18023995975530888 0.3826834244517805
vn -0.8535534008993343 -0.35355337897317635 0.3826834201135841
vn -0.7681777519791022 -0.5132799773021396 0.38268342826028917
vn -0.653281488012237 -0.653281488012237 0.38268341333409667
vn -0.5132799773021396 -0.7681777519791022 0.38268342826028917
vn -0.35355337897317635 -0.8535534008993343 0.3826834201135841
vn -0.18023995975530888 -0.9061274488488158 0.3826834244517805
vn -5.657130722319695e-17 -0.9238795305660377 0.3826834370613369
vn 0.18023995975530888 -0.9061274488488158 0.3826834244517805
vn 0.35355337897317635 -0.8535534008993343 0.3826834201135841
vn 0.5132799773021396 -0.7681777519791022 0.38268342826028917
vn 0.653281488012237 -0.653281488012237 0.38268341333409667
vn 0.7681777519791022 -0.5132799773021396 0.38268342826028917
vn 0.8535534008993343 -0.35355337897317635 0.3826834201135841
vn 0.9061274488488158 -0.18023995975530888 0.3826834244517805
vn 0.9238795305660377 -1.131426144463939e-16 0.3826834370613369
vn 0.9061274488488158 0.18023995975530888 0.3826834244517805
vn 0.8535534008993343 0.35355337897317635 0.3826834201135841
vn 0.7681777519791022 0.5132799773021396 0.38268342826028917
vn 0.653281488012237 0.653281488012237 0.38268341333409667
vn 0.5132799773021396 0.7681777519791022 0.38268342826028917
vn 0.35355337897317635 0.8535534008993343 0.3826834201135841
vn 0.18023995975530888 0.9061274488488158 0.3826834244517805
vn 1.6971392166959086e-16 0.9238795305660377 0.3826834370613369
vn -0.18023995975530888 0.9061274488488158 0.3826834244517805
vn -0.35355337897317635 0.8535534008993343 0.3826834201135841
vn -0.5132799773021396 0.7681777519791022 0.38268342826028917
vn -0.653281488012237 0.653281488012237 0.38268341333409667
vn -0.7681777519791022 0.5132799773021396 0.38268342826028917
vn -0.8535534008993343 0.35355337897317635 0.3826834201135841
vn -0.9061274488488158 0.18023995975530888 0.3826834244517805
vn -0.9238795305660377 2.262852288927878e-16 0.3826834370613369
vn -1 0 1.2246468525851679e-16
vn -0.9807852789517083 -0.19509032931342324 1.2246468879066106e-16
vn -0.9238795305660377 -0.3826834370613369 1.2246468875295903e-16
vn -0.8314696016585884 -0.555570248949409 1.2246468617557101e-16
vn -0.7071067811865476 -0.7071067811865476 1.2246468735441063e-16
vn -0.555570248949409 -0.8314696016585884 1.2246468617557101e-16
vn -0.3826834370613369 -0.9238795305660377 1.2246468875295903e-16
vn -0.19509032931342324 -0.9807852789517083 1.2246468879066106e-16
vn -6.123234262925839e-17 -1 1.2246468525851679e-16
vn 0.19509032931342324 -0.9807852789517083 1.2246468879066106e-16
vn 0.3826834370613369 -0.9238795305660377 1.2246468875295903e-16
vn 0.555570248949409 -0.8314696016585884 1.2246468617557101e-16
vn 0.7071067811865476 -0.7071067811865476 1.2246468735441063e-16
vn 0.8314696016585884 -0.555570248949409 1.2246468617557101e-16
vn 0.9238795305660377 -0.3826834370613369 1.2246468875295903e-16
vn 0.9807852789517083 -0.19509032931342324 1.2246468879066106e-16
vn 1 -1.2246468525851679e-16 1.2246468525851679e-16
vn 0.9807852789517083 0.19509032931342324 1.2246468879066106e-16
vn 0.9238795305660377 0.3826834370613369 1.2246468875295903e-16
vn 0.8314696016585884 0.555570248949409 1.2246468617557101e-16
vn 0.7071067811865476 0.7071067811865476 1.2246468735441063e-16
vn 0.555570248949409 0.8314696016585884 1.2246468617557101e-16
vn 0.3826834370613369 0.9238795305660377 1.2246468875295903e-16
vn 0.19509032931342324 0.9807852789517083 1.2246468879066106e-16
vn 1.8369701465288538e-16 1 1.2246468525851679e-16
vn -0.19509032931342324 0.9807852789517083 1.2246468879066106e-16
vn -0.3826834370613369 0.9238795305660377 1.2246468875295903e-16
vn -0.555570248949409 0.8314696016585884 1.2246468617557101e-16
vn -0.7071067811865476 0.7071067811865476 1.2246468735441063e-16
vn -0.8314696016585884 0.555570248949409 1.2246468617557101e-16
vn -0.9238795305660377 0.3826834370613369 1.2246468875295903e-16
vn -0.9807852789517083 0.19509032931342324 1.2246468879066106e-16
vn -1 2.4492937051703357e-16 1.2246468525851679e-16
vn -0.9238795305660377 0 -0.3826834370613369
vn -0.9061274488488158 -0.18023995975530888 -0.3826834244517805
vn -0.8535534008993343 -0.35355337897317635 -0.3826834201135841
vn -0.7681777519791022 -0.5132799773021396 -0.38268342826028917
vn -0.653281488012237 -0.653281488012237 -0.38268341333409667
vn -0.5132799773021396 -0.7681777519791022 -0.38268342826028917
vn -0.35355337897317635 -0.8535534008993343 -0.3826834201135841
vn -0.18023995975530888 -0.9061274488488158 -0.3826834244517805
vn -5.657130722319695e-17 -0.9238795305660377 -0.3826834370613369
vn 0.18023995975530888 -0.9061274488488158 -0.3826834244517805
vn 0.35355337897317635 -0.8535534008993343 -0.3826834201135841
vn 0.5132799773021396 -0.7681777519791022 -0.38268342826028917
vn 0.653281488012237 -0.653281488012237 -0.38268341333409667
vn 0.7681777519791022 -0.5132799773021396 -0.38268342826028917
vn 0.8535534008993343 -0.35355337897317635 -0.3826834201135841
vn 0.9061274488488158 -0.18023995975530888 -0.3826834244517805
vn 0.9238795305660377 -1.131426144463939e-16 -0.3826834370613369
vn 0.9061274488488158 0.18023995975530888 -0.3826834244517805
vn 0.8535534008993343 0.35355337897317635 -0.3826834201135841
vn 0.7681777519791022 0.5132799773021396 -0.38268342826028917
vn 0.653281488012237 0.653281488012237 -0.38268341333409667
vn 0.5132799773021396 0.7681777519791022 -0.38268342826028917
vn 0.35355337897317635 0.8535534008993343 -0.3826834201135841
vn 0.18023995975530888 0.9061274488488158 -0.3826834244517805
vn 1.6971392166959086e-16 0.9238795305660377 -0.3826834370613369
vn -0.18023995975530888 0.9061274488488158 -0.3826834244517805
vn -0.35355337897317635 0.8535534008993343 -0.3826834201135841
vn -0.5132799773021396 0.7681777519791022 -0.38268342826028917
vn -0.653281488012237 0.653281488012237 -0.38268341333409667
vn -0.7681777519791022 0.5132799773021396 -0.38268342826028917
vn -0.8535534008993343 0.35355337897317635 -0.3826834201135841
vn -0.9061274488488158 0.18023995975530888 -0.3826834244517805
vn -0.9238795305660377 2.262852288927878e-16 -0.3826834370613369
vn -0.7071067811865476 0 -0.7071067811865476
vn -0.6935199426845902 -0.13794968878491518 -0.7071067617148827
vn -0.6532815030743456 -0.2705980511147485 -0.7071067617226012
vn -0.5879377874929517 -0.39284748855870727 -0.7071067873885877
vn -0.5000000042785677 -0.5000000042785677 -0.7071067751357388
vn -0.39284748855870727 -0.5879377874929517 -0.7071067873885877
vn -0.2705980511147485 -0.6532815030743456 -0.7071067617226012
vn -0.13794968878491518 -0.6935199426845902 -0.7071067617148827
vn -4.329780375814312e-17 -0.7071067811865476 -0.7071067811865476
vn 0.13794968878491518 -0.6935199426845902 -0.7071067617148827
vn 0.2705980511147485 -0.6532815030743456 -0.7071067617226012
vn 0.39284748855870727 -0.5879377874929517 -0.7071067873885877
vn 0.5000000042785677 -0.5000000042785677 -0.7071067751357388
vn 0.5879377874929517 -0.39284748855870727 -0.7071067873885877
vn 0.6532815030743456 -0.2705980511147485 -0.7071067617226012
vn 0.6935199426845902 -0.13794968878491518 -0.7071067617148827
vn 0.7071067811865476 -8.659560751628624e-17 -0.7071067811865476
vn 0.6935199426845902 0.13794968878491518 -0.7071067617148827
vn 0.6532815030743456 0.2705980511147485 -0.7071067617226012
vn 0.5879377874929517 0.39284748855870727 -0.7071067873885877
vn 0.5000000042785677 0.5000000042785677 -0.7071067751357388
vn 0.39284748855870727 0.5879377874929517 -0.7071067873885877
vn 0.2705980511147485 0.6532815030743456 -0.7071067617226012
vn 0.13794968878491518 0.6935199426845902 -0.7071067617148827
vn 1.2989340465698435e-16 0.7071067811865476 -0.7071067811865476
vn -0.13794968878491518 0.6935199426845902 -0.7071067617148827
vn -0.2705980511147485 0.6532815030743456 -0.7071067617226012
vn -0.39284748855870727 0.5879377874929517 -0.7071067873885877
vn -0.5000000042785677 0.5000000042785677 -0.7071067751357388
vn -0.5879377874929517 0.39284748855870727 -0.7071067873885877
vn -0.6532815030743456 0.2705980511147485 -0.7071067617226012
vn -0.6935199426845902 0.13794968878491518 -0.7071067617148827
vn -0.7071067811865476 1.7319121503257247e-16 -0.7071067811865476
vn -0.3826834370613369 0 -0.9238795305660377
vn -0.37533028027663956 -0.07465783724240778 -0.9238795311325744
vn -0.3535533942319051 -0.14644661947103244 -0.9238795295235227
vn -0.3181896589214118 -0.21260752328240298 -0.9238795278602066
vn -0.2705980604439119 -0.2705980604439119 -0.9238795264362049
vn -0.21260752328240298 -0.3181896589214118 -0.9238795278602066
vn -0.14644661947103244 -0.3535533942319051 -0.9238795295235227
vn -0.07465783724240778 -0.37533028027663956 -0.9238795311325744
vn -2.3432603017245014e-17 -0.3826834370613369 -0.9238795305660377
vn 0.07465783724240778 -0.37533028027663956 -0.9238795311325744
vn 0.14644661947103244 -0.3535533942319051 -0.9238795295235227
vn 0.21260752328240298 -0.3181896589214118 -0.9238795278602066
vn 0.2705980604439119 -0.2705980604439119 -0.9238795264362049
vn 0.3181896589214118 -0.21260752328240298 -0.9238795278602066
vn 0.3535533942319051 -0.14644661947103244 -0.9238795295235227
vn 0.37533028027663956 -0.07465783724240778 -0.9238795311325744
vn 0.3826834370613369 -4.686520603449003e-17 -0.9238795305660377
vn 0.37533028027663956 0.07465783724240778 -0.9238795311325744
vn 0.3535533942319051 0.14644661947103244 -0.9238795295235227
vn 0.3181896589214118 0.21260752328240298 -0.9238795278602066
vn 0.2705980604439119 0.2705980604439119 -0.9238795264362049
vn 0.21260752328240298 0.3181896589214118 -0.9238795278602066
vn 0.14644661947103244 0.3535533942319051 -0.9238795295235227
vn 0.07465783724240778 0.37533028027663956 -0.9238795311325744
vn 7.029780739737377e-17 0.3826834370613369 -0.9238795305660377
vn -0.07465783724240778 0.37533028027663956 -0.9238795311325744
vn -0.14644661947103244 0.3535533942319051 -0.9238795295235227
vn -0.21260752328240298 0.3181896589214118 -0.9238795278602066
vn -0.2705980604439119 0.2705980604439119 -0.9238795264362049
vn -0.3181896589214118 0.21260752328240298 -0.9238795278602066
vn -0.3535533942319051 0.14644661947103244 -0.9238795295235227
vn -0.37533028027663956 0.07465783724240778 -0.9238795311325744
vn -0.3826834370613369 9.373041206898005e-17 -0.9238795305660377
vn 0 0 -1
vn 0 0 -1
vn 0 0 -1
vn 0 0 -1
vn 0 0 -1
vn 0 0 -1
vn 0 0 -1
vn 0 0 -1
vn 0 0 -1
vn 0 0 -1
vn 0 0 -1
vn 0 0 -1
vn 0 0 -1
vn 0 0 -1
vn 0 0 -1
vn 0 0 -1
vn 0 0 -1
vn 0 0 -1
vn 0 0 -1
vn 0 0 -1
vn 0 0 -1
vn 0 0 -1
vn 0 0 -1
vn 0 0 -1
vn 0 0 -1
vn 0 0 -1
vn 0 0 -1
vn 0 0 -1
vn 0 0 -1
vn 0 0 -1
vn 0 0 -1
vn 0 0 -1
vn 0 0 -1
vn 0.3826834370613369 0 -0.9238795305660377
vn 0.37533028027663956 0.07465783724240778 -0.9238795311325744
vn 0.3535533942319051 0.14644661947103244 -0.9238795295235227
vn 0.3181896589214118 0.21260752328240298 -0.9238795278602066
vn 0.2705980604439119 0.2705980604439119 -0.9238795264362049
vn 0.21260752328240298 0.3181896589214118 -0.9238795278602066
vn 0.14644661947103244 0.3535533942319051 -0.9238795295235227
vn 0.07465783724240778 0.37533028027663956 -0.9238795311325744
vn 2.3432603017245014e-17 0.3826834370613369 -0.9238795305660377
vn -0.07465783724240778 0.37533028027663956 -0.9238795311325744
vn -0.14644661947103244 0.3535533942319051 -0.9238795295235227
vn -0.21260752328240298 0.3181896589214118 -0.9238795278602066
vn -0.2705980604439119 0.2705980604439119 -0.9238795264362049
vn -0.3181896589214118 0.21260752328240298 -0.9238795278602066
vn -0.3535533942319051 0.14644661947103244 -0.9238795295235227
vn -0.37533028027663956 0.07465783724240778 -0.9238795311325744
vn -0.3826834370613369 4.686520603449003e-17 -0.9238795305660377
vn -0.37533028027663956 -0.07465783724240778 -0.9238795311325744
vn -0.3535533942319051 -0.14644661947103244 -0.9238795295235227
vn -0.3181896589214118 -0.21260752328240298 -0.9238795278602066
vn -0.2705980604439119 -0.2705980604439119 -0.9238795264362049
vn -0.21260752328240298 -0.3181896589214118 -0.9238795278602066
vn -0.14644661947103244 -0.3535533942319051 -0.9238795295235227
vn -0.07465783724240778 -0.37533028027663956 -0.9238795311325744
vn -7.029780739737377e-17 -0.3826834370613369 -0.9238795305660377
vn 0.07465783724240778 -0.37533028027663956 -0.9238795311325744
vn 0.14644661947103244 -0.3535533942319051 -0.9238795295235227
vn 0.21260752328240298 -0.3181896589214118 -0.9238795278602066
vn 0.2705980604439119 -0.2705980604439119 -0.9238795264362049
vn 0.3181896589214118 -0.21260752328240298 -0.9238795278602066
vn 0.3535533942319051 -0.14644661947103244 -0.9238795295235227
vn 0.37533028027663956 -0.07465783724240778 -0.9238795311325744
vn 0.3826834370613369 -9.373041206898005e-17 -0.9238795305660377
vn 0.7071067811865476 0 -0.7071067811865476
vn 0.6935199426845902 0.13794968878491518 -0.7071067617148827
vn 0.6532815030743456 0.2705980511147485 -0.7071067617226012
vn 0.5879377874929517 0.39284748855870727 -0.7071067873885877
vn 0.5000000042785677 0.5000000042785677 -0.7071067751357388
vn 0.39284748855870727 0.5879377874929517 -0.7071067873885877
vn 0.2705980511147485 0.6532815030743456 -0.7071067617226012
vn 0.13794968878491518 0.6935199426845902 -0.7071067617148827
vn 4.329780375814312e-17 0.7071067811865476 -0.7071067811865476
vn -0.13794968878491518 0.6935199426845902 -0.7071067617148827
vn -0.2705980511147485 0.6532815030743456 -0.7071067617226012
vn -0.39284748855870727 0.5879377874929517 -0.7071067873885877
vn -0.5000000042785677 0.5000000042785677 -0.7071067751357388
vn -0.5879377874929517 0.39284748855870727 -0.7071067873885877
vn -0.6532815030743456 0.2705980511147485 -0.7071067617226012
vn -0.6935199426845902 0.13794968878491518 -0.7071067617148827
vn -0.7071067811865476 8.659560751628624e-17 -0.7071067811865476
vn -0.6935199426845902 -0.13794968878491518 -0.7071067617148827
vn -0.6532815030743456 -0.2705980511147485 -0.7071067617226012
vn -0.5879377874929517 -0.39284748855870727 -0.7071067873885877
vn -0.5000000042785677 -0.5000000042785677 -0.7071067751357388
vn -0.39284748855870727 -0.5879377874929517 -0.7071067873885877
vn -0.2705980511147485 -0.6532815030743456 -0.7071067617226012
vn -0.13794968878491518 -0.6935199426845902 -0.7071067617148827
vn -1.2989340465698435e-16 -0.7071067811865476 -0.7071067811865476
vn 0.13794968878491518 -0.6935199426845902 -0.7071067617148827
vn 0.2705980511147485 -0.6532815030743456 -0.7071067617226012
vn 0.39284748855870727 -0.5879377874929517 -0.7071067873885877
vn 0.5000000042785677 -0.5000000042785677 -0.7071067751357388
vn 0.5879377874929517 -0.39284748855870727 -0.7071067873885877
vn 0.6532815030743456 -0.2705980511147485 -0.7071067617226012
vn 0.6935199426845902 -0.13794968878491518 -0.7071067617148827
vn 0.7071067811865476 -1.7319121503257247e-16 -0.7071067811865476
vn 0.9238795305660377 0 -0.3826834370613369
vn 0.9061274488488158 0.18023995975530888 -0.3826834244517805
vn 0.8535534008993343 0.35355337897317635 -0.3826834201135841
vn 0.7681777519791022 0.5132799773021396 -0.38268342826028917
vn 0.653281488012237 0.653281488012237 -0.38268341333409667
vn 0.5132799773021396 0.7681777519791022 -0.38268342826028917
vn 0.35355337897317635 0.8535534008993343 -0.3826834201135841
vn 0.18023995975530888 0.9061274488488158 -0.3826834244517805
vn 5.657130722319695e-17 0.9238795305660377 -0.3826834370613369
vn -0.18023995975530888 0.9061274488488158 -0.3826834244517805
vn -0.35355337897317635 0.8535534008993343 -0.3826834201135841
vn -0.5132799773021396 0.7681777519791022 -0.38268342826028917
vn -0.653281488012237 0.653281488012237 -0.38268341333409667
vn -0.7681777519791022 0.5132799773021396 -0.38268342826028917
vn -0.8535534008993343 0.35355337897317635 -0.3826834201135841
vn -0.9061274488488158 0.18023995975530888 -0.3826834244517805
vn -0.9238795305660377 1.131426144463939e-16 -0.3826834370613369
vn -0.9061274488488158 -0.18023995975530888 -0.3826834244517805
vn -0.8535534008993343 -0.35355337897317635 -0.3826834201135841
vn -0.7681777519791022 -0.5132799773021396 -0.38268342826028917
vn -0.653281488012237 -0.653281488012237 -0.38268341333409667
vn -0.5132799773021396 -0.7681777519791022 -0.38268342826028917
vn -0.35355337897317635 -0.8535534008993343 -0.3826834201135841
vn -0.18023995975530888 -0.9061274488488158 -0.3826834244517805
vn -1.6971392166959086e-16 -0.9238795305660377 -0.3826834370613369
vn 0.18023995975530888 -0.9061274488488158 -0.3826834244517805
vn 0.35355337897317635 -0.8535534008993343 -0.3826834201135841
vn 0.5132799773021396 -0.7681777519791022 -0.38268342826028917
vn 0.653281488012237 -0.653281488012237 -0.38268341333409667
vn 0.7681777519791022 -0.5132799773021396 -0.38268342826028917
vn 0.8535534008993343 -0.35355337897317635 -0.3826834201135841
vn 0.9061274488488158 -0.18023995975530888 -0.3826834244517805
vn 0.9238795305660377 -2.262852288927878e-16 -0.3826834370613369
vn 1 0 -2.4492937051703357e-16
vn 0.9807852789517083 0.19509032931342324 -2.449293775813221e-16
vn 0.9238795305660377 0.3826834370613369 -2.4492937750591807e-16
vn 0.8314696016585884 0.555570248949409 -2.4492937235114203e-16
vn 0.7071067811865476 0.7071067811865476 -2.4492937470882127e-16
vn 0.555570248949409 0.8314696016585884 -2.4492937235114203e-16
vn 0.3826834370613369 0.9238795305660377 -2.4492937750591807e-16
vn 0.19509032931342324 0.9807852789517083 -2.449293775813221e-16
vn 6.123234262925839e-17 1 -2.4492937051703357e-16
vn -0.19509032931342324 0.9807852789517083 -2.449293775813221e-16
vn -0.3826834370613369 0.9238795305660377 -2.4492937750591807e-16
vn -0.555570248949409 0.8314696016585884 -2.4492937235114203e-16
vn -0.7071067811865476 0.7071067811865476 -2.4492937470882127e-16
vn -0.8314696016585884 0.555570248949409 -2.4492937235114203e-16
vn -0.9238795305660377 0.3826834370613369 -2.4492937750591807e-16
vn -0.9807852789517083 0.19509032931342324 -2.449293775813221e-16
vn -1 1.2246468525851679e-16 -2.4492937051703357e-16
vn -0.9807852789517083 -0.19509032931342324 -2.449293775813221e-16
vn -0.9238795305660377 -0.3826834370613369 -2.4492937750591807e-16
vn -0.8314696016585884 -0.555570248949409 -2.4492937235114203e-16
vn -0.7071067811865476 -0.7071067811865476 -2.4492937470882127e-16
vn -0.555570248949409 -0.8314696016585884 -2.4492937235114203e-16
vn -0.3826834370613369 -0.9238795305660377 -2.4492937750591807e-16
vn -0.19509032931342324 -0.9807852789517083 -2.449293775813221e-16
vn -1.8369701465288538e-16 -1 -2.4492937051703357e-16
vn 0.19509032931342324 -0.9807852789517083 -2.449293775813221e-16
vn 0.3826834370613369 -0.9238795305660377 -2.4492937750591807e-16
vn 0.555570248949409 -0.8314696016585884 -2.4492937235114203e-16
vn 0.7071067811865476 -0.7071067811865476 -2.4492937470882127e-16
vn 0.8314696016585884 -0.555570248949409 -2.4492937235114203e-16
vn 0.9238795305660377 -0.3826834370613369 -2.4492937750591807e-16
vn 0.9807852789517083 -0.19509032931342324 -2.449293775813221e-16
vn 1 -2.4492937051703357e-16 -2.4492937051703357e-16
f 230/230/230 197/197/197 231/231/231
f 197/197/197 198/198/198 231/231/231
f 231/231/231 198/198/198 232/232/232
f 198/198/198 199/199/199 232/232/232
f 232/232/232 199/199/199 233/233/233
f 199/199/199 200/200/200 233/233/233
f 233/233/233 200/200/200 234/234/234
f 200/200/200 201/201/201 234/234/234
f 234/234/234 201/201/201 235/235/235
f 201/201/201 202/202/202 235/235/235
f 235/235/235 202/202/202 236/236/236
f 202/202/202 203/203/203 236/236/236
f 236/236/236 203/203/203 237/237/237
f 203/203/203 204/204/204 237/237/237
f 237/237/237 204/204/204 238/238/238
f 204/204/204 205/205/205 238/238/238
f 238/238/238 205/205/205 239/239/239
f 205/205/205 206/206/206 239/239/239
f 239/239/239 206/206/206 240/240/240
f 206/206/206 207/207/207 240/240/240
f 240/240/240 207/207/207 241/241/241
f 207/207/207 208/208/208 241/241/241
f 241/241/241 208/208/208 242/242/242
f 208/208/208 209/209/209 242/242/242
f 242/242/242 209/209/209 243/243/243
f 209/209/209 210/210/210 243/243/243
f 243/243/243 210/210/210 244/244/244
f 210/210/210 211/211/211 244/244/244
f 244/244/244 211/211/211 245/245/245
f 211/211/211 212/212/212 245/245/245
f 245/245/245 212/212/212 246/246/246
f 212/212/212 213/213/213 246/246/246
f 246/246/246 213/213/213 247/247/247
f 213/213/213 214/214/214 247/247/247
f 247/247/247 214/214/214 248/248/248
f 214/214/214 215/215/215 248/248/248
f 248/248/248 215/215/215 249/249/249
f 215/215/215 216/216/216 249/249/249
f 249/249/249 216/216/216 250/250/250
f 216/216/216 217/217/217 250/250/250
f 250/250/250 217/217/217 251/251/251
f 217/217/217 218/218/218 251/251/251
f 251/251/251 218/218/218 252/252/252
f 218/218/218 219/219/219 252/252/252
f 252/252/252 219/219/219 253/253/253
f 219/219/219 220/220/220 253/253/253
f 253/253/253 220/220/220 254/254/254
f 220/220/220 221/221/221 254/254/254
f 254/254/254 221/221/221 255/255/255
f 221/221/221 222/222/222 255/255/255
f 255/255/255 222/222/222 256/256/256
f 222/222/222 223/223/223 256/256/256
f 256/256/256 223/223/223 257/257/257
f 223/223/223 224/224/224 257/257/257
f 257/257/257 224/224/224 258/258/258
f 224/224/224 225/225/225 258/258/258
f 258/258/258 225/225/225 259/259/259
f 225/225/225 226/226/226 259/259/259
f 259/259/259 226/226/226 260/260/260
f 226/226/226 227/227/227 260/260/260
f 260/260/260 227/227/227 261/261/261
f 227/227/227 228/228/228 261/261/261
f 261/261/261 228/228/228 262/262/262
f 228/228/228 229/229/229 262/262/262
f 263/263/263 230/230/230 264/264/264
f 230/230/230 231/231/231 264/264/264
f 264/264/264 231/231/231 265/265/265
f 231/231/231 232/232/232 265/265/265
f 265/265/265 232/232/232 266/266/266
f 232/232/232 233/233/233 266/266/266
f 266/266/266 233/233/233 267/267/267
f 233/233/233 234/234/234 267/267/267
f 267/267/267 234/234/234 268/268/268
f 234/234/234 235/235/235 268/268/268
f 268/268/268 235/235/235 269/269/269
f 235/235/235 236/236/236 269/269/269
f 269/269/269 236/236/236 270/270/270
f 236/236/236 237/237/237 270/270/270
f 270/270/270 237/237/237 271/271/271
f 237/237/237 238/238/238 271/271/271
f 271/271/271 238/238/238 272/272/272
f 238/238/238 239/239/239 272/272/272
f 272/272/272 239/239/239 273/273/273
f 239/239/239 240/240/240 273/273/273
f 273/273/273 240/240/240 274/274/274
f 240/240/240 241/241/241 274/274/274
f 274/274/274 241/241/241 275/275/275
f 241/241/241 242/242/242 275/275/275
f 275/275/275 242/242/242 276/276/276
f 242/242/242 243/243/243 276/276/276
f 276/276/276 243/243/243 277/277/277
f 243/243/243 244/244/244 277/277/277
f 277/277/277 244/244/244 278/278/278
f 244/244/244 245/245/245 278/278/278
f 278/278/278 245/245/245 279/279/279
f 245/245/245 246/246/246 279/279/279
f 279/279/279 246/246/246 280/280/280
f 246/246/246 247/247/247 280/280/280
f 280/280/280 247/247/247 281/281/281
f 247/247/247 248/248/248 281/281/281
f 281/281/281 248/248/248 282/282/282
f 248/248/248 249/249/249 282/282/282
f 282/282/282 249/249/249 283/283/283
f 249/249/249 250/250/250 283/283/283
f 283/283/283 250/250/250 284/284/284
f 250/250/250 251/251/251 284/284/284
f 284/284/284 251/251/251 285/285/285
f 251/251/251 252/252/252 285/285/285
f 285/285/285 252/252/252 286/286/286
f 252/252/252 253/253/253 286/286/286
f 286/286/286 253/253/253 287/287/287
f 253/253/253 254/254/254 287/287/287
f 287/287/287 254/254/254 288/288/288
f 254/254/254 255/255/255 288/288/288
f 288/288/288 255/255/255 289/289/289
f 255/255/255 256/256/256 289/289/289
f 289/289/289 256/256/256 290/290/290
f 256/256/256 257/257/257 290/290/290
f 290/290/290 257/257/257 291/291/291
f 257/257/257 258/258/258 291/291/291
f 291/291/291 258/258/258 292/292/292
f 258/258/258 259/259/259 292/292/292
f 292/292/292 259/259/259 293/293/293
f 259/259/259 260/260/260 293/293/293
f 293/293/293 260/260/260 294/294/294
f 260/260/260 261/261/261 294/294/294
f 294/294/294 261/261/261 295/295/295
f 261/261/261 262/262/262 295/295/295
f 296/296/296 263/263/263 297/297/297
f 263/263/263 264/264/264 297/297/297
f 297/297/297 264/264/264 298/298/298
f 264/264/264 265/265/265 298/298/298
f 298/298/298 265/265/265 299/299/299
f 265/265/265 266/266/266 299/299/299
f 299/299/299 266/266/266 300/300/300
f 266/266/266 267/267/267 300/300/300
f 300/300/300 267/267/267 301/301/301
f 267/267/267 268/268/268 301/301/301
f 301/301/301 268/268/268 302/302/302
f 268/268/268 269/269/269 302/302/302
f 302/302/302 269/269/269 303/303/303
f 269/269/269 270/270/270 303/303/303
f 303/303/303 270/270/270 304/304/304
f 270/270/270 271/271/271 304/304/304
f 304/304/304 271/271/271 305/305/305
f 271/271/271 272/272/272 305/305/305
f 305/305/305 272/272/272 306/306/306
f 272/272/272 273/273/273 306/306/306
f 306/306/306 273/273/273 307/307/307
f 273/273/273 274/274/274 307/307/307
f 307/307/307 274/274/274 308/308/308
f 274/274/274 275/275/275 308/308/308
f 308/308/308 275/275/275 309/309/309
f 275/275/275 276/276/276 309/309/309
f 309/309/309 276/276/276 310/310/310
f 276/276/276 277/277/277 310/310/310
f 310/310/310 277/277/277 311/311/311
f 277/277/277 278/278/278 311/311/311
f 311/311/311 278/278/278 312/312/312
f 278/278/278 279/279/279 312/312/312
f 312/312/312 279/279/279 313/313/313
f 279/279/279 280/280/280 313/313/313
f 313/313/313 280/280/280 314/314/314
f 280/280/280 281/281/281 314/314/314
f 314/314/314 281/281/281 315/315/315
f 281/281/281 282/282/282 315/315/315
f 315/315/315 282/282/282 316/316/316
f 282/282/282 283/283/283 316/316/316
f 316/316/316 283/283/283 317/317/317
f 283/283/283 284/284/284 317/317/317
f 317/317/317 284/284/284 318/318/318
f 284/284/284 285/285/285 318/318/318
f 318/318/318 285/285/285 319/319/319
f 285/285/285 286/286/286 319/319/319
f 319/319/319 286/286/286 320/320/320
f 286/286/286 287/287/287 320/320/320
f 320/320/320 287/287/287 321/321/321
f 287/287/287 288/288/288 321/321/321
f 321/321/321 288/288/288 322/322/322
f 288/288/288 289/289/289 322/322/322
f 322/322/322 289/289/289 323/323/323
f 289/289/289 290/290/290 323/323/323
f 323/323/323 290/290/290 324/324/324
f 290/290/290 291/291/291 324/324/324
f 324/324/324 291/291/291 325/325/325
f 291/291/291 292/292/292 325/325/325
f 325/325/325 292/292/292 326/326/326
f 292/292/292 293/293/293 326/326/326
f 326/326/326 293/293/293 327/327/327
f 293/293/293 294/294/294 327/327/327
f 327/327/327 294/294/294 328/328/328
f 294/294/294 295/295/295 328/328/328
f 329/329/329 296/296/296 330/330/330
f 296/296/296 297/297/297 330/330/330
f 330/330/330 297/297/297 331/331/331
f 297/297/297 298/298/298 331/331/331
f 331/331/331 298/298/298 332/332/332
f 298/298/298 299/299/299 332/332/332
f 332/332/332 299/299/299 333/333/333
f 299/299/299 300/300/300 333/333/333
f 333/333/333 300/300/300 334/334/334
f 300/300/300 301/301/301 334/334/334
f 334/334/334 301/301/301 335/335/335
f 301/301/301 302/302/302 335/335/335
f 335/335/335 302/302/302 336/336/336
f 302/302/302 303/303/303 336/336/336
f 336/336/336 303/303/303 337/337/337
f 303/303/303 304/304/304 337/337/337
f 337/337/337 304/304/304 338/338/338
f 304/304/304 305/305/305 338/338/338
f 338/338/338 305/305/305 339/339/339
f 305/305/305 306/306/306 339/339/339
f 339/339/339 306/306/306 340/340/340
f 306/306/306 307/307/307 340/340/340
f 340/340/340 307/307/307 341/341/341
f 307/307/307 308/308/308 341/341/341
f 341/341/341 308/308/308 342/342/342
f 308/308/308 309/309/309 342/342/342
f 342/342/342 309/309/309 343/343/343
f 309/309/309 310/310/310 343/343/343
f 343/343/343 310/310/310 344/344/344
f 310/310/310 311/311/311 344/344/344
f 344/344/344 311/311/311 345/345/345
f 311/311/311 312/312/312 345/345/345
f 345/345/345 312/312/312 346/346/346
f 312/312/312 313/313/313 346/346/346
f 346/346/346 313/313/313 347/347/347
f 313/313/313 314/314/314 347/347/347
f 347/347/347 314/314/314 348/348/348
f 314/314/314 315/315/315 348/348/348
f 348/348/348 315/315/315 349/349/349
f 315/315/315 316/316/316 349/349/349
f 349/349/349 316/316/316 350/350/350
f 316/316/316 317/317/317 350/350/350
f 350/350/350 317/317/317 351/351/351
f 317/317/317 318/318/318 351/351/351
f 351/351/351 318/318/318 352/352/352
f 318/318/318 319/319/319 352/352/352
f 352/352/352 319/319/319 353/353/353
f 319/319/319 320/320/320 353/353/353
f 353/353/353 320/320/320 354/354/354
f 320/320/320 321/321/321 354/354/354
f 354/354/354 321/321/321 355/355/355
f 321/321/321 322/322/322 355/355/355
f 355/355/355 322/322/322 356/356/356
f 322/322/322 323/323/323 356/356/356
f 356/356/356 323/323/323 357/357/357
f 323/323/323 324/324/324 357/357/357
f 357/357/357 324/324/324 358/358/358
f 324/324/324 325/325/325 358/358/358
f 358/358/358 325/325/325 359/359/359
f 325/325/325 326/326/326 359/359/359
f 359/359/359 326/326/326 360/360/360
f 326/326/326 327/327/327 360/360/360
f 360/360/360 327/327/327 361/361/361
f 327/327/327 328/328/328 361/361/361
f 362/362/362 329/329/329 363/363/363
f 329/329/329 330/330/330 363/363/363
f 363/363/363 330/330/330 364/364/364
f 330/330/330 331/331/331 364/364/364
f 364/364/364 331/331/331 365/365/365
f 331/331/331 332/332/332 365/365/365
f 365/365/365 332/332/332 366/366/366
f 332/332/332 333/333/333 366/366/366
f 366/366/366 333/333/333 367/367/367
f 333/333/333 334/334/334 367/367/367
f 367/367/367 334/334/334 368/368/368
f 334/334/334 335/335/335 368/368/368
f 368/368/368 335/335/335 369/369/369
f 335/335/335 336/336/336 369/369/369
f 369/369/369 336/336/336 370/370/370
f 336/336/336 337/337/337 370/370/370
f 370/370/370 337/337/337 371/371/371
f 337/337/337 338/338/338 371/371/371
f 371/371/371 338/338/338 372/372/372
f 338/338/338 339/339/339 372/372/372
f 372/372/372 339/339/339 373/373/373
f 339/339/339 340/340/340 373/373/373
f 373/373/373 340/340/340 374/374/374
f 340/340/340 341/341/341 374/374/374
f 374/374/374 341/341/341 375/375/375
f 341/341/341 342/342/342 375/375/375
f 375/375/375 342/342/342 376/376/376
f 342/342/342 343/343/343 376/376/376
f 376/376/376 343/343/343 377/377/377
f 343/343/343 344/344/344 377/377/377
f 377/377/377 344/344/344 378/378/378
f 344/344/344 345/345/345 378/378/378
f 378/378/378 345/345/345 379/379/379
f 345/345/345 346/346/346 379/379/379
f 379/379/379 346/346/346 380/380/380
f 346/346/346 347/347/347 380/380/380
f 380/380/380 347/347/347 381/381/381
f 347/347/347 348/348/348 381/381/381
f 381/381/381 348/348/348 382/382/382
f 348/348/348 349/349/349 382/382/382
f 382/382/382 349/349/349 383/383/383
f 349/349/349 350/350/350 383/383/383
f 383/383/383 350/350/350 384/384/384
f 350/350/350 351/351/351 384/384/384
f 384/384/384 351/351/351 385/385/385
f 351/351/351 352/352/352 385/385/385
f 385/385/385 352/352/352 386/386/386
f 352/352/352 353/353/353 386/386/386
f 386/386/386 353/353/353 387/387/387
f 353/353/353 354/354/354 387/387/387
f 387/387/387 354/354/354 388/388/388
f 354/354/354 355/355/355 388/388/388
f 388/388/388 355/355/355 389/389/389
f 355/355/355 356/356/356 389/389/389
f 389/389/389 356/356/356 390/390/390
f 356/356/356 357/357/357 390/390/390
f 390/390/390 357/357/357 391/391/391
f 357/357/357 358/358/358 391/391/391
f 391/391/391 358/358/358 392/392/392
f 358/358/358 359/359/359 392/392/392
f 392/392/392 359/359/359 393/393/393
f 359/359/359 360/360/360 393/393/393
f 393/393/393 360/360/360 394/394/394
f 360/360/360 361/361/361 394/394/394
f 395/395/395 362/362/362 396/396/396
f 362/362/362 363/363/363 396/396/396
f 396/396/396 363/363/363 397/397/397
f 363/363/363 364/364/364 397/397/397
f 397/397/397 364/364/364 398/398/398
f 364/364/364 365/365/365 398/398/398
f 398/398/398 365/365/365 399/399/399
f 365/365/365 366/366/366 399/399/399
f 399/399/399 366/366/366 400/400/400
f 366/366/366 367/367/367 400/400/400
f 400/400/400 367/367/367 401/401/401
f 367/367/367 368/368/368 401/401/401
f 401/401/401 368/368/368 402/402/402
f 368/368/368 369/369/369 402/402/402
f 402/402/402 369/369/369 403/403/403
f 369/369/369 370/370/370 403/403/403
f 403/403/403 370/370/370 404/404/404
f 370/370/370 371/371/371 404/404/404
f 404/404/404 371/371/371 405/405/405
f 371/371/371 372/372/372 405/405/405
f 405/405/405 372/372/372 406/406/406
f 372/372/372 373/373/373 406/406/406
f 406/406/406 373/373/373 407/407/407
f 373/373/373 374/374/374 407/407/407
f 407/407/407 374/374/374 408/408/408
f 374/374/374 375/375/375 408/408/408
f 408/408/408 375/375/375 409/409/409
f 375/375/375 376/376/376 409/409/409
f 409/409/409 376/376/376 410/410/410
f 376/376/376 377/377/377 410/410/410
f 410/410/410 377/377/377 411/411/411
f 377/377/377 378/378/378 411/411/411
f 411/411/411 378/378/378 412/412/412
f 378/378/378 379/379/379 412/412/412
f 412/412/412 379/379/379 413/413/413
f 379/379/379 380/380/380 413/413/413
f 413/413/413 380/380/380 414/414/414
f 380/380/380 381/381/381 414/414/414
f 414/414/414 381/381/381 415/415/415
f 381/381/381 382/382/382 415/415/415
f 415/415/415 382/382/382 416/416/416
f 382/382/382 383/383/383 416/416/416
f 416/416/416 383/383/383 417/417/417
f 383/383/383 384/384/384 417/417/417
f 417/417/417 384/384/384 418/418/418
f 384/384/384 385/385/385 418/418/418
f 418/418/418 385/385/385 419/419/419
f 385/385/385 386/386/386 419/419/419
f 419/419/419 386/386/386 420/420/420
f 386/386/386 387/387/387 420/420/420
f 420/420/420 387/387/387 421/421/421
f 387/387/387 388/388/388 421/421/421
f 421/421/421 388/388/388 422/422/422
f 388/388/388 389/389/389 422/422/422
f 422/422/422 389/389/389 423/423/423
f 389/389/389 390/390/390 423/423/423
f 423/423/423 390/390/390 424/424/424
f 390/390/390 391/391/391 424/424/424
f 424/424/424 391/391/391 425/425/425
f 391/391/391 392/392/392 425/425/425
f 425/425/425 392/392/392 426/426/426
f 392/392/392 393/393/393 426/426/426
f 426/426/426 393/393/393 427/427/427
f 393/393/393 394/394/394 427/427/427
f 428/428/428 395/395/395 429/429/429
f 395/395/395 396/396/396 429/429/429
f 429/429/429 396/396/396 430/430/430
f 396/396/396 397/397/397 430/430/430
f 430/430/430 397/397/397 431/431/431
f 397/397/397 398/398/398 431/431/431
f 431/431/431 398/398/398 432/432/432
f 398/398/398 399/399/399 432/432/432
f 432/432/432 399/399/399 433/433/433
f 399/399/399 400/400/400 433/433/433
f 433/433/433 400/400/400 434/434/434
f 400/400/400 401/401/401 434/434/434
f 434/434/434 401/401/401 435/435/435
f 401/401/401 402/402/402 435/435/435
f 435/435/435 402/402/402 436/436/436
f 402/402/402 403/403/403 436/436/436
f 436/436/436 403/403/403 437/437/437
f 403/403/403 404/404/404 437/437/437
f 437/437/437 404/404/404 438/438/438
f 404/404/404 405/405/405 438/438/438
f 438/438/438 405/405/405 439/439/439
f 405/405/405 406/406/406 439/439/439
f 439/439/439 406/406/406 440/440/440
f 406/406/406 407/407/407 440/440/440
f 440/440/440 407/407/407 441/441/441
f 407/407/407 408/408/408 441/441/441
f 441/441/441 408/408/408 442/442/442
f 408/408/408 409/409/409 442/442/442
f 442/442/442 409/409/409 443/443/443
f 409/409/409 410/410/410 443/443/443
f 443/443/443 410/410/410 444/444/444
f 410/410/410 411/411/411 444/444/444
f 444/444/444 411/411/411 445/445/445
f 411/411/411 412/412/412 445/445/445
f 445/445/445 412/412/412 446/446/446
f 412/412/412 413/413/413 446/446/446
f 446/446/446 413/413/413 447/447/447
f 413/413/413 414/414/414 447/447/447
f 447/447/447 414/414/414 448/448/448
f 414/414/414 415/415/415 448/448/448
f 448/448/448 415/415/415 449/449/449
f 415/415/415 416/416/416 449/449/449
f 449/449/449 416/416/416 450/450/450
f 416/416/416 417/417/417 450/450/450
f 450/450/450 417/417/417 451/451/451
f 417/417/417 418/418/418 451/451/451
f 451/451/451 418/418/418 452/452/452
f 418/418/418 419/419/419 452/452/452
f 452/452/452 419/419/419 453/453/453
f 419/419/419 420/420/420 453/453/453
f 453/453/453 420/420/420 454/454/454
f 420/420/420 421/421/421 454/454/454
f 454/454/454 421/421/421 455/455/455
f 421/421/421 422/422/422 455/455/455
f 455/455/455 422/422/422 456/456/456
f 422/422/422 423/423/423 456/456/456
f 456/456/456 423/423/423 457/457/457
f 423/423/423 424/424/424 457/457/457
f 457/457/457 424/424/424 458/458/458
f 424/424/424 425/425/425 458/458/458
f 458/458/458 425/425/425 459/459/459
f 425/425/425 426/426/426 459/459/459
f 459/459/459 426/426/426 460/460/460
f 426/426/426 427/427/427 460/460/460
f 461/461/461 428/428/428 462/462/462
f 428/428/428 429/429/429 462/462/462
f 462/462/462 429/429/429 463/463/463
f 429/429/429 430/430/430 463/463/463
f 463/463/463 430/430/430 464/464/464
f 430/430/430 431/431/431 464/464/464
f 464/464/464 431/431/431 465/465/465
f 431/431/431 432/432/432 465/465/465
f 465/465/465 432/432/432 466/466/466
f 432/432/432 433/433/433 466/466/466
f 466/466/466 433/433/433 467/467/467
f 433/433/433 434/434/434 467/467/467
f 467/467/467 434/434/434 468/468/468
f 434/434/434 435/435/435 468/468/468
f 468/468/468 435/435/435 469/469/469
f 435/435/435 436/436/436 469/469/469
f 469/469/469 436/436/436 470/470/470
f 436/436/436 437/437/437 470/470/470
f 470/470/470 437/437/437 471/471/471
f 437/437/437 438/438/438 471/471/471
f 471/471/471 438/438/438 472/472/472
f 438/438/438 439/439/439 472/472/472
f 472/472/472 439/439/439 473/473/473
f 439/439/439 440/440/440 473/473/473
f 473/473/473 440/440/440 474/474/474
f 440/440/440 441/441/441 474/474/474
f 474/474/474 441/441/441 475/475/475
f 441/441/441 442/442/442 475/475/475
f 475/475/475 442/442/442 476/476/476
f 442/442/442 443/443/443 476/476/476
f 476/476/476 443/443/443 477/477/477
f 443/443/443 444/444/444 477/477/477
f 477/477/477 444/444/444 478/478/478
f 444/444/444 445/445/445 478/478/478
f 478/478/478 445/445/445 479/479/479
f 445/445/445 446/446/446 479/479/479
f 479/479/479 446/446/446 480/480/480
f 446/446/446 447/447/447 480/480/480
f 480/480/480 447/447/447 481/481/481
f 447/447/447 448/448/448 481/481/481
f 481/481/481 448/448/448 482/482/482
f 448/448/448 449/449/449 482/482/482
f 482/482/482 449/449/449 483/483/483
f 449/449/449 450/450/450 483/483/483
f 483/483/483 450/450/450 484/484/484
f 450/450/450 451/451/451 484/484/484
f 484/484/484 451/451/451 485/485/485
f 451/451/451 452/452/452 485/485/485
f 485/485/485 452/452/452 486/486/486
f 452/452/452 453/453/453 486/486/486
f 486/486/486 453/453/453 487/487/487
f 453/453/453 454/454/454 487/487/487
f 487/487/487 454/454/454 488/488/488
f 454/454/454 455/455/455 488/488/488
f 488/488/488 455/455/455 489/489/489
f 455/455/455 456/456/456 489/489/489
f 489/489/489 456/456/456 490/490/490
f 456/456/456 457/457/457 490/490/490
f 490/490/490 457/457/457 491/491/491
f 457/457/457 458/458/458 491/491/491
f 491/491/491 458/458/458 492/492/492
f 458/458/458 459/459/459 492/492/492
f 492/492/492 459/459/459 493/493/493
f 459/459/459 460/460/460 493/493/493
f 494/494/494 461/461/461 495/495/495
f 461/461/461 462/462/462 495/495/495
f 495/495/495 462/462/462 496/496/496
f 462/462/462 463/463/463 496/496/496
f 496/496/496 463/463/463 497/497/497
f 463/463/463 464/464/464 497/497/497
f 497/497/497 464/464/464 498/498/498
f 464/464/464 465/465/465 498/498/498
f 498/498/498 465/465/465 499/499/499
f 465/465/465 466/466/466 499/499/499
f 499/499/499 466/466/466 500/500/500
f 466/466/466 467/467/467 500/500/500
f 500/500/500 467/467/467 501/501/501
f 467/467/467 468/468/468 501/501/501
f 501/501/501 468/468/468 502/502/502
f 468/468/468 469/469/469 502/502/502
f 502/502/502 469/469/469 503/503/503
f 469/469/469 470/470/470 503/503/503
f 503/503/503 470/470/470 504/504/504
f 470/470/470 471/471/471 504/504/504
f 504/504/504 471/471/471 505/505/505
f 471/471/471 472/472/472 505/505/505
f 505/505/505 472/472/472 506/506/506
f 472/472/472 473/473/473 506/506/506
f 506/506/506 473/473/473 507/507/507
f 473/473/473 474/474/474 507/507/507
f 507/507/507 474/474/474 508/508/508
f 474/474/474 475/475/475 508/508/508
f 508/508/508 475/475/475 509/509/509
f 475/475/475 476/476/476 509/509/509
f 509/509/509 476/476/476 510/510/510
f 476/476/476 477/477/477 510/510/510
f 510/510/510 477/477/477 511/511/511
f 477/477/477 478/478/478 511/511/511
f 511/511/511 478/478/478 512/512/512
f 478/478/478 479/479/479 512/512/512
f 512/512/512 479/479/479 513/513/513
f 479/479/479 480/480/480 513/513/513
f 513/513/513 480/480/480 514/514/514
f 480/480/480 481/481/481 514/514/514
f 514/514/514 481/481/481 515/515/515
f 481/481/481 482/482/482 515/515/515
f 515/515/515 482/482/482 516/516/516
f 482/482/482 483/483/483 516/516/516
f 516/516/516 483/483/483 517/517/517
f 483/483/483 484/484/484 517/517/517
f 517/517/517 484/484/484 518/518/518
f 484/484/484 485/485/485 518/518/518
f 518/518/518 485/485/485 519/519/519
f 485/485/485 486/486/486 519/519/519
f 519/519/519 486/486/486 520/520/520
f 486/486/486 487/487/487 520/520/520
f 520/520/520 487/487/487 521/521/521
f 487/487/487 488/488/488 521/521/521
f 521/521/521 488/488/488 522/522/522
f 488/488/488 489/489/489 522/522/522
f 522/522/522 489/489/489 523/523/523
f 489/489/489 490/490/490 523/523/523
f 523/523/523 490/490/490 524/524/524
f 490/490/490 491/491/491 524/524/524
f 524/524/524 491/491/491 525/525/525
f 491/491/491 492/492/492 525/525/525
f 525/525/525 492/492/492 526/526/526
f 492/492/492 493/493/493 526/526/526
f 527/527/527 494/494/494 528/528/528
f 494/494/494 495/495/495 528/528/528
f 528/528/528 495/495/495 529/529/529
f 495/495/495 496/496/496 529/529/529
f 529/529/529 496/496/496 530/530/530
f 496/496/496 497/497/497 530/530/530
f 530/530/530 497/497/497 531/531/531
f 497/497/497 498/498/498 531/531/531
f 531/531/531 498/498/498 532/532/532
f 498/498/498 499/499/499 532/532/532
f 532/532/532 499/499/499 533/533/533
f 499/499/499 500/500/500 533/533/533
f 533/533/533 500/500/500 534/534/534
f 500/500/500 501/501/501 534/534/534
f 534/534/534 501/501/501 535/535/535
f 501/501/501 502/502/502 535/535/535
f 535/535/535 502/502/502 536/536/536
f 502/502/502 503/503/503 536/536/536
f 536/536/536 503/503/503 537/537/537
f 503/503/503 504/504/504 537/537/537
f 537/537/537 504/504/504 538/538/538
f 504/504/504 505/505/505 538/538/538
f 538/538/538 505/505/505 539/539/539
f 505/505/505 506/506/506 539/539/539
f 539/539/539 506/506/506 540/540/540
f 506/506/506 507/507/507 540/540/540
f 540/540/540 507/507/507 541/541/541
f 507/507/507 508/508/508 541/541/541
f 541/541/541 508/508/508 542/542/542
f 508/508/508 509/509/509 542/542/542
f 542/542/542 509/509/509 543/543/543
f 509/509/509 510/510/510 543/543/543
f 543/543/543 510/510/510 544/544/544
f 510/510/510 511/511/511 544/544/544
f 544/544/544 511/511/511 545/545/545
f 511/511/511 512/512/512 545/545/545
f 545/545/545 512/512/512 546/546/546
f 512/512/512 513/513/513 546/546/546
f 546/546/546 513/513/513 547/547/547
f 513/513/513 514/514/514 547/547/547
f 547/547/547 514/514/514 548/548/548
f 514/514/514 515/515/515 548/548/548
f 548/548/548 515/515/515 549/549/549
f 515/515/515 516/516/516 549/549/549
f 549/549/549 516/516/516 550/550/550
f 516/516/516 517/517/517 550/550/550
f 550/550/550 517/517/517 551/551/551
f 517/517/517 518/518/518 551/551/551
f 551/551/551 518/518/518 552/552/552
f 518/518/518 519/519/519 552/552/552
f 552/552/552 519/519/519 553/553/553
f 519/519/519 520/520/520 553/553/553
f 553/553/553 520/520/520 554/554/554
f 520/520/520 521/521/521 554/554/554
f 554/554/554 521/521/521 555/555/555
f 521/521/521 522/522/522 555/555/555
f 555/555/555 522/522/522 556/556/556
f 522/522/522 523/523/523 556/556/556
f 556/556/556 523/523/523 557/557/557
f 523/523/523 524/524/524 557/557/557
f 557/557/557 524/524/524 558/558/558
f 524/524/524 525/525/525 558/558/558
f 558/558/558 525/525/525 559/559/559
f 525/525/525 526/526/526 559/559/559
f 560/560/560 527/527/527 561/561/561
f 527/527/527 528/528/528 561/561/561
f 561/561/561 528/528/528 562/562/562
f 528/528/528 529/529/529 562/562/562
f 562/562/562 529/529/529 563/563/563
f 529/529/529 530/530/530 563/563/563
f 563/563/563 530/530/530 564/564/564
f 530/530/530 531/531/531 564/564/564
f 564/564/564 531/531/531 565/565/565
f 531/531/531 532/532/532 565/565/565
f 565/565/565 532/532/532 566/566/566
f 532/532/532 533/533/533 566/566/566
f 566/566/566 533/533/533 567/567/567
f 533/533/533 534/534/534 567/567/567
f 567/567/567 534/534/534 568/568/568
f 534/534/534 535/535/535 568/568/568
f 568/568/568 535/535/535 569/569/569
f 535/535/535 536/536/536 569/569/569
f 569/569/569 536/536/536 570/570/570
f 536/536/536 537/537/537 570/570/570
f 570/570/570 537/537/537 571/571/571
f 537/537/537 538/538/538 571/571/571
f 571/571/571 538/538/538 572/572/572
f 538/538/538 539/539/539 572/572/572
f 572/572/572 539/539/539 573/573/573
f 539/539/539 540/540/540 573/573/573
f 573/573/573 540/540/540 574/574/574
f 540/540/540 541/541/541 574/574/574
f 574/574/574 541/541/541 575/575/575
f 541/541/541 542/542/542 575/575/575
f 575/575/575 542/542/542 576/576/576
f 542/542/542 543/543/543 576/576/576
f 576/576/576 543/543/543 577/577/577
f 543/543/543 544/544/544 577/577/577
f 577/577/577 544/544/544 578/578/578
f 544/544/544 545/545/545 578/578/578
f 578/578/578 545/545/545 579/579/579
f 545/545/545 546/546/546 579/579/579
f 579/579/579 546/546/546 580/580/580
f 546/546/546 547/547/547 580/580/580
f 580/580/580 547/547/547 581/581/581
f 547/547/547 548/548/548 581/581/581
f 581/581/581 548/548/548 582/582/582
f 548/548/548 549/549/549 582/582/582
f 582/582/582 549/549/549 583/583/583
f 549/549/549 550/550/550 583/583/583
f 583/583/583 550/550/550 584/584/584
f 550/550/550 551/551/551 584/584/584
f 584/584/584 551/551/551 585/585/585
f 551/551/551 552/552/552 585/585/585
f 585/585/585 552/552/552 586/586/586
f 552/552/552 553/553/553 586/586/586
f 586/586/586 553/553/553 587/587/587
f 553/553/553 554/554/554 587/587/587
f 587/587/587 554/554/554 588/588/588
f 554/554/554 555/555/555 588/588/588
f 588/588/588 555/555/555 589/589/589
f 555/555/555 556/556/556 589/589/589
f 589/589/589 556/556/556 590/590/590
f 556/556/556 557/557/557 590/590/590
f 590/590/590 557/557/557 591/591/591
f 557/557/557 558/558/558 591/591/591
f 591/591/591 558/558/558 592/592/592
f 558/558/558 559/559/559 592/592/592
f 593/593/593 560/560/560 594/594/594
f 560/560/560 561/561/561 594/594/594
f 594/594/594 561/561/561 595/595/595
f 561/561/561 562/562/562 595/595/595
f 595/595/595 562/562/562 596/596/596
f 562/562/562 563/563/563 596/596/596
f 596/596/596 563/563/563 597/597/597
f 563/563/563 564/564/564 597/597/597
f 597/597/597 564/564/564 598/598/598
f 564/564/564 565/565/565 598/598/598
f 598/598/598 565/565/565 599/599/599
f 565/565/565 566/566/566 599/599/599
f 599/599/599 566/566/566 600/600/600
f 566/566/566 567/567/567 600/600/600
f 600/600/600 567/567/567 601/601/601
f 567/567/567 568/568/568 601/601/601
f 601/601/601 568/568/568 602/602/602
f 568/568/568 569/569/569 602/602/602
f 602/602/602 569/569/569 603/603/603
f 569/569/569 570/570/570 603/603/603
f 603/603/603 570/570/570 604/604/604
f 570/570/570 571/571/571 604/604/604
f 604/604/604 571/571/571 605/605/605
f 571/571/571 572/572/572 605/605/605
f 605/605/605 572/572/572 606/606/606
f 572/572/572 573/573/573 606/606/606
f 606/606/606 573/573/573 607/607/607
f 573/573/573 574/574/574 607/607/607
f 607/607/607 574/574/574 608/608/608
f 574/574/574 575/575/575 608/608/608
f 608/608/608 575/575/575 609/609/609
f 575/575/575 576/576/576 609/609/609
f 609/609/609 576/576/576 610/610/610
f 576/576/576 577/577/577 610/610/610
f 610/610/610 577/577/577 611/611/611
f 577/577/577 578/578/578 611/611/611
f 611/611/611 578/578/578 612/612/612
f 578/578/578 579/579/579 612/612/612
f 612/612/612 579/579/579 613/613/613
f 579/579/579 580/580/580 613/613/613
f 613/613/613 580/580/580 614/614/614
f 580/580/580 581/581/581 614/614/614
f 614/614/614 581/581/581 615/615/615
f 581/581/581 582/582/582 615/615/615
f 615/615/615 582/582/582 616/616/616
f 582/582/582 583/583/583 616/616/616
f 616/616/616 583/583/583 617/617/617
f 583/583/583 584/584/584 617/617/617
f 617/617/617 584/584/584 618/618/618
f 584/584/584 585/585/585 618/618/618
f 618/618/618 585/585/585 619/619/619
f 585/585/585 586/586/586 619/619/619
f 619/619/619 586/586/586 620/620/620
f 586/586/586 587/587/587 620/620/620
f 620/620/620 587/587/587 621/621/621
f 587/587/587 588/588/588 621/621/621
f 621/621/621 588/588/588 622/622/622
f 588/588/588 589/589/589 622/622/622
f 622/622/622 589/589/589 623/623/623
f 589/589/589 590/590/590 623/623/623
f 623/623/623 590/590/590 624/624/624
f 590/590/590 591/591/591 624/624/624
f 624/624/624 591/591/591 625/625/625
f 591/591/591 592/592/592 625/625/625
f 626/626/626 593/593/593 627/627/627
f 593/593/593 594/594/594 627/627/627
f 627/627/627 594/594/594 628/628/628
f 594/594/594 595/595/595 628/628/628
f 628/628/628 595/595/595 629/629/629
f 595/595/595 596/596/596 629/629/629
f 629/629/629 596/596/596 630/630/630
f 596/596/596 597/597/597 630/630/630
f 630/630/630 597/597/597 631/631/631
f 597/597/597 598/598/598 631/631/631
f 631/631/631 598/598/598 632/632/632
f 598/598/598 599/599/599 632/632/632
f 632/632/632 599/599/599 633/633/633
f 599/599/599 600/600/600 633/633/633
f 633/633/633 600/600/600 634/634/634
f 600/600/600 601/601/601 634/634/634
f 634/634/634 601/601/601 635/635/635
f 601/601/601 602/602/602 635/635/635
f 635/635/635 602/602/602 636/636/636
f 602/602/602 603/603/603 636/636/636
f 636/636/636 603/603/603 637/637/637
f 603/603/603 604/604/604 637/637/637
f 637/637/637 604/604/604 638/638/638
f 604/604/604 605/605/605 638/638/638
f 638/638/638 605/605/605 639/639/639
f 605/605/605 606/606/606 639/639/639
f 639/639/639 606/606/606 640/640/640
f 606/606/606 607/607/607 640/640/640
f 640/640/640 607/607/607 641/641/641
f 607/607/607 608/608/608 641/641/641
f 641/641/641 608/608/608 642/642/642
f 608/608/608 609/609/609 642/642/642
f 642/642/642 609/609/609 643/643/643
f 609/609/609 610/610/610 643/643/643
f 643/643/643 610/610/610 644/644/644
f 610/610/610 611/611/611 644/644/644
f 644/644/644 611/611/611 645/645/645
f 611/611/611 612/612/612 645/645/645
f 645/645/645 612/612/612 646/646/646
f 612/612/612 613/613/613 646/646/646
f 646/646/646 613/613/613 647/647/647
f 613/613/613 614/614/614 647/647/647
f 647/647/647 614/614/614 648/648/648
f 614/614/614 615/615/615 648/648/648
f 648/648/648 615/615/615 649/649/649
f 615/615/615 616/616/616 649/649/649
f 649/649/649 616/616/616 650/650/650
f 616/616/616 617/617/617 650/650/650
f 650/650/650 617/617/617 651/651/651
f 617/617/617 618/618/618 651/651/651
f 651/651/651 618/618/618 652/652/652
f 618/618/618 619/619/619 652/652/652
f 652/652/652 619/619/619 653/653/653
f 619/619/619 620/620/620 653/653/653
f 653/653/653 620/620/620 654/654/654
f 620/620/620 621/621/621 654/654/654
f 654/654/654 621/621/621 655/655/655
f 621/621/621 622/622/622 655/655/655
f 655/655/655 622/622/622 656/656/656
f 622/622/622 623/623/623 656/656/656
f 656/656/656 623/623/623 657/657/657
f 623/623/623 624/624/624 657/657/657
f 657/657/657 624/624/624 658/658/658
f 624/624/624 625/625/625 658/658/658
f 659/659/659 626/626/626 660/660/660
f 626/626/626 627/627/627 660/660/660
f 660/660/660 627/627/627 661/661/661
f 627/627/627 628/628/628 661/661/661
f 661/661/661 628/628/628 662/662/662
f 628/628/628 629/629/629 662/662/662
f 662/662/662 629/629/629 663/663/663
f 629/629/629 630/630/630 663/663/663
f 663/663/663 630/630/630 664/664/664
f 630/630/630 631/631/631 664/664/664
f 664/664/664 631/631/631 665/665/665
f 631/631/631 632/632/632 665/665/665
f 665/665/665 632/632/632 666/666/666
f 632/632/632 633/633/633 666/666/666
f 666/666/666 633/633/633 667/667/667
f 633/633/633 634/634/634 667/667/667
f 667/667/667 634/634/634 668/668/668
f 634/634/634 635/635/635 668/668/668
f 668/668/668 635/635/635 669/669/669
f 635/635/635 636/636/636 669/669/669
f 669/669/669 636/636/636 670/670/670
f 636/636/636 637/637/637 670/670/670
f 670/670/670 637/637/637 671/671/671
f 637/637/637 638/638/638 671/671/671
f 671/671/671 638/638/638 672/672/672
f 638/638/638 639/639/639 672/672/672
f 672/672/672 639/639/639 673/673/673
f 639/639/639 640/640/640 673/673/673
f 673/673/673 640/640/640 674/674/674
f 640/640/640 641/641/641 674/674/674
f 674/674/674 641/641/641 675/675/675
f 641/641/641 642/642/642 675/675/675
f 675/675/675 642/642/642 676/676/676
f 642/642/642 643/643/643 676/676/676
f 676/676/676 643/643/643 677/677/677
f 643/643/643 644/644/644 677/677/677
f 677/677/677 644/644/644 678/678/678
f 644/644/644 645/645/645 678/678/678
f 678/678/678 645/645/645 679/679/679
f 645/645/645 646/646/646 679/679/679
f 679/679/679 646/646/646 680/680/680
f 646/646/646 647/647/647 680/680/680
f 680/680/680 647/647/647 681/681/681
f 647/647/647 648/648/648 681/681/681
f 681/681/681 648/648/648 682/682/682
f 648/648/648 649/649/649 682/682/682
f 682/682/682 649/649/649 683/683/683
f 649/649/649 650/650/650 683/683/683
f 683/683/683 650/650/650 684/684/684
f 650/650/650 651/651/651 684/684/684
f 684/684/684 651/651/651 685/685/685
f 651/651/651 652/652/652 685/685/685
f 685/685/685 652/652/652 686/686/686
f 652/652/652 653/653/653 686/686/686
f 686/686/686 653/653/653 687/687/687
f 653/653/653 654/654/654 687/687/687
f 687/687/687 654/654/654 688/688/688
f 654/654/654 655/655/655 688/688/688
f 688/688/688 655/655/655 689/689/689
f 655/655/655 656/656/656 689/689/689
f 689/689/689 656/656/656 690/690/690
f 656/656/656 657/657/657 690/690/690
f 690/690/690 657/657/657 691/691/691
f 657/657/657 658/658/658 691/691/691
f 692/692/692 659/659/659 693/693/693
f 659/659/659 660/660/660 693/693/693
f 693/693/693 660/660/660 694/694/694
f 660/660/660 661/661/661 694/694/694
f 694/694/694 661/661/661 695/695/695
f 661/661/661 662/662/662 695/695/695
f 695/695/695 662/662/662 696/696/696
f 662/662/662 663/663/663 696/696/696
f 696/696/696 663/663/663 697/697/697
f 663/663/663 664/664/664 697/697/697
f 697/697/697 664/664/664 698/698/698
f 664/664/664 665/665/665 698/698/698
f 698/698/698 665/665/665 699/699/699
f 665/665/665 666/666/666 699/699/699
f 699/699/699 666/666/666 700/700/700
f 666/666/666 667/667/667 700/700/700
f 700/700/700 667/667/667 701/701/701
f 667/667/667 668/668/668 701/701/701
f 701/701/701 668/668/668 702/702/702
f 668/668/668 669/669/669 702/702/702
f 702/702/702 669/669/669 703/703/703
f 669/669/669 670/670/670 703/703/703
f 703/703/703 670/670/670 704/704/704
f 670/670/670 671/671/671 704/704/704
f 704/704/704 671/671/671 705/705/705
f 671/671/671 672/672/672 705/705/705
f 705/705/705 672/672/672 706/706/706
f 672/672/672 673/673/673 706/706/706
f 706/706/706 673/673/673 707/707/707
f 673/673/673 674/674/674 707/707/707
f 707/707/707 674/674/674 708/708/708
f 674/674/674 675/675/675 708/708/708
f 708/708/708 675/675/675 709/709/709
f 675/675/675 676/676/676 709/709/709
f 709/709/709 676/676/676 710/710/710
f 676/676/676 677/677/677 710/710/710
f 710/710/710 677/677/677 711/711/711
f 677/677/677 678/678/678 711/711/711
f 711/711/711 678/678/678 712/712/712
f 678/678/678 679/679/679 712/712/712
f 712/712/712 679/679/679 713/713/713
f 679/679/679 680/680/680 713/713/713
f 713/713/713 680/680/680 714/714/714
f 680/680/680 681/681/681 714/714/714
f 714/714/714 681/681/681 715/715/715
f 681/681/681 682/682/682 715/715/715
f 715/715/715 682/682/682 716/716/716
f 682/682/682 683/683/683 716/716/716
f 716/716/716 683/683/683 717/717/717
f 683/683/683 684/684/684 717/717/717
f 717/717/717 684/684/684 718/718/718
f 684/684/684 685/685/685 718/718/718
f 718/718/718 685/685/685 719/719/719
f 685/685/685 686/686/686 719/719/719
f 719/719/719 686/686/686 720/720/720
f 686/686/686 687/687/687 720/720/720
f 720/720/720 687/687/687 721/721/721
f 687/687/687 688/688/688 721/721/721
f 721/721/721 688/688/688 722/722/722
f 688/688/688 689/689/689 722/722/722
f 722/722/722 689/689/689 723/723/723
f 689/689/689 690/690/690 723/723/723
f 723/723/723 690/690/690 724/724/724
f 690/690/690 691/691/691 724/724/724
f 725/725/725 692/692/692 726/726/726
f 692/692/692 693/693/693 726/726/726
f 726/726/726 693/693/693 727/727/727
f 693/693/693 694/694/694 727/727/727
f 727/727/727 694/694/694 728/728/728
f 694/694/694 695/695/695 728/728/728
f 728/728/728 695/695/695 729/729/729
f 695/695/695 696/696/696 729/729/729
f 729/729/729 696/696/696 730/730/730
f 696/696/696 697/697/697 730/730/730
f 730/730/730 697/697/697 731/731/731
f 697/697/697 698/698/698 731/731/731
f 731/731/731 698/698/698 732/732/732
f 698/698/698 699/699/699 732/732/732
f 732/732/732 699/699/699 733/733/733
f 699/699/699 700/700/700 733/733/733
f 733/733/733 700/700/700 734/734/734
f 700/700/700 701/701/701 734/734/734
f 734/734/734 701/701/701 735/735/735
f 701/701/701 702/702/702 735/735/735
f 735/735/735 702/702/702 736/736/736
f 702/702/702 703/703/703 736/736/736
f 736/736/736 703/703/703 737/737/737
f 703/703/703 704/704/704 737/737/737
f 737/737/737 704/704/704 738/738/738
f 704/704/704 705/705/705 738/738/738
f 738/738/738 705/705/705 739/739/739
f 705/705/705 706/706/706 739/739/739
f 739/739/739 706/706/706 740/740/740
f 706/706/706 707/707/707 740/740/740
f 740/740/740 707/707/707 741/741/741
f 707/707/707 708/708/708 741/741/741
f 741/741/741 708/708/708 742/742/742
f 708/708/708 709/709/709 742/742/742
f 742/742/742 709/709/709 743/743/743
f 709/709/709 710/710/710 743/743/743
f 743/743/743 710/710/710 744/744/744
f 710/710/710 711/711/711 744/744/744
f 744/744/744 711/711/711 745/745/745
f 711/711/711 712/712/712 745/745/745
f 745/745/745 712/712/712 746/746/746
f 712/712/712 713/713/713 746/746/746
f 746/746/746 713/713/713 747/747/747
f 713/713/713 714/714/714 747/747/747
f 747/747/747 714/714/714 748/748/748
f 714/714/714 715/715/715 748/748/748
f 748/748/748 715/715/715 749/749/749
f 715/715/715 716/716/716 749/749/749
f 749/749/749 716/716/716 750/750/750
f 716/716/716 717/717/717 750/750/750
f 750/750/750 717/717/717 751/751/751
f 717/717/717 718/718/718 751/751/751
f 751/751/751 718/718/718 752/752/752
f 718/718/718 719/719/719 752/752/752
f 752/752/752 719/719/719 753/753/753
f 719/719/719 720/720/720 753/753/753
f 753/753/753 720/720/720 754/754/754
f 720/720/720 721/721/721 754/754/754
f 754/754/754 721/721/721 755/755/755
f 721/721/721 722/722/722 755/755/755
f 755/755/755 722/722/722 756/756/756
f 722/722/722 723/723/723 756/756/756
f 756/756/756 723/723/723 757/757/757
f 723/723/723 724/724/724 757/757/757
o stones_primary__classic
v 0.05656854063272476 0.05656854063272476 0
v 0.05656854063272476 0 0.05656854063272476
v 0.07999999821186066 0 0
v 0.05656854063272476 0.05656854063272476 0
v 0 0.05656854063272476 0.05656854063272476
v 0.05656854063272476 0 0.05656854063272476
v 0 0.07999999821186066 0
v 0 0.05656854063272476 0.05656854063272476
v 0.05656854063272476 0.05656854063272476 0
v 0 0.05656854063272476 0.05656854063272476
v 0 0 0.07999999821186066
v 0.05656854063272476 0 0.05656854063272476
v 0.05656854063272476 0 0.05656854063272476
v 0.05656854063272476 -0.05656854063272476 0
v 0.07999999821186066 0 0
v 0.05656854063272476 0 0.05656854063272476
v 0 -0.05656854063272476 0.05656854063272476
v 0.05656854063272476 -0.05656854063272476 0
v 0 0 0.07999999821186066
v 0 -0.05656854063272476 0.05656854063272476
v 0.05656854063272476 0 0.05656854063272476
v 0 -0.05656854063272476 0.05656854063272476
v 0 -0.07999999821186066 0
v 0.05656854063272476 -0.05656854063272476 0
v 0.05656854063272476 -0.05656854063272476 0
v 0.05656854063272476 0 -0.05656854063272476
v 0.07999999821186066 0 0
v 0.05656854063272476 -0.05656854063272476 0
v 0 -0.05656854063272476 -0.05656854063272476
v 0.05656854063272476 0 -0.05656854063272476
v 0 -0.07999999821186066 0
v 0 -0.05656854063272476 -0.05656854063272476
v 0.05656854063272476 -0.05656854063272476 0
v 0 -0.05656854063272476 -0.05656854063272476
v 0 0 -0.07999999821186066
v 0.05656854063272476 0 -0.05656854063272476
v 0.05656854063272476 0 -0.05656854063272476
v 0.05656854063272476 0.05656854063272476 0
v 0.07999999821186066 0 0
v 0.05656854063272476 0 -0.05656854063272476
v 0 0.05656854063272476 -0.05656854063272476
v 0.05656854063272476 0.05656854063272476 0
v 0 0 -0.07999999821186066
v 0 0.05656854063272476 -0.05656854063272476
v 0.05656854063272476 0 -0.05656854063272476
v 0 0.05656854063272476 -0.05656854063272476
v 0 0.07999999821186066 0
v 0.05656854063272476 0.05656854063272476 0
v -0.05656854063272476 0.05656854063272476 0
v -0.05656854063272476 0 -0.05656854063272476
v -0.07999999821186066 0 0
v -0.05656854063272476 0.05656854063272476 0
v 0 0.05656854063272476 -0.05656854063272476
v -0.05656854063272476 0 -0.05656854063272476
v 0 0.07999999821186066 0
v 0 0.05656854063272476 -0.05656854063272476
v -0.05656854063272476 0.05656854063272476 0
v 0 0.05656854063272476 -0.05656854063272476
v 0 0 -0.07999999821186066
v -0.05656854063272476 0 -0.05656854063272476
v -0.05656854063272476 0 -0.05656854063272476
v -0.05656854063272476 -0.05656854063272476 0
v -0.07999999821186066 0 0
v -0.05656854063272476 0 -0.05656854063272476
v 0 -0.05656854063272476 -0.05656854063272476
v -0.05656854063272476 -0.05656854063272476 0
v 0 0 -0.07999999821186066
v 0 -0.05656854063272476 -0.05656854063272476
v -0.05656854063272476 0 -0.05656854063272476
v 0 -0.05656854063272476 -0.05656854063272476
v 0 -0.07999999821186066 0
v -0.05656854063272476 -0.05656854063272476 0
v -0.05656854063272476 -0.05656854063272476 0
v -0.05656854063272476 0 0.05656854063272476
v -0.07999999821186066 0 0
v -0.05656854063272476 -0.05656854063272476 0
v 0 -0.05656854063272476 0.05656854063272476
v -0.05656854063272476 0 0.05656854063272476
v 0 -0.07999999821186066 0
v 0 -0.05656854063272476 0.05656854063272476
v -0.05656854063272476 -0.05656854063272476 0
v 0 -0.05656854063272476 0.05656854063272476
v 0 0 0.07999999821186066
v -0.05656854063272476 0 0.05656854063272476
v -0.05656854063272476 0 0.05656854063272476
v -0.05656854063272476 0.05656854063272476 0
v -0.07999999821186066 0 0
v -0.05656854063272476 0 0.05656854063272476
v 0 0.05656854063272476 0.05656854063272476
v -0.05656854063272476 0.05656854063272476 0
v 0 0 0.07999999821186066
v 0 0.05656854063272476 0.05656854063272476
v -0.05656854063272476 0 0.05656854063272476
v 0 0.05656854063272476 0.05656854063272476
v 0 0.07999999821186066 0
v -0.05656854063272476 0.05656854063272476 0
vt 1 0.75
vt 0.875 0.5
vt 1 0.5
vt 1 0.75
vt 0.75 0.75
vt 0.875 0.5
vt 0.875 1
vt 0.75 0.75
vt 1 0.75
vt 0.75 0.75
vt 0.75 0.5
vt 0.875 0.5
vt 0.875 0.5
vt 1 0.25
vt 1 0.5
vt 0.875 0.5
vt 0.75 0.25
vt 1 0.25
vt 0.75 0.5
vt 0.75 0.25
vt 0.875 0.5
vt 0.75 0.25
vt 0.875 0
vt 1 0.25
vt 0 0.25
vt 0.125 0.5
vt 0 0.5
vt 0 0.25
vt 0.25 0.25
vt 0.125 0.5
vt 0.125 0
vt 0.25 0.25
vt 0 0.25
vt 0.25 0.25
vt 0.25 0.5
vt 0.125 0.5
vt 0.125 0.5
vt 0 0.75
vt 0 0.5
vt 0.125 0.5
vt 0.25 0.75
vt 0 0.75
vt 0.25 0.5
vt 0.25 0.75
vt 0.125 0.5
vt 0.25 0.75
vt 0.125 1
vt 0 0.75
vt 0.5 0.75
vt 0.375 0.5
vt 0.5 0.5
vt 0.5 0.75
vt 0.25 0.75
vt 0.375 0.5
vt 0.375 1
vt 0.25 0.75
vt 0.5 0.75
vt 0.25 0.75
vt 0.25 0.5
vt 0.375 0.5
vt 0.375 0.5
vt 0.5 0.25
vt 0.5 0.5
vt 0.375 0.5
vt 0.25 0.25
vt 0.5 0.25
vt 0.25 0.5
vt 0.25 0.25
vt 0.375 0.5
vt 0.25 0.25
vt 0.375 0
vt 0.5 0.25
vt 0.5 0.25
vt 0.625 0.5
vt 0.5 0.5
vt 0.5 0.25
vt 0.75 0.25
vt 0.625 0.5
vt 0.625 0
vt 0.75 0.25
vt 0.5 0.25
vt 0.75 0.25
vt 0.75 0.5
vt 0.625 0.5
vt 0.625 0.5
vt 0.5 0.75
vt 0.5 0.5
vt 0.625 0.5
vt 0.75 0.75
vt 0.5 0.75
vt 0.75 0.5
vt 0.75 0.75
vt 0.625 0.5
vt 0.75 0.75
vt 0.625 1
vt 0.5 0.75
vn 0.7071067811865476 0.7071067811865476 0
vn 0.7071067811865476 0 0.7071067811865476
vn 1 0 0
vn 0.7071067811865476 0.7071067811865476 0
vn 0 0.7071067811865476 0.7071067811865476
vn 0.7071067811865476 0 0.7071067811865476
vn 0 1 0
vn 0 0.7071067811865476 0.7071067811865476
vn 0.7071067811865476 0.7071067811865476 0
vn 0 0.7071067811865476 0.7071067811865476
vn 0 0 1
vn 0.7071067811865476 0 0.7071067811865476
vn 0.7071067811865476 0 0.7071067811865476
vn 0.7071067811865476 -0.7071067811865476 0
vn 1 0 0
vn 0.7071067811865476 0 0.7071067811865476
vn 0 -0.7071067811865476 0.7071067811865476
vn 0.7071067811865476 -0.7071067811865476 0
vn 0 0 1
vn 0 -0.7071067811865476 0.7071067811865476
vn 0.7071067811865476 0 0.7071067811865476
vn 0 -0.7071067811865476 0.7071067811865476
vn 0 -1 0
vn 0.7071067811865476 -0.7071067811865476 0
vn 0.7071067811865476 -0.7071067811865476 0
vn 0.7071067811865476 0 -0.7071067811865476
vn 1 0 0
vn 0.7071067811865476 -0.7071067811865476 0
vn 0 -0.7071067811865476 -0.7071067811865476
vn 0.7071067811865476 0 -0.7071067811865476
vn 0 -1 0
vn 0 -0.7071067811865476 -0.7071067811865476
vn 0.7071067811865476 -0.7071067811865476 0
vn 0 -0.7071067811865476 -0.7071067811865476
vn 0 0 -1
vn 0.7071067811865476 0 -0.7071067811865476
vn 0.7071067811865476 0 -0.7071067811865476
vn 0.7071067811865476 0.7071067811865476 0
vn 1 0 0
vn 0.7071067811865476 0 -0.7071067811865476
vn 0 0.7071067811865476 -0.7071067811865476
vn 0.7071067811865476 0.7071067811865476 0
vn 0 0 -1
vn 0 0.7071067811865476 -0.7071067811865476
vn 0.7071067811865476 0 -0.7071067811865476
vn 0 0.7071067811865476 -0.7071067811865476
vn 0 1 0
vn 0.7071067811865476 0.7071067811865476 0
vn -0.7071067811865476 0.7071067811865476 0
vn -0.7071067811865476 0 -0.7071067811865476
vn -1 0 0
vn -0.7071067811865476 0.7071067811865476 0
vn 0 0.7071067811865476 -0.7071067811865476
vn -0.7071067811865476 0 -0.7071067811865476
vn 0 1 0
vn 0 0.7071067811865476 -0.7071067811865476
vn -0.7071067811865476 0.7071067811865476 0
vn 0 0.7071067811865476 -0.7071067811865476
vn 0 0 -1
vn -0.7071067811865476 0 -0.7071067811865476
vn -0.7071067811865476 0 -0.7071067811865476
vn -0.7071067811865476 -0.7071067811865476 0
vn -1 0 0
vn -0.7071067811865476 0 -0.7071067811865476
vn 0 -0.7071067811865476 -0.7071067811865476
vn -0.7071067811865476 -0.7071067811865476 0
vn 0 0 -1
vn 0 -0.7071067811865476 -0.7071067811865476
vn -0.7071067811865476 0 -0.7071067811865476
vn 0 -0.7071067811865476 -0.7071067811865476
vn 0 -1 0
vn -0.7071067811865476 -0.7071067811865476 0
vn -0.7071067811865476 -0.7071067811865476 0
vn -0.7071067811865476 0 0.7071067811865476
vn -1 0 0
vn -0.7071067811865476 -0.7071067811865476 0
vn 0 -0.7071067811865476 0.7071067811865476
vn -0.7071067811865476 0 0.7071067811865476
vn 0 -1 0
vn 0 -0.7071067811865476 0.7071067811865476
vn -0.7071067811865476 -0.7071067811865476 0
vn 0 -0.7071067811865476 0.7071067811865476
vn 0 0 1
vn -0.7071067811865476 0 0.7071067811865476
vn -0.7071067811865476 0 0.7071067811865476
vn -0.7071067811865476 0.7071067811865476 0
vn -1 0 0
vn -0.7071067811865476 0 0.7071067811865476
vn 0 0.7071067811865476 0.7071067811865476
vn -0.7071067811865476 0.7071067811865476 0
vn 0 0 1
vn 0 0.7071067811865476 0.7071067811865476
vn -0.7071067811865476 0 0.7071067811865476
vn 0 0.7071067811865476 0.7071067811865476
vn 0 1 0
vn -0.7071067811865476 0.7071067811865476 0
f 758/758/758 759/759/759 760/760/760
f 761/761/761 762/762/762 763/763/763
f 764/764/764 765/765/765 766/766/766
f 767/767/767 768/768/768 769/769/769
f 770/770/770 771/771/771 772/772/772
f 773/773/773 774/774/774 775/775/775
f 776/776/776 777/777/777 778/778/778
f 779/779/779 780/780/780 781/781/781
f 782/782/782 783/783/783 784/784/784
f 785/785/785 786/786/786 787/787/787
f 788/788/788 789/789/789 790/790/790
f 791/791/791 792/792/792 793/793/793
f 794/794/794 795/795/795 796/796/796
f 797/797/797 798/798/798 799/799/799
f 800/800/800 801/801/801 802/802/802
f 803/803/803 804/804/804 805/805/805
f 806/806/806 807/807/807 808/808/808
f 809/809/809 810/810/810 811/811/811
f 812/812/812 813/813/813 814/814/814
f 815/815/815 816/816/816 817/817/817
f 818/818/818 819/819/819 820/820/820
f 821/821/821 822/822/822 823/823/823
f 824/824/824 825/825/825 826/826/826
f 827/827/827 828/828/828 829/829/829
f 830/830/830 831/831/831 832/832/832
f 833/833/833 834/834/834 835/835/835
f 836/836/836 837/837/837 838/838/838
f 839/839/839 840/840/840 841/841/841
f 842/842/842 843/843/843 844/844/844
f 845/845/845 846/846/846 847/847/847
f 848/848/848 849/849/849 850/850/850
f 851/851/851 852/852/852 853/853/853
o metal_bands__pendant_bar
v 0.10999999940395355 0.20999999344348907 0.019999999552965164
v 0.10999999940395355 0.20999999344348907 0
v 0.10999999940395355 0.20999999344348907 -0.019999999552965164
v 0.10999999940395355 0.1574999988079071 0.019999999552965164
v 0.10999999940395355 0.1574999988079071 0
v 0.10999999940395355 0.1574999988079071 -0.019999999552965164
v 0.10999999940395355 0.10499999672174454 0.019999999552965164
v 0.10999999940395355 0.10499999672174454 0
v 0.10999999940395355 0.10499999672174454 -0.019999999552965164
v 0.10999999940395355 0.05249999836087227 0.019999999552965164
v 0.10999999940395355 0.05249999836087227 0
v 0.10999999940395355 0.05249999836087227 -0.019999999552965164
v 0.10999999940395355 0 0.019999999552965164
v 0.10999999940395355 0 0
v 0.10999999940395355 0 -0.019999999552965164
v 0.10999999940395355 -0.05249999836087227 0.019999999552965164
v 0.10999999940395355 -0.05249999836087227 0
v 0.10999999940395355 -0.05249999836087227 -0.019999999552965164
v 0.10999999940395355 -0.10499999672174454 0.019999999552965164
v 0.10999999940395355 -0.10499999672174454 0
v 0.10999999940395355 -0.10499999672174454 -0.019999999552965164
v 0.10999999940395355 -0.1574999988079071 0.019999999552965164
v 0.10999999940395355 -0.1574999988079071 0
v 0.10999999940395355 -0.1574999988079071 -0.019999999552965164
v 0.10999999940395355 -0.20999999344348907 0.019999999552965164
v 0.10999999940395355 -0.20999999344348907 0
v 0.10999999940395355 -0.20999999344348907 -0.019999999552965164
v -0.10999999940395355 0.20999999344348907 -0.019999999552965164
v -0.10999999940395355 0.20999999344348907 0
v -0.10999999940395355 0.20999999344348907 0.019999999552965164
v -0.10999999940395355 0.1574999988079071 -0.019999999552965164
v -0.10999999940395355 0.1574999988079071 0
v -0.10999999940395355 0.1574999988079071 0.019999999552965164
v -0.10999999940395355 0.10499999672174454 -0.019999999552965164
v -0.10999999940395355 0.10499999672174454 0
v -0.10999999940395355 0.10499999672174454 0.019999999552965164
v -0.10999999940395355 0.05249999836087227 -0.019999999552965164
v -0.10999999940395355 0.05249999836087227 0
v -0.10999999940395355 0.05249999836087227 0.019999999552965164
v -0.10999999940395355 0 -0.019999999552965164
v -0.10999999940395355 0 0
v -0.10999999940395355 0 0.019999999552965164
v -0.10999999940395355 -0.05249999836087227 -0.019999999552965164
v -0.10999999940395355 -0.05249999836087227 0
v -0.10999999940395355 -0.05249999836087227 0.019999999552965164
v -0.10999999940395355 -0.10499999672174454 -0.019999999552965164
v -0.10999999940395355 -0.10499999672174454 0
v -0.10999999940395355 -0.10499999672174454 0.019999999552965164
v -0.10999999940395355 -0.1574999988079071 -0.019999999552965164
v -0.10999999940395355 -0.1574999988079071 0
v -0.10999999940395355 -0.1574999988079071 0.019999999552965164
v -0.10999999940395355 -0.20999999344348907 -0.019999999552965164
v -0.10999999940395355 -0.20999999344348907 0
v -0.10999999940395355 -0.20999999344348907 0.019999999552965164
v -0.10999999940395355 0.20999999344348907 -0.019999999552965164
v -0.054999999701976776 0.20999999344348907 -0.019999999552965164
v 0 0.20999999344348907 -0.019999999552965164
v 0.054999999701976776 0.20999999344348907 -0.019999999552965164
v 0.10999999940395355 0.20999999344348907 -0.019999999552965164
v -0.10999999940395355 0.20999999344348907 0
v -0.054999999701976776 0.20999999344348907 0
v 0 0.20999999344348907 0
v 0.054999999701976776 0.20999999344348907 0
v 0.10999999940395355 0.20999999344348907 0
v -0.10999999940395355 0.20999999344348907 0.019999999552965164
v -0.054999999701976776 0.20999999344348907 0.019999999552965164
v 0 0.20999999344348907 0.019999999552965164
v 0.054999999701976776 0.20999999344348907 0.019999999552965164
v 0.10999999940395355 0.20999999344348907 0.019999999552965164
v -0.10999999940395355 -0.20999999344348907 0.019999999552965164
v -0.054999999701976776 -0.20999999344348907 0.019999999552965164
v 0 -0.20999999344348907 0.019999999552965164
v 0.054999999701976776 -0.20999999344348907 0.019999999552965164
v 0.10999999940395355 -0.20999999344348907 0.019999999552965164
v -0.10999999940395355 -0.20999999344348907 0
v -0.054999999701976776 -0.20999999344348907 0
v 0 -0.20999999344348907 0
v 0.054999999701976776 -0.20999999344348907 0
v 0.10999999940395355 -0.20999999344348907 0
v -0.10999999940395355 -0.20999999344348907 -0.019999999552965164
v -0.054999999701976776 -0.20999999344348907 -0.019999999552965164
v 0 -0.20999999344348907 -0.019999999552965164
v 0.054999999701976776 -0.20999999344348907 -0.019999999552965164
v 0.10999999940395355 -0.20999999344348907 -0.019999999552965164
v -0.10999999940395355 0.20999999344348907 0.019999999552965164
v -0.054999999701976776 0.20999999344348907 0.019999999552965164
v 0 0.20999999344348907 0.019999999552965164
v 0.054999999701976776 0.20999999344348907 0.019999999552965164
v 0.10999999940395355 0.20999999344348907 0.019999999552965164
v -0.10999999940395355 0.1574999988079071 0.019999999552965164
v -0.054999999701976776 0.1574999988079071 0.019999999552965164
v 0 0.1574999988079071 0.019999999552965164
v 0.054999999701976776 0.1574999988079071 0.019999999552965164
v 0.10999999940395355 0.1574999988079071 0.019999999552965164
v -0.10999999940395355 0.10499999672174454 0.019999999552965164
v -0.054999999701976776 0.10499999672174454 0.019999999552965164
v 0 0.10499999672174454 0.019999999552965164
v 0.054999999701976776 0.10499999672174454 0.019999999552965164
v 0.10999999940395355 0.10499999672174454 0.019999999552965164
v -0.10999999940395355 0.05249999836087227 0.019999999552965164
v -0.054999999701976776 0.05249999836087227 0.019999999552965164
v 0 0.05249999836087227 0.019999999552965164
v 0.054999999701976776 0.05249999836087227 0.019999999552965164
v 0.10999999940395355 0.05249999836087227 0.019999999552965164
v -0.10999999940395355 0 0.019999999552965164
v -0.054999999701976776 0 0.019999999552965164
v 0 0 0.019999999552965164
v 0.054999999701976776 0 0.019999999552965164
v 0.10999999940395355 0 0.019999999552965164
v -0.10999999940395355 -0.05249999836087227 0.019999999552965164
v -0.054999999701976776 -0.05249999836087227 0.019999999552965164
v 0 -0.05249999836087227 0.019999999552965164
v 0.054999999701976776 -0.05249999836087227 0.019999999552965164
v 0.10999999940395355 -0.05249999836087227 0.019999999552965164
v -0.10999999940395355 -0.10499999672174454 0.019999999552965164
v -0.054999999701976776 -0.10499999672174454 0.019999999552965164
v 0 -0.10499999672174454 0.019999999552965164
v 0.054999999701976776 -0.10499999672174454 0.019999999552965164
v 0.10999999940395355 -0.10499999672174454 0.019999999552965164
v -0.10999999940395355 -0.1574999988079071 0.019999999552965164
v -0.054999999701976776 -0.1574999988079071 0.019999999552965164
v 0 -0.1574999988079071 0.019999999552965164
v 0.054999999701976776 -0.1574999988079071 0.019999999552965164
v 0.10999999940395355 -0.1574999988079071 0.019999999552965164
v -0.10999999940395355 -0.20999999344348907 0.019999999552965164
v -0.054999999701976776 -0.20999999344348907 0.019999999552965164
v 0 -0.20999999344348907 0.019999999552965164
v 0.054999999701976776 -0.20999999344348907 0.019999999552965164
v 0.10999999940395355 -0.20999999344348907 0.019999999552965164
v 0.10999999940395355 0.20999999344348907 -0.019999999552965164
v 0.054999999701976776 0.20999999344348907 -0.019999999552965164
v 0 0.20999999344348907 -0.019999999552965164
v -0.054999999701976776 0.20999999344348907 -0.019999999552965164
v -0.10999999940395355 0.20999999344348907 -0.019999999552965164
v 0.10999999940395355 0.1574999988079071 -0.019999999552965164
v 0.054999999701976776 0.1574999988079071 -0.019999999552965164
v 0 0.1574999988079071 -0.019999999552965164
v -0.054999999701976776 0.1574999988079071 -0.019999999552965164
v -0.10999999940395355 0.1574999988079071 -0.019999999552965164
v 0.10999999940395355 0.10499999672174454 -0.019999999552965164
v 0.054999999701976776 0.10499999672174454 -0.019999999552965164
v 0 0.10499999672174454 -0.019999999552965164
v -0.054999999701976776 0.10499999672174454 -0.019999999552965164
v -0.10999999940395355 0.10499999672174454 -0.019999999552965164
v 0.10999999940395355 0.05249999836087227 -0.019999999552965164
v 0.054999999701976776 0.05249999836087227 -0.019999999552965164
v 0 0.05249999836087227 -0.019999999552965164
v -0.054999999701976776 0.05249999836087227 -0.019999999552965164
v -0.10999999940395355 0.05249999836087227 -0.019999999552965164
v 0.10999999940395355 0 -0.019999999552965164
v 0.054999999701976776 0 -0.019999999552965164
v 0 0 -0.019999999552965164
v -0.054999999701976776 0 -0.019999999552965164
v -0.10999999940395355 0 -0.019999999552965164
v 0.10999999940395355 -0.05249999836087227 -0.019999999552965164
v 0.054999999701976776 -0.05249999836087227 -0.019999999552965164
v 0 -0.05249999836087227 -0.019999999552965164
v -0.054999999701976776 -0.05249999836087227 -0.019999999552965164
v -0.10999999940395355 -0.05249999836087227 -0.019999999552965164
v 0.10999999940395355 -0.10499999672174454 -0.019999999552965164
v 0.054999999701976776 -0.10499999672174454 -0.019999999552965164
v 0 -0.10499999672174454 -0.019999999552965164
v -0.054999999701976776 -0.10499999672174454 -0.019999999552965164
v -0.10999999940395355 -0.10499999672174454 -0.019999999552965164
v 0.10999999940395355 -0.1574999988079071 -0.019999999552965164
v 0.054999999701976776 -0.1574999988079071 -0.019999999552965164
v 0 -0.1574999988079071 -0.019999999552965164
v -0.054999999701976776 -0.1574999988079071 -0.019999999552965164
v -0.10999999940395355 -0.1574999988079071 -0.019999999552965164
v 0.10999999940395355 -0.20999999344348907 -0.019999999552965164
v 0.054999999701976776 -0.20999999344348907 -0.019999999552965164
v 0 -0.20999999344348907 -0.019999999552965164
v -0.054999999701976776 -0.20999999344348907 -0.019999999552965164
v -0.10999999940395355 -0.20999999344348907 -0.019999999552965164
vt 0 1
vt 0.5 1
vt 1 1
vt 0 0.875
vt 0.5 0.875
vt 1 0.875
vt 0 0.75
vt 0.5 0.75
vt 1 0.75
vt 0 0.625
vt 0.5 0.625
vt 1 0.625
vt 0 0.5
vt 0.5 0.5
vt 1 0.5
vt 0 0.375
vt 0.5 0.375
vt 1 0.375
vt 0 0.25
vt 0.5 0.25
vt 1 0.25
vt 0 0.125
vt 0.5 0.125
vt 1 0.125
vt 0 0
vt 0.5 0
vt 1 0
vt 0 1
vt 0.5 1
vt 1 1
vt 0 0.875
vt 0.5 0.875
vt 1 0.875
vt 0 0.75
vt 0.5 0.75
vt 1 0.75
vt 0 0.625
vt 0.5 0.625
vt 1 0.625
vt 0 0.5
vt 0.5 0.5
vt 1 0.5
vt 0 0.375
vt 0.5 0.375
vt 1 0.375
vt 0 0.25
vt 0.5 0.25
vt 1 0.25
vt 0 0.125
vt 0.5 0.125
vt 1 0.125
vt 0 0
vt 0.5 0
vt 1 0
vt 0 1
vt 0.25 1
vt 0.5 1
vt 0.75 1
vt 1 1
vt 0 0.5
vt 0.25 0.5
vt 0.5 0.5
vt 0.75 0.5
vt 1 0.5
vt 0 0
vt 0.25 0
vt 0.5 0
vt 0.75 0
vt 1 0
vt 0 1
vt 0.25 1
vt 0.5 1
vt 0.75 1
vt 1 1
vt 0 0.5
vt 0.25 0.5
vt 0.5 0.5
vt 0.75 0.5
vt 1 0.5
vt 0 0
vt 0.25 0
vt 0.5 0
vt 0.75 0
vt 1 0
vt 0 1
vt 0.25 1
vt 0.5 1
vt 0.75 1
vt 1 1
vt 0 0.875
vt 0.25 0.875
vt 0.5 0.875
vt 0.75 0.875
vt 1 0.875
vt 0 0.75
vt 0.25 0.75
vt 0.5 0.75
vt 0.75 0.75
vt 1 0.75
vt 0 0.625
vt 0.25 0.625
vt 0.5 0.625
vt 0.75 0.625
vt 1 0.625
vt 0 0.5
vt 0.25 0.5
vt 0.5 0.5
vt 0.75 0.5
vt 1 0.5
vt 0 0.375
vt 0.25 0.375
vt 0.5 0.375
vt 0.75 0.375
vt 1 0.375
vt 0 0.25
vt 0.25 0.25
vt 0.5 0.25
vt 0.75 0.25
vt 1 0.25
vt 0 0.125
vt 0.25 0.125
vt 0.5 0.125
vt 0.75 0.125
vt 1 0.125
vt 0 0
vt 0.25 0
vt 0.5 0
vt 0.75 0
vt 1 0
vt 0 1
vt 0.25 1
vt 0.5 1
vt 0.75 1
vt 1 1
vt 0 0.875
vt 0.25 0.875
vt 0.5 0.875
vt 0.75 0.875
vt 1 0.875
vt 0 0.75
vt 0.25 0.75
vt 0.5 0.75
vt 0.75 0.75
vt 1 0.75
vt 0 0.625
vt 0.25 0.625
vt 0.5 0.625
vt 0.75 0.625
vt 1 0.625
vt 0 0.5
vt 0.25 0.5
vt 0.5 0.5
vt 0.75 0.5
vt 1 0.5
vt 0 0.375
vt 0.25 0.375
vt 0.5 0.375
vt 0.75 0.375
vt 1 0.375
vt 0 0.25
vt 0.25 0.25
vt 0.5 0.25
vt 0.75 0.25
vt 1 0.25
vt 0 0.125
vt 0.25 0.125
vt 0.5 0.125
vt 0.75 0.125
vt 1 0.125
vt 0 0
vt 0.25 0
vt 0.5 0
vt 0.75 0
vt 1 0
vn 1 0 0
vn 1 0 0
vn 1 0 0
vn 1 0 0
vn 1 0 0
vn 1 0 0
vn 1 0 0
vn 1 0 0
vn 1 0 0
vn 1 0 0
vn 1 0 0
vn 1 0 0
vn 1 0 0
vn 1 0 0
vn 1 0 0
vn 1 0 0
vn 1 0 0
vn 1 0 0
vn 1 0 0
vn 1 0 0
vn 1 0 0
vn 1 0 0
vn 1 0 0
vn 1 0 0
vn 1 0 0
vn 1 0 0
vn 1 0 0
vn -1 0 0
vn -1 0 0
vn -1 0 0
vn -1 0 0
vn -1 0 0
vn -1 0 0
vn -1 0 0
vn -1 0 0
vn -1 0 0
vn -1 0 0
vn -1 0 0
vn -1 0 0
vn -1 0 0
vn -1 0 0
vn -1 0 0
vn -1 0 0
vn -1 0 0
vn -1 0 0
vn -1 0 0
vn -1 0 0
vn -1 0 0
vn -1 0 0
vn -1 0 0
vn -1 0 0
vn -1 0 0
vn -1 0 0
vn -1 0 0
vn 0 1 0
vn 0 1 0
vn 0 1 0
vn 0 1 0
vn 0 1 0
vn 0 1 0
vn 0 1 0
vn 0 1 0
vn 0 1 0
vn 0 1 0
vn 0 1 0
vn 0 1 0
vn 0 1 0
vn 0 1 0
vn 0 1 0
vn 0 -1 0
vn 0 -1 0
vn 0 -1 0
vn 0 -1 0
vn 0 -1 0
vn 0 -1 0
vn 0 -1 0
vn 0 -1 0
vn 0 -1 0
vn 0 -1 0
vn 0 -1 0
vn 0 -1 0
vn 0 -1 0
vn 0 -1 0
vn 0 -1 0
vn 0 0 1
vn 0 0 1
vn 0 0 1
vn 0 0 1
vn 0 0 1
vn 0 0 1
vn 0 0 1
vn 0 0 1
vn 0 0 1
vn 0 0 1
vn 0 0 1
vn 0 0 1
vn 0 0 1
vn 0 0 1
vn 0 0 1
vn 0 0 1
vn 0 0 1
vn 0 0 1
vn 0 0 1
vn 0 0 1
vn 0 0 1
vn 0 0 1
vn 0 0 1
vn 0 0 1
vn 0 0 1
vn 0 0 1
vn 0 0 1
vn 0 0 1
vn 0 0 1
vn 0 0 1
vn 0 0 1
vn 0 0 1
vn 0 0 1
vn 0 0 1
vn 0 0 1
vn 0 0 1
vn 0 0 1
vn 0 0 1
vn 0 0 1
vn 0 0 1
vn 0 0 1
vn 0 0 1
vn 0 0 1
vn 0 0 1
vn 0 0 1
vn 0 0 -1
vn 0 0 -1
vn 0 0 -1
vn 0 0 -1
vn 0 0 -1
vn 0 0 -1
vn 0 0 -1
vn 0 0 -1
vn 0 0 -1
vn 0 0 -1
vn 0 0 -1
vn 0 0 -1
vn 0 0 -1
vn 0 0 -1
vn 0 0 -1
vn 0 0 -1
vn 0 0 -1
vn 0 0 -1
vn 0 0 -1
vn 0 0 -1
vn 0 0 -1
vn 0 0 -1
vn 0 0 -1
vn 0 0 -1
vn 0 0 -1
vn 0 0 -1
vn 0 0 -1
vn 0 0 -1
vn 0 0 -1
vn 0 0 -1
vn 0 0 -1
vn 0 0 -1
vn 0 0 -1
vn 0 0 -1
vn 0 0 -1
vn 0 0 -1
vn 0 0 -1
vn 0 0 -1
vn 0 0 -1
vn 0 0 -1
vn 0 0 -1
vn 0 0 -1
vn 0 0 -1
vn 0 0 -1
vn 0 0 -1
f 854/854/854 857/857/857 855/855/855
f 857/857/857 858/858/858 855/855/855
f 855/855/855 858/858/858 856/856/856
f 858/858/858 859/859/859 856/856/856
f 857/857/857 860/860/860 858/858/858
f 860/860/860 861/861/861 858/858/858
f 858/858/858 861/861/861 859/859/859
f 861/861/861 862/862/862 859/859/859
f 860/860/860 863/863/863 861/861/861
f 863/863/863 864/864/864 861/861/861
f 861/861/861 864/864/864 862/862/862
f 864/864/864 865/865/865 862/862/862
f 863/863/863 866/866/866 864/864/864
f 866/866/866 867/867/867 864/864/864
f 864/864/864 867/867/867 865/865/865
f 867/867/867 868/868/868 865/865/865
f 866/866/866 869/869/869 867/867/867
f 869/869/869 870/870/870 867/867/867
f 867/867/867 870/870/870 868/868/868
f 870/870/870 871/871/871 868/868/868
f 869/869/869 872/872/872 870/870/870
f 872/872/872 873/873/873 870/870/870
f 870/870/870 873/873/873 871/871/871
f 873/873/873 874/874/874 871/871/871
f 872/872/872 875/875/875 873/873/873
f 875/875/875 876/876/876 873/873/873
f 873/873/873 876/876/876 874/874/874
f 876/876/876 877/877/877 874/874/874
f 875/875/875 878/878/878 876/876/876
f 878/878/878 879/879/879 876/876/876
f 876/876/876 879/879/879 877/877/877
f 879/879/879 880/880/880 877/877/877
f 881/881/881 884/884/884 882/882/882
f 884/884/884 885/885/885 882/882/882
f 882/882/882 885/885/885 883/883/883
f 885/885/885 886/886/886 883/883/883
f 884/884/884 887/887/887 885/885/885
f 887/887/887 888/888/888 885/885/885
f 885/885/885 888/888/888 886/886/886
f 888/888/888 889/889/889 886/886/886
f 887/887/887 890/890/890 888/888/888
f 890/890/890 891/891/891 888/888/888
f 888/888/888 891/891/891 889/889/889
f 891/891/891 892/892/892 889/889/889
f 890/890/890 893/893/893 891/891/891
f 893/893/893 894/894/894 891/891/891
f 891/891/891 894/894/894 892/892/892
f 894/894/894 895/895/895 892/892/892
f 893/893/893 896/896/896 894/894/894
f 896/896/896 897/897/897 894/894/894
f 894/894/894 897/897/897 895/895/895
f 897/897/897 898/898/898 895/895/895
f 896/896/896 899/899/899 897/897/897
f 899/899/899 900/900/900 897/897/897
f 897/897/897 900/900/900 898/898/898
f 900/900/900 901/901/901 898/898/898
f 899/899/899 902/902/902 900/900/900
f 902/902/902 903/903/903 900/900/900
f 900/900/900 903/903/903 901/901/901
f 903/903/903 904/904/904 901/901/901
f 902/902/902 905/905/905 903/903/903
f 905/905/905 906/906/906 903/903/903
f 903/903/903 906/906/906 904/904/904
f 906/906/906 907/907/907 904/904/904
f 908/908/908 913/913/913 909/909/909
f 913/913/913 914/914/914 909/909/909
f 909/909/909 914/914/914 910/910/910
f 914/914/914 915/915/915 910/910/910
f 910/910/910 915/915/915 911/911/911
f 915/915/915 916/916/916 911/911/911
f 911/911/911 916/916/916 912/912/912
f 916/916/916 917/917/917 912/912/912
f 913/913/913 918/918/918 914/914/914
f 918/918/918 919/919/919 914/914/914
f 914/914/914 919/919/919 915/915/915
f 919/919/919 920/920/920 915/915/915
f 915/915/915 920/920/920 916/916/916
f 920/920/920 921/921/921 916/916/916
f 916/916/916 921/921/921 917/917/917
f 921/921/921 922/922/922 917/917/917
f 923/923/923 928/928/928 924/924/924
f 928/928/928 929/929/929 924/924/924
f 924/924/924 929/929/929 925/925/925
f 929/929/929 930/930/930 925/925/925
f 925/925/925 930/930/930 926/926/926
f 930/930/930 931/931/931 926/926/926
f 926/926/926 931/931/931 927/927/927
f 931/931/931 932/932/932 927/927/927
f 928/928/928 933/933/933 929/929/929
f 933/933/933 934/934/934 929/929/929
f 929/929/929 934/934/934 930/930/930
f 934/934/934 935/935/935 930/930/930
f 930/930/930 935/935/935 931/931/931
f 935/935/935 936/936/936 931/931/931
f 931/931/931 936/936/936 932/932/932
f 936/936/936 937/937/937 932/932/932
f 938/938/938 943/943/943 939/939/939
f 943/943/943 944/944/944 939/939/939
f 939/939/939 944/944/944 940/940/940
f 944/944/944 945/945/945 940/940/940
f 940/940/940 945/945/945 941/941/941
f 945/945/945 946/946/946 941/941/941
f 941/941/941 946/946/946 942/942/942
f 946/946/946 947/947/947 942/942/942
f 943/943/943 948/948/948 944/944/944
f 948/948/948 949/949/949 944/944/944
f 944/944/944 949/949/949 945/945/945
f 949/949/949 950/950/950 945/945/945
f 945/945/945 950/950/950 946/946/946
f 950/950/950 951/951/951 946/946/946
f 946/946/946 951/951/951 947/947/947
f 951/951/951 952/952/952 947/947/947
f 948/948/948 953/953/953 949/949/949
f 953/953/953 954/954/954 949/949/949
f 949/949/949 954/954/954 950/950/950
f 954/954/954 955/955/955 950/950/950
f 950/950/950 955/955/955 951/951/951
f 955/955/955 956/956/956 951/951/951
f 951/951/951 956/956/956 952/952/952
f 956/956/956 957/957/957 952/952/952
f 953/953/953 958/958/958 954/954/954
f 958/958/958 959/959/959 954/954/954
f 954/954/954 959/959/959 955/955/955
f 959/959/959 960/960/960 955/955/955
f 955/955/955 960/960/960 956/956/956
f 960/960/960 961/961/961 956/956/956
f 956/956/956 961/961/961 957/957/957
f 961/961/961 962/962/962 957/957/957
f 958/958/958 963/963/963 959/959/959
f 963/963/963 964/964/964 959/959/959
f 959/959/959 964/964/964 960/960/960
f 964/964/964 965/965/965 960/960/960
f 960/960/960 965/965/965 961/961/961
f 965/965/965 966/966/966 961/961/961
f 961/961/961 966/966/966 962/962/962
f 966/966/966 967/967/967 962/962/962
f 963/963/963 968/968/968 964/964/964
f 968/968/968 969/969/969 964/964/964
f 964/964/964 969/969/969 965/965/965
f 969/969/969 970/970/970 965/965/965
f 965/965/965 970/970/970 966/966/966
f 970/970/970 971/971/971 966/966/966
f 966/966/966 971/971/971 967/967/967
f 971/971/971 972/972/972 967/967/967
f 968/968/968 973/973/973 969/969/969
f 973/973/973 974/974/974 969/969/969
f 969/969/969 974/974/974 970/970/970
f 974/974/974 975/975/975 970/970/970
f 970/970/970 975/975/975 971/971/971
f 975/975/975 976/976/976 971/971/971
f 971/971/971 976/976/976 972/972/972
f 976/976/976 977/977/977 972/972/972
f 973/973/973 978/978/978 974/974/974
f 978/978/978 979/979/979 974/974/974
f 974/974/974 979/979/979 975/975/975
f 979/979/979 980/980/980 975/975/975
f 975/975/975 980/980/980 976/976/976
f 980/980/980 981/981/981 976/976/976
f 976/976/976 981/981/981 977/977/977
f 981/981/981 982/982/982 977/977/977
f 983/983/983 988/988/988 984/984/984
f 988/988/988 989/989/989 984/984/984
f 984/984/984 989/989/989 985/985/985
f 989/989/989 990/990/990 985/985/985
f 985/985/985 990/990/990 986/986/986
f 990/990/990 991/991/991 986/986/986
f 986/986/986 991/991/991 987/987/987
f 991/991/991 992/992/992 987/987/987
f 988/988/988 993/993/993 989/989/989
f 993/993/993 994/994/994 989/989/989
f 989/989/989 994/994/994 990/990/990
f 994/994/994 995/995/995 990/990/990
f 990/990/990 995/995/995 991/991/991
f 995/995/995 996/996/996 991/991/991
f 991/991/991 996/996/996 992/992/992
f 996/996/996 997/997/997 992/992/992
f 993/993/993 998/998/998 994/994/994
f 998/998/998 999/999/999 994/994/994
f 994/994/994 999/999/999 995/995/995
f 999/999/999 1000/1000/1000 995/995/995
f 995/995/995 1000/1000/1000 996/996/996
f 1000/1000/1000 1001/1001/1001 996/996/996
f 996/996/996 1001/1001/1001 997/997/997
f 1001/1001/1001 1002/1002/1002 997/997/997
f 998/998/998 1003/1003/1003 999/999/999
f 1003/1003/1003 1004/1004/1004 999/999/999
f 999/999/999 1004/1004/1004 1000/1000/1000
f 1004/1004/1004 1005/1005/1005 1000/1000/1000
f 1000/1000/1000 1005/1005/1005 1001/1001/1001
f 1005/1005/1005 1006/1006/1006 1001/1001/1001
f 1001/1001/1001 1006/1006/1006 1002/1002/1002
f 1006/1006/1006 1007/1007/1007 1002/1002/1002
f 1003/1003/1003 1008/1008/1008 1004/1004/1004
f 1008/1008/1008 1009/1009/1009 1004/1004/1004
f 1004/1004/1004 1009/1009/1009 1005/1005/1005
f 1009/1009/1009 1010/1010/1010 1005/1005/1005
f 1005/1005/1005 1010/1010/1010 1006/1006/1006
f 1010/1010/1010 1011/1011/1011 1006/1006/1006
f 1006/1006/1006 1011/1011/1011 1007/1007/1007
f 1011/1011/1011 1012/1012/1012 1007/1007/1007
f 1008/1008/1008 1013/1013/1013 1009/1009/1009
f 1013/1013/1013 1014/1014/1014 1009/1009/1009
f 1009/1009/1009 1014/1014/1014 1010/1010/1010
f 1014/1014/1014 1015/1015/1015 1010/1010/1010
f 1010/1010/1010 1015/1015/1015 1011/1011/1011
f 1015/1015/1015 1016/1016/1016 1011/1011/1011
f 1011/1011/1011 1016/1016/1016 1012/1012/1012
f 1016/1016/1016 1017/1017/1017 1012/1012/1012
f 1013/1013/1013 1018/1018/1018 1014/1014/1014
f 1018/1018/1018 1019/1019/1019 1014/1014/1014
f 1014/1014/1014 1019/1019/1019 1015/1015/1015
f 1019/1019/1019 1020/1020/1020 1015/1015/1015
f 1015/1015/1015 1020/1020/1020 1016/1016/1016
f 1020/1020/1020 1021/1021/1021 1016/1016/1016
f 1016/1016/1016 1021/1021/1021 1017/1017/1017
f 1021/1021/1021 1022/1022/1022 1017/1017/1017
f 1018/1018/1018 1023/1023/1023 1019/1019/1019
f 1023/1023/1023 1024/1024/1024 1019/1019/1019
f 1019/1019/1019 1024/1024/1024 1020/1020/1020
f 1024/1024/1024 1025/1025/1025 1020/1020/1020
f 1020/1020/1020 1025/1025/1025 1021/1021/1021
f 1025/1025/1025 1026/1026/1026 1021/1021/1021
f 1021/1021/1021 1026/1026/1026 1022/1022/1022
f 1026/1026/1026 1027/1027/1027 1022/1022/1022
o gem_prongs__bail_bar
v 0.07199999690055847 0 0
v 0.07061654329299927 0.014046503230929375 0
v 0.06651932746171951 0.02755320630967617 0
v 0.059865813702344894 0.04000105708837509 0
v 0.050911687314510345 0.050911687314510345 0
v 0.04000105708837509 0.059865813702344894 0
v 0.02755320630967617 0.06651932746171951 0
v 0.014046503230929375 0.07061654329299927 0
v 4.408728321890747e-18 0.07199999690055847 0
v -0.014046503230929375 0.07061654329299927 0
v -0.02755320630967617 0.06651932746171951 0
v -0.04000105708837509 0.059865813702344894 0
v -0.050911687314510345 0.050911687314510345 0
v -0.059865813702344894 0.04000105708837509 0
v -0.06651932746171951 0.02755320630967617 0
v -0.07061654329299927 0.014046503230929375 0
v -0.07199999690055847 8.817456643781494e-18 0
v -0.07061654329299927 -0.014046503230929375 0
v -0.06651932746171951 -0.02755320630967617 0
v -0.059865813702344894 -0.04000105708837509 0
v -0.050911687314510345 -0.050911687314510345 0
v -0.04000105708837509 -0.059865813702344894 0
v -0.02755320630967617 -0.06651932746171951 0
v -0.014046503230929375 -0.07061654329299927 0
v -1.3226185379262547e-17 -0.07199999690055847 0
v 0.014046503230929375 -0.07061654329299927 0
v 0.02755320630967617 -0.06651932746171951 0
v 0.04000105708837509 -0.059865813702344894 0
v 0.050911687314510345 -0.050911687314510345 0
v 0.059865813702344894 -0.04000105708837509 0
v 0.06651932746171951 -0.02755320630967617 0
v 0.07061654329299927 -0.014046503230929375 0
v 0.07199999690055847 -1.7634913287562988e-17 0
v 0.07108655571937561 0 0.004592201206833124
v 0.06972064822912216 0.013868298381567001 0.004592201206833124
v 0.06567541509866714 0.027203647419810295 0.004592201206833124
v 0.059106308966875076 0.03949357196688652 0.004592201206833124
v 0.05026578530669212 0.05026578530669212 0.004592201206833124
v 0.03949357196688652 0.059106308966875076 0.004592201206833124
v 0.027203647419810295 0.06567541509866714 0.004592201206833124
v 0.013868298381567001 0.06972064822912216 0.004592201206833124
v 4.352796023231136e-18 0.07108655571937561 0.004592201206833124
v -0.013868298381567001 0.06972064822912216 0.004592201206833124
v -0.027203647419810295 0.06567541509866714 0.004592201206833124
v -0.03949357196688652 0.059106308966875076 0.004592201206833124
v -0.05026578530669212 0.05026578530669212 0.004592201206833124
v -0.059106308966875076 0.03949357196688652 0.004592201206833124
v -0.06567541509866714 0.027203647419810295 0.004592201206833124
v -0.06972064822912216 0.013868298381567001 0.004592201206833124
v -0.07108655571937561 8.705592046462273e-18 0.004592201206833124
v -0.06972064822912216 -0.013868298381567001 0.004592201206833124
v -0.06567541509866714 -0.027203647419810295 0.004592201206833124
v -0.059106308966875076 -0.03949357196688652 0.004592201206833124
v -0.05026578530669212 -0.05026578530669212 0.004592201206833124
v -0.03949357196688652 -0.059106308966875076 0.004592201206833124
v -0.027203647419810295 -0.06567541509866714 0.004592201206833124
v -0.013868298381567001 -0.06972064822912216 0.004592201206833124
v -1.3058388483283715e-17 -0.07108655571937561 0.004592201206833124
v 0.013868298381567001 -0.06972064822912216 0.004592201206833124
v 0.027203647419810295 -0.06567541509866714 0.004592201206833124
v 0.03949357196688652 -0.059106308966875076 0.004592201206833124
v 0.05026578530669212 -0.05026578530669212 0.004592201206833124
v 0.059106308966875076 -0.03949357196688652 0.004592201206833124
v 0.06567541509866714 -0.027203647419810295 0.004592201206833124
v 0.06972064822912216 -0.013868298381567001 0.004592201206833124
v 0.07108655571937561 -1.7411184092924546e-17 0.004592201206833124
v 0.06848528236150742 0 0.0084852809086442
v 0.06716935336589813 0.013360816054046154 0.0084852809086442
v 0.0632721483707428 0.0262081827968359 0.0084852809086442
v 0.05694343149662018 0.038048382848501205 0.0084852809086442
v 0.04842640832066536 0.04842640832066536 0.0084852809086442
v 0.038048382848501205 0.05694343149662018 0.0084852809086442
v 0.0262081827968359 0.0632721483707428 0.0084852809086442
v 0.013360816054046154 0.06716935336589813 0.0084852809086442
v 4.193514124477925e-18 0.06848528236150742 0.0084852809086442
v -0.013360816054046154 0.06716935336589813 0.0084852809086442
v -0.0262081827968359 0.0632721483707428 0.0084852809086442
v -0.038048382848501205 0.05694343149662018 0.0084852809086442
v -0.04842640832066536 0.04842640832066536 0.0084852809086442
v -0.05694343149662018 0.038048382848501205 0.0084852809086442
v -0.0632721483707428 0.0262081827968359 0.0084852809086442
v -0.06716935336589813 0.013360816054046154 0.0084852809086442
v -0.06848528236150742 8.38702824895585e-18 0.0084852809086442
v -0.06716935336589813 -0.013360816054046154 0.0084852809086442
v -0.0632721483707428 -0.0262081827968359 0.0084852809086442
v -0.05694343149662018 -0.038048382848501205 0.0084852809086442
v -0.04842640832066536 -0.04842640832066536 0.0084852809086442
v -0.038048382848501205 -0.05694343149662018 0.0084852809086442
v -0.0262081827968359 -0.0632721483707428 0.0084852809086442
v -0.013360816054046154 -0.06716935336589813 0.0084852809086442
v -1.258054195984347e-17 -0.06848528236150742 0.0084852809086442
v 0.013360816054046154 -0.06716935336589813 0.0084852809086442
v 0.0262081827968359 -0.0632721483707428 0.0084852809086442
v 0.038048382848501205 -0.05694343149662018 0.0084852809086442
v 0.04842640832066536 -0.04842640832066536 0.0084852809086442
v 0.05694343149662018 -0.038048382848501205 0.0084852809086442
v 0.0632721483707428 -0.0262081827968359 0.0084852809086442
v 0.06716935336589813 -0.013360816054046154 0.0084852809086442
v 0.06848528236150742 -1.67740564979117e-17 0.0084852809086442
v 0.06459219753742218 0 0.011086554266512394
v 0.06335107982158661 0.012601313181221485 0.011086554266512394
v 0.059675414115190506 0.02471836470067501 0.011086554266512394
v 0.05370645225048065 0.03588550537824631 0.011086554266512394
v 0.04567358270287514 0.04567358270287514 0.011086554266512394
v 0.03588550537824631 0.05370645225048065 0.011086554266512394
v 0.02471836470067501 0.059675414115190506 0.011086554266512394
v 0.012601313181221485 0.06335107982158661 0.011086554266512394
v 3.955131425288106e-18 0.06459219753742218 0.011086554266512394
v -0.012601313181221485 0.06335107982158661 0.011086554266512394
v -0.02471836470067501 0.059675414115190506 0.011086554266512394
v -0.03588550537824631 0.05370645225048065 0.011086554266512394
v -0.04567358270287514 0.04567358270287514 0.011086554266512394
v -0.05370645225048065 0.03588550537824631 0.011086554266512394
v -0.059675414115190506 0.02471836470067501 0.011086554266512394
v -0.06335107982158661 0.012601313181221485 0.011086554266512394
v -0.06459219753742218 7.910262850576212e-18 0.011086554266512394
v -0.06335107982158661 -0.012601313181221485 0.011086554266512394
v -0.059675414115190506 -0.02471836470067501 0.011086554266512394
v -0.05370645225048065 -0.03588550537824631 0.011086554266512394
v -0.04567358270287514 -0.04567358270287514 0.011086554266512394
v -0.03588550537824631 -0.05370645225048065 0.011086554266512394
v -0.02471836470067501 -0.059675414115190506 0.011086554266512394
v -0.012601313181221485 -0.06335107982158661 0.011086554266512394
v -1.1865394689454624e-17 -0.06459219753742218 0.011086554266512394
v 0.012601313181221485 -0.06335107982158661 0.011086554266512394
v 0.02471836470067501 -0.059675414115190506 0.011086554266512394
v 0.03588550537824631 -0.05370645225048065 0.011086554266512394
v 0.04567358270287514 -0.04567358270287514 0.011086554266512394
v 0.05370645225048065 -0.03588550537824631 0.011086554266512394
v 0.059675414115190506 -0.02471836470067501 0.011086554266512394
v 0.06335107982158661 -0.012601313181221485 0.011086554266512394
v 0.06459219753742218 -1.5820525701152424e-17 0.011086554266512394
v 0.05999999865889549 0 0.012000000104308128
v 0.05884711816906929 0.011705419048666954 0.012000000104308128
v 0.055432770401239395 0.022961005568504333 0.012000000104308128
v 0.04988817498087883 0.033334214240312576 0.012000000104308128
v 0.04242640733718872 0.04242640733718872 0.012000000104308128
v 0.033334214240312576 0.04988817498087883 0.012000000104308128
v 0.022961005568504333 0.055432770401239395 0.012000000104308128
v 0.011705419048666954 0.05884711816906929 0.012000000104308128
v 3.673940475037442e-18 0.05999999865889549 0.012000000104308128
v -0.011705419048666954 0.05884711816906929 0.012000000104308128
v -0.022961005568504333 0.055432770401239395 0.012000000104308128
v -0.033334214240312576 0.04988817498087883 0.012000000104308128
v -0.04242640733718872 0.04242640733718872 0.012000000104308128
v -0.04988817498087883 0.033334214240312576 0.012000000104308128
v -0.055432770401239395 0.022961005568504333 0.012000000104308128
v -0.05884711816906929 0.011705419048666954 0.012000000104308128
v -0.05999999865889549 7.347880950074885e-18 0.012000000104308128
v -0.05884711816906929 -0.011705419048666954 0.012000000104308128
v -0.055432770401239395 -0.022961005568504333 0.012000000104308128
v -0.04988817498087883 -0.033334214240312576 0.012000000104308128
v -0.04242640733718872 -0.04242640733718872 0.012000000104308128
v -0.033334214240312576 -0.04988817498087883 0.012000000104308128
v -0.022961005568504333 -0.055432770401239395 0.012000000104308128
v -0.011705419048666954 -0.05884711816906929 0.012000000104308128
v -1.102182101152202e-17 -0.05999999865889549 0.012000000104308128
v 0.011705419048666954 -0.05884711816906929 0.012000000104308128
v 0.022961005568504333 -0.055432770401239395 0.012000000104308128
v 0.033334214240312576 -0.04988817498087883 0.012000000104308128
v 0.04242640733718872 -0.04242640733718872 0.012000000104308128
v 0.04988817498087883 -0.033334214240312576 0.012000000104308128
v 0.055432770401239395 -0.022961005568504333 0.012000000104308128
v 0.05884711816906929 -0.011705419048666954 0.012000000104308128
v 0.05999999865889549 -1.469576190014977e-17 0.012000000104308128
v 0.055407799780368805 0 0.011086554266512394
v 0.05434315279126167 0.010809524916112423 0.011086554266512394
v 0.05119013041257858 0.021203646436333656 0.011086554266512394
v 0.046069901436567307 0.030782923102378845 0.011086554266512394
v 0.039179231971502304 0.039179231971502304 0.011086554266512394
v 0.030782923102378845 0.046069901436567307 0.011086554266512394
v 0.021203646436333656 0.05119013041257858 0.011086554266512394
v 0.010809524916112423 0.05434315279126167 0.011086554266512394
v 3.3927491111964724e-18 0.055407799780368805 0.011086554266512394
v -0.010809524916112423 0.05434315279126167 0.011086554266512394
v -0.021203646436333656 0.05119013041257858 0.011086554266512394
v -0.030782923102378845 0.046069901436567307 0.011086554266512394
v -0.039179231971502304 0.039179231971502304 0.011086554266512394
v -0.046069901436567307 0.030782923102378845 0.011086554266512394
v -0.05119013041257858 0.021203646436333656 0.011086554266512394
v -0.05434315279126167 0.010809524916112423 0.011086554266512394
v -0.055407799780368805 6.785498222392945e-18 0.011086554266512394
v -0.05434315279126167 -0.010809524916112423 0.011086554266512394
v -0.05119013041257858 -0.021203646436333656 0.011086554266512394
v -0.046069901436567307 -0.030782923102378845 0.011086554266512394
v -0.039179231971502304 -0.039179231971502304 0.011086554266512394
v -0.030782923102378845 -0.046069901436567307 0.011086554266512394
v -0.021203646436333656 -0.05119013041257858 0.011086554266512394
v -0.010809524916112423 -0.05434315279126167 0.011086554266512394
v -1.0178247333589417e-17 -0.055407799780368805 0.011086554266512394
v 0.010809524916112423 -0.05434315279126167 0.011086554266512394
v 0.021203646436333656 -0.05119013041257858 0.011086554266512394
v 0.030782923102378845 -0.046069901436567307 0.011086554266512394
v 0.039179231971502304 -0.039179231971502304 0.011086554266512394
v 0.046069901436567307 -0.030782923102378845 0.011086554266512394
v 0.05119013041257858 -0.021203646436333656 0.011086554266512394
v 0.05434315279126167 -0.010809524916112423 0.011086554266512394
v 0.055407799780368805 -1.357099644478589e-17 0.011086554266512394
v 0.05151471868157387 0 0.0084852809086442
v 0.05052487924695015 0.010050022974610329 0.0084852809086442
v 0.04759339243173599 0.019713830202817917 0.0084852809086442
v 0.04283292219042778 0.028620043769478798 0.0084852809086442
v 0.03642640635371208 0.03642640635371208 0.0084852809086442
v 0.028620043769478798 0.04283292219042778 0.0084852809086442
v 0.019713830202817917 0.04759339243173599 0.0084852809086442
v 0.010050022974610329 0.05052487924695015 0.0084852809086442
v 3.1543668255969592e-18 0.05151471868157387 0.0084852809086442
v -0.010050022974610329 0.05052487924695015 0.0084852809086442
v -0.019713830202817917 0.04759339243173599 0.0084852809086442
v -0.028620043769478798 0.04283292219042778 0.0084852809086442
v -0.03642640635371208 0.03642640635371208 0.0084852809086442
v -0.04283292219042778 0.028620043769478798 0.0084852809086442
v -0.04759339243173599 0.019713830202817917 0.0084852809086442
v -0.05052487924695015 0.010050022974610329 0.0084852809086442
v -0.05151471868157387 6.3087336511939185e-18 0.0084852809086442
v -0.05052487924695015 -0.010050022974610329 0.0084852809086442
v -0.04759339243173599 -0.019713830202817917 0.0084852809086442
v -0.04283292219042778 -0.028620043769478798 0.0084852809086442
v -0.03642640635371208 -0.03642640635371208 0.0084852809086442
v -0.028620043769478798 -0.04283292219042778 0.0084852809086442
v -0.019713830202817917 -0.04759339243173599 0.0084852809086442
v -0.010050022974610329 -0.05052487924695015 0.0084852809086442
v -9.463100063200571e-18 -0.05151471868157387 0.0084852809086442
v 0.010050022974610329 -0.05052487924695015 0.0084852809086442
v 0.019713830202817917 -0.04759339243173599 0.0084852809086442
v 0.028620043769478798 -0.04283292219042778 0.0084852809086442
v 0.03642640635371208 -0.03642640635371208 0.0084852809086442
v 0.04283292219042778 -0.028620043769478798 0.0084852809086442
v 0.04759339243173599 -0.019713830202817917 0.0084852809086442
v 0.05052487924695015 -0.010050022974610329 0.0084852809086442
v 0.05151471868157387 -1.2617467302387837e-17 0.0084852809086442
v 0.04891344532370567 0 0.004592201206833124
v 0.04797358810901642 0.009542539715766907 0.004592201206833124
v 0.045190129429101944 0.01871836557984352 0.004592201206833124
v 0.04067004472017288 0.027174854651093483 0.004592201206833124
v 0.03458702936768532 0.03458702936768532 0.004592201206833124
v 0.027174854651093483 0.04067004472017288 0.004592201206833124
v 0.01871836557984352 0.045190129429101944 0.004592201206833124
v 0.009542539715766907 0.04797358810901642 0.004592201206833124
v 2.995084720048595e-18 0.04891344532370567 0.004592201206833124
v -0.009542539715766907 0.04797358810901642 0.004592201206833124
v -0.01871836557984352 0.045190129429101944 0.004592201206833124
v -0.027174854651093483 0.04067004472017288 0.004592201206833124
v -0.03458702936768532 0.03458702936768532 0.004592201206833124
v -0.04067004472017288 0.027174854651093483 0.004592201206833124
v -0.045190129429101944 0.01871836557984352 0.004592201206833124
v -0.04797358810901642 0.009542539715766907 0.004592201206833124
v -0.04891344532370567 5.99016944009719e-18 0.004592201206833124
v -0.04797358810901642 -0.009542539715766907 0.004592201206833124
v -0.045190129429101944 -0.01871836557984352 0.004592201206833124
v -0.04067004472017288 -0.027174854651093483 0.004592201206833124
v -0.03458702936768532 -0.03458702936768532 0.004592201206833124
v -0.027174854651093483 -0.04067004472017288 0.004592201206833124
v -0.01871836557984352 -0.045190129429101944 0.004592201206833124
v -0.009542539715766907 -0.04797358810901642 0.004592201206833124
v -8.985254366940938e-18 -0.04891344532370567 0.004592201206833124
v 0.009542539715766907 -0.04797358810901642 0.004592201206833124
v 0.01871836557984352 -0.045190129429101944 0.004592201206833124
v 0.027174854651093483 -0.04067004472017288 0.004592201206833124
v 0.03458702936768532 -0.03458702936768532 0.004592201206833124
v 0.04067004472017288 -0.027174854651093483 0.004592201206833124
v 0.045190129429101944 -0.01871836557984352 0.004592201206833124
v 0.04797358810901642 -0.009542539715766907 0.004592201206833124
v 0.04891344532370567 -1.198033888019438e-17 0.004592201206833124
v 0.04800000041723251 0 1.4695761072969157e-18
v 0.04707769304513931 0.009364335797727108 1.4695761072969157e-18
v 0.044346217066049576 0.018368804827332497 1.4695761072969157e-18
v 0.039910539984703064 0.02666737139225006 1.4695761072969157e-18
v 0.0339411236345768 0.0339411236345768 1.4695761072969157e-18
v 0.02666737139225006 0.039910539984703064 1.4695761072969157e-18
v 0.018368804827332497 0.044346217066049576 1.4695761072969157e-18
v 0.009364335797727108 0.04707769304513931 1.4695761072969157e-18
v 2.9391522145938313e-18 0.04800000041723251 1.4695761072969157e-18
v -0.009364335797727108 0.04707769304513931 1.4695761072969157e-18
v -0.018368804827332497 0.044346217066049576 1.4695761072969157e-18
v -0.02666737139225006 0.039910539984703064 1.4695761072969157e-18
v -0.0339411236345768 0.0339411236345768 1.4695761072969157e-18
v -0.039910539984703064 0.02666737139225006 1.4695761072969157e-18
v -0.044346217066049576 0.018368804827332497 1.4695761072969157e-18
v -0.04707769304513931 0.009364335797727108 1.4695761072969157e-18
v -0.04800000041723251 5.878304429187663e-18 1.4695761072969157e-18
v -0.04707769304513931 -0.009364335797727108 1.4695761072969157e-18
v -0.044346217066049576 -0.018368804827332497 1.4695761072969157e-18
v -0.039910539984703064 -0.02666737139225006 1.4695761072969157e-18
v -0.0339411236345768 -0.0339411236345768 1.4695761072969157e-18
v -0.02666737139225006 -0.039910539984703064 1.4695761072969157e-18
v -0.018368804827332497 -0.044346217066049576 1.4695761072969157e-18
v -0.009364335797727108 -0.04707769304513931 1.4695761072969157e-18
v -8.817456643781494e-18 -0.04800000041723251 1.4695761072969157e-18
v 0.009364335797727108 -0.04707769304513931 1.4695761072969157e-18
v 0.018368804827332497 -0.044346217066049576 1.4695761072969157e-18
v 0.02666737139225006 -0.039910539984703064 1.4695761072969157e-18
v 0.0339411236345768 -0.0339411236345768 1.4695761072969157e-18
v 0.039910539984703064 -0.02666737139225006 1.4695761072969157e-18
v 0.044346217066049576 -0.018368804827332497 1.4695761072969157e-18
v 0.04707769304513931 -0.009364335797727108 1.4695761072969157e-18
v 0.04800000041723251 -1.1756608858375325e-17 1.4695761072969157e-18
v 0.04891344532370567 0 -0.004592201206833124
v 0.04797358810901642 0.009542539715766907 -0.004592201206833124
v 0.045190129429101944 0.01871836557984352 -0.004592201206833124
v 0.04067004472017288 0.027174854651093483 -0.004592201206833124
v 0.03458702936768532 0.03458702936768532 -0.004592201206833124
v 0.027174854651093483 0.04067004472017288 -0.004592201206833124
v 0.01871836557984352 0.045190129429101944 -0.004592201206833124
v 0.009542539715766907 0.04797358810901642 -0.004592201206833124
v 2.995084720048595e-18 0.04891344532370567 -0.004592201206833124
v -0.009542539715766907 0.04797358810901642 -0.004592201206833124
v -0.01871836557984352 0.045190129429101944 -0.004592201206833124
v -0.027174854651093483 0.04067004472017288 -0.004592201206833124
v -0.03458702936768532 0.03458702936768532 -0.004592201206833124
v -0.04067004472017288 0.027174854651093483 -0.004592201206833124
v -0.045190129429101944 0.01871836557984352 -0.004592201206833124
v -0.04797358810901642 0.009542539715766907 -0.004592201206833124
v -0.04891344532370567 5.99016944009719e-18 -0.004592201206833124
v -0.04797358810901642 -0.009542539715766907 -0.004592201206833124
v -0.045190129429101944 -0.01871836557984352 -0.004592201206833124
v -0.04067004472017288 -0.027174854651093483 -0.004592201206833124
v -0.03458702936768532 -0.03458702936768532 -0.004592201206833124
v -0.027174854651093483 -0.04067004472017288 -0.004592201206833124
v -0.01871836557984352 -0.045190129429101944 -0.004592201206833124
v -0.009542539715766907 -0.04797358810901642 -0.004592201206833124
v -8.985254366940938e-18 -0.04891344532370567 -0.004592201206833124
v 0.009542539715766907 -0.04797358810901642 -0.004592201206833124
v 0.01871836557984352 -0.045190129429101944 -0.004592201206833124
v 0.027174854651093483 -0.04067004472017288 -0.004592201206833124
v 0.03458702936768532 -0.03458702936768532 -0.004592201206833124
v 0.04067004472017288 -0.027174854651093483 -0.004592201206833124
v 0.045190129429101944 -0.01871836557984352 -0.004592201206833124
v 0.04797358810901642 -0.009542539715766907 -0.004592201206833124
v 0.04891344532370567 -1.198033888019438e-17 -0.004592201206833124
v 0.05151471868157387 0 -0.0084852809086442
v 0.05052487924695015 0.010050022974610329 -0.0084852809086442
v 0.04759339243173599 0.019713830202817917 -0.0084852809086442
v 0.04283292219042778 0.028620043769478798 -0.0084852809086442
v 0.03642640635371208 0.03642640635371208 -0.0084852809086442
v 0.028620043769478798 0.04283292219042778 -0.0084852809086442
v 0.019713830202817917 0.04759339243173599 -0.0084852809086442
v 0.010050022974610329 0.05052487924695015 -0.0084852809086442
v 3.1543668255969592e-18 0.05151471868157387 -0.0084852809086442
v -0.010050022974610329 0.05052487924695015 -0.0084852809086442
v -0.019713830202817917 0.04759339243173599 -0.0084852809086442
v -0.028620043769478798 0.04283292219042778 -0.0084852809086442
v -0.03642640635371208 0.03642640635371208 -0.0084852809086442
v -0.04283292219042778 0.028620043769478798 -0.0084852809086442
v -0.04759339243173599 0.019713830202817917 -0.0084852809086442
v -0.05052487924695015 0.010050022974610329 -0.0084852809086442
v -0.05151471868157387 6.3087336511939185e-18 -0.0084852809086442
v -0.05052487924695015 -0.010050022974610329 -0.0084852809086442
v -0.04759339243173599 -0.019713830202817917 -0.0084852809086442
v -0.04283292219042778 -0.028620043769478798 -0.0084852809086442
v -0.03642640635371208 -0.03642640635371208 -0.0084852809086442
v -0.028620043769478798 -0.04283292219042778 -0.0084852809086442
v -0.019713830202817917 -0.04759339243173599 -0.0084852809086442
v -0.010050022974610329 -0.05052487924695015 -0.0084852809086442
v -9.463100063200571e-18 -0.05151471868157387 -0.0084852809086442
v 0.010050022974610329 -0.05052487924695015 -0.0084852809086442
v 0.019713830202817917 -0.04759339243173599 -0.0084852809086442
v 0.028620043769478798 -0.04283292219042778 -0.0084852809086442
v 0.03642640635371208 -0.03642640635371208 -0.0084852809086442
v 0.04283292219042778 -0.028620043769478798 -0.0084852809086442
v 0.04759339243173599 -0.019713830202817917 -0.0084852809086442
v 0.05052487924695015 -0.010050022974610329 -0.0084852809086442
v 0.05151471868157387 -1.2617467302387837e-17 -0.0084852809086442
v 0.055407799780368805 0 -0.011086554266512394
v 0.05434315279126167 0.010809524916112423 -0.011086554266512394
v 0.05119013041257858 0.021203646436333656 -0.011086554266512394
v 0.046069901436567307 0.030782923102378845 -0.011086554266512394
v 0.039179231971502304 0.039179231971502304 -0.011086554266512394
v 0.030782923102378845 0.046069901436567307 -0.011086554266512394
v 0.021203646436333656 0.05119013041257858 -0.011086554266512394
v 0.010809524916112423 0.05434315279126167 -0.011086554266512394
v 3.3927491111964724e-18 0.055407799780368805 -0.011086554266512394
v -0.010809524916112423 0.05434315279126167 -0.011086554266512394
v -0.021203646436333656 0.05119013041257858 -0.011086554266512394
v -0.030782923102378845 0.046069901436567307 -0.011086554266512394
v -0.039179231971502304 0.039179231971502304 -0.011086554266512394
v -0.046069901436567307 0.030782923102378845 -0.011086554266512394
v -0.05119013041257858 0.021203646436333656 -0.011086554266512394
v -0.05434315279126167 0.010809524916112423 -0.011086554266512394
v -0.055407799780368805 6.785498222392945e-18 -0.011086554266512394
v -0.05434315279126167 -0.010809524916112423 -0.011086554266512394
v -0.05119013041257858 -0.021203646436333656 -0.011086554266512394
v -0.046069901436567307 -0.030782923102378845 -0.011086554266512394
v -0.039179231971502304 -0.039179231971502304 -0.011086554266512394
v -0.030782923102378845 -0.046069901436567307 -0.011086554266512394
v -0.021203646436333656 -0.05119013041257858 -0.011086554266512394
v -0.010809524916112423 -0.05434315279126167 -0.011086554266512394
v -1.0178247333589417e-17 -0.055407799780368805 -0.011086554266512394
v 0.010809524916112423 -0.05434315279126167 -0.011086554266512394
v 0.021203646436333656 -0.05119013041257858 -0.011086554266512394
v 0.030782923102378845 -0.046069901436567307 -0.011086554266512394
v 0.039179231971502304 -0.039179231971502304 -0.011086554266512394
v 0.046069901436567307 -0.030782923102378845 -0.011086554266512394
v 0.05119013041257858 -0.021203646436333656 -0.011086554266512394
v 0.05434315279126167 -0.010809524916112423 -0.011086554266512394
v 0.055407799780368805 -1.357099644478589e-17 -0.011086554266512394
v 0.05999999865889549 0 -0.012000000104308128
v 0.05884711816906929 0.011705419048666954 -0.012000000104308128
v 0.055432770401239395 0.022961005568504333 -0.012000000104308128
v 0.04988817498087883 0.033334214240312576 -0.012000000104308128
v 0.04242640733718872 0.04242640733718872 -0.012000000104308128
v 0.033334214240312576 0.04988817498087883 -0.012000000104308128
v 0.022961005568504333 0.055432770401239395 -0.012000000104308128
v 0.011705419048666954 0.05884711816906929 -0.012000000104308128
v 3.673940475037442e-18 0.05999999865889549 -0.012000000104308128
v -0.011705419048666954 0.05884711816906929 -0.012000000104308128
v -0.022961005568504333 0.055432770401239395 -0.012000000104308128
v -0.033334214240312576 0.04988817498087883 -0.012000000104308128
v -0.04242640733718872 0.04242640733718872 -0.012000000104308128
v -0.04988817498087883 0.033334214240312576 -0.012000000104308128
v -0.055432770401239395 0.022961005568504333 -0.012000000104308128
v -0.05884711816906929 0.011705419048666954 -0.012000000104308128
v -0.05999999865889549 7.347880950074885e-18 -0.012000000104308128
v -0.05884711816906929 -0.011705419048666954 -0.012000000104308128
v -0.055432770401239395 -0.022961005568504333 -0.012000000104308128
v -0.04988817498087883 -0.033334214240312576 -0.012000000104308128
v -0.04242640733718872 -0.04242640733718872 -0.012000000104308128
v -0.033334214240312576 -0.04988817498087883 -0.012000000104308128
v -0.022961005568504333 -0.055432770401239395 -0.012000000104308128
v -0.011705419048666954 -0.05884711816906929 -0.012000000104308128
v -1.102182101152202e-17 -0.05999999865889549 -0.012000000104308128
v 0.011705419048666954 -0.05884711816906929 -0.012000000104308128
v 0.022961005568504333 -0.055432770401239395 -0.012000000104308128
v 0.033334214240312576 -0.04988817498087883 -0.012000000104308128
v 0.04242640733718872 -0.04242640733718872 -0.012000000104308128
v 0.04988817498087883 -0.033334214240312576 -0.012000000104308128
v 0.055432770401239395 -0.022961005568504333 -0.012000000104308128
v 0.05884711816906929 -0.011705419048666954 -0.012000000104308128
v 0.05999999865889549 -1.469576190014977e-17 -0.012000000104308128
v 0.06459219753742218 0 -0.011086554266512394
v 0.06335107982158661 0.012601313181221485 -0.011086554266512394
v 0.059675414115190506 0.02471836470067501 -0.011086554266512394
v 0.05370645225048065 0.03588550537824631 -0.011086554266512394
v 0.04567358270287514 0.04567358270287514 -0.011086554266512394
v 0.03588550537824631 0.05370645225048065 -0.011086554266512394
v 0.02471836470067501 0.059675414115190506 -0.011086554266512394
v 0.012601313181221485 0.06335107982158661 -0.011086554266512394
v 3.955131425288106e-18 0.06459219753742218 -0.011086554266512394
v -0.012601313181221485 0.06335107982158661 -0.011086554266512394
v -0.02471836470067501 0.059675414115190506 -0.011086554266512394
v -0.03588550537824631 0.05370645225048065 -0.011086554266512394
v -0.04567358270287514 0.04567358270287514 -0.011086554266512394
v -0.05370645225048065 0.03588550537824631 -0.011086554266512394
v -0.059675414115190506 0.02471836470067501 -0.011086554266512394
v -0.06335107982158661 0.012601313181221485 -0.011086554266512394
v -0.06459219753742218 7.910262850576212e-18 -0.011086554266512394
v -0.06335107982158661 -0.012601313181221485 -0.011086554266512394
v -0.059675414115190506 -0.02471836470067501 -0.011086554266512394
v -0.05370645225048065 -0.03588550537824631 -0.011086554266512394
v -0.04567358270287514 -0.04567358270287514 -0.011086554266512394
v -0.03588550537824631 -0.05370645225048065 -0.011086554266512394
v -0.02471836470067501 -0.059675414115190506 -0.011086554266512394
v -0.012601313181221485 -0.06335107982158661 -0.011086554266512394
v -1.1865394689454624e-17 -0.06459219753742218 -0.011086554266512394
v 0.012601313181221485 -0.06335107982158661 -0.011086554266512394
v 0.02471836470067501 -0.059675414115190506 -0.011086554266512394
v 0.03588550537824631 -0.05370645225048065 -0.011086554266512394
v 0.04567358270287514 -0.04567358270287514 -0.011086554266512394
v 0.05370645225048065 -0.03588550537824631 -0.011086554266512394
v 0.059675414115190506 -0.02471836470067501 -0.011086554266512394
v 0.06335107982158661 -0.012601313181221485 -0.011086554266512394
v 0.06459219753742218 -1.5820525701152424e-17 -0.011086554266512394
v 0.06848528236150742 0 -0.0084852809086442
v 0.06716935336589813 0.013360816054046154 -0.0084852809086442
v 0.0632721483707428 0.0262081827968359 -0.0084852809086442
v 0.05694343149662018 0.038048382848501205 -0.0084852809086442
v 0.04842640832066536 0.04842640832066536 -0.0084852809086442
v 0.038048382848501205 0.05694343149662018 -0.0084852809086442
v 0.0262081827968359 0.0632721483707428 -0.0084852809086442
v 0.013360816054046154 0.06716935336589813 -0.0084852809086442
v 4.193514124477925e-18 0.06848528236150742 -0.0084852809086442
v -0.013360816054046154 0.06716935336589813 -0.0084852809086442
v -0.0262081827968359 0.0632721483707428 -0.0084852809086442
v -0.038048382848501205 0.05694343149662018 -0.0084852809086442
v -0.04842640832066536 0.04842640832066536 -0.0084852809086442
v -0.05694343149662018 0.038048382848501205 -0.0084852809086442
v -0.0632721483707428 0.0262081827968359 -0.0084852809086442
v -0.06716935336589813 0.013360816054046154 -0.0084852809086442
v -0.06848528236150742 8.38702824895585e-18 -0.0084852809086442
v -0.06716935336589813 -0.013360816054046154 -0.0084852809086442
v -0.0632721483707428 -0.0262081827968359 -0.0084852809086442
v -0.05694343149662018 -0.038048382848501205 -0.0084852809086442
v -0.04842640832066536 -0.04842640832066536 -0.0084852809086442
v -0.038048382848501205 -0.05694343149662018 -0.0084852809086442
v -0.0262081827968359 -0.0632721483707428 -0.0084852809086442
v -0.013360816054046154 -0.06716935336589813 -0.0084852809086442
v -1.258054195984347e-17 -0.06848528236150742 -0.0084852809086442
v 0.013360816054046154 -0.06716935336589813 -0.0084852809086442
v 0.0262081827968359 -0.0632721483707428 -0.0084852809086442
v 0.038048382848501205 -0.05694343149662018 -0.0084852809086442
v 0.04842640832066536 -0.04842640832066536 -0.0084852809086442
v 0.05694343149662018 -0.038048382848501205 -0.0084852809086442
v 0.0632721483707428 -0.0262081827968359 -0.0084852809086442
v 0.06716935336589813 -0.013360816054046154 -0.0084852809086442
v 0.06848528236150742 -1.67740564979117e-17 -0.0084852809086442
v 0.07108655571937561 0 -0.004592201206833124
v 0.06972064822912216 0.013868298381567001 -0.004592201206833124
v 0.06567541509866714 0.027203647419810295 -0.004592201206833124
v 0.059106308966875076 0.03949357196688652 -0.004592201206833124
v 0.05026578530669212 0.05026578530669212 -0.004592201206833124
v 0.03949357196688652 0.059106308966875076 -0.004592201206833124
v 0.027203647419810295 0.06567541509866714 -0.004592201206833124
v 0.013868298381567001 0.06972064822912216 -0.004592201206833124
v 4.352796023231136e-18 0.07108655571937561 -0.004592201206833124
v -0.013868298381567001 0.06972064822912216 -0.004592201206833124
v -0.027203647419810295 0.06567541509866714 -0.004592201206833124
v -0.03949357196688652 0.059106308966875076 -0.004592201206833124
v -0.05026578530669212 0.05026578530669212 -0.004592201206833124
v -0.059106308966875076 0.03949357196688652 -0.004592201206833124
v -0.06567541509866714 0.027203647419810295 -0.004592201206833124
v -0.06972064822912216 0.013868298381567001 -0.004592201206833124
v -0.07108655571937561 8.705592046462273e-18 -0.004592201206833124
v -0.06972064822912216 -0.013868298381567001 -0.004592201206833124
v -0.06567541509866714 -0.027203647419810295 -0.004592201206833124
v -0.059106308966875076 -0.03949357196688652 -0.004592201206833124
v -0.05026578530669212 -0.05026578530669212 -0.004592201206833124
v -0.03949357196688652 -0.059106308966875076 -0.004592201206833124
v -0.027203647419810295 -0.06567541509866714 -0.004592201206833124
v -0.013868298381567001 -0.06972064822912216 -0.004592201206833124
v -1.3058388483283715e-17 -0.07108655571937561 -0.004592201206833124
v 0.013868298381567001 -0.06972064822912216 -0.004592201206833124
v 0.027203647419810295 -0.06567541509866714 -0.004592201206833124
v 0.03949357196688652 -0.059106308966875076 -0.004592201206833124
v 0.05026578530669212 -0.05026578530669212 -0.004592201206833124
v 0.059106308966875076 -0.03949357196688652 -0.004592201206833124
v 0.06567541509866714 -0.027203647419810295 -0.004592201206833124
v 0.06972064822912216 -0.013868298381567001 -0.004592201206833124
v 0.07108655571937561 -1.7411184092924546e-17 -0.004592201206833124
v 0.07199999690055847 0 -2.9391522145938313e-18
v 0.07061654329299927 0.014046503230929375 -2.9391522145938313e-18
v 0.06651932746171951 0.02755320630967617 -2.9391522145938313e-18
v 0.059865813702344894 0.04000105708837509 -2.9391522145938313e-18
v 0.050911687314510345 0.050911687314510345 -2.9391522145938313e-18
v 0.04000105708837509 0.059865813702344894 -2.9391522145938313e-18
v 0.02755320630967617 0.06651932746171951 -2.9391522145938313e-18
v 0.014046503230929375 0.07061654329299927 -2.9391522145938313e-18
v 4.408728321890747e-18 0.07199999690055847 -2.9391522145938313e-18
v -0.014046503230929375 0.07061654329299927 -2.9391522145938313e-18
v -0.02755320630967617 0.06651932746171951 -2.9391522145938313e-18
v -0.04000105708837509 0.059865813702344894 -2.9391522145938313e-18
v -0.050911687314510345 0.050911687314510345 -2.9391522145938313e-18
v -0.059865813702344894 0.04000105708837509 -2.9391522145938313e-18
v -0.06651932746171951 0.02755320630967617 -2.9391522145938313e-18
v -0.07061654329299927 0.014046503230929375 -2.9391522145938313e-18
v -0.07199999690055847 8.817456643781494e-18 -2.9391522145938313e-18
v -0.07061654329299927 -0.014046503230929375 -2.9391522145938313e-18
v -0.06651932746171951 -0.02755320630967617 -2.9391522145938313e-18
v -0.059865813702344894 -0.04000105708837509 -2.9391522145938313e-18
v -0.050911687314510345 -0.050911687314510345 -2.9391522145938313e-18
v -0.04000105708837509 -0.059865813702344894 -2.9391522145938313e-18
v -0.02755320630967617 -0.06651932746171951 -2.9391522145938313e-18
v -0.014046503230929375 -0.07061654329299927 -2.9391522145938313e-18
v -1.3226185379262547e-17 -0.07199999690055847 -2.9391522145938313e-18
v 0.014046503230929375 -0.07061654329299927 -2.9391522145938313e-18
v 0.02755320630967617 -0.06651932746171951 -2.9391522145938313e-18
v 0.04000105708837509 -0.059865813702344894 -2.9391522145938313e-18
v 0.050911687314510345 -0.050911687314510345 -2.9391522145938313e-18
v 0.059865813702344894 -0.04000105708837509 -2.9391522145938313e-18
v 0.06651932746171951 -0.02755320630967617 -2.9391522145938313e-18
v 0.07061654329299927 -0.014046503230929375 -2.9391522145938313e-18
v 0.07199999690055847 -1.7634913287562988e-17 -2.9391522145938313e-18
vt 0 0
vt 0.03125 0
vt 0.0625 0
vt 0.09375 0
vt 0.125 0
vt 0.15625 0
vt 0.1875 0
vt 0.21875 0
vt 0.25 0
vt 0.28125 0
vt 0.3125 0
vt 0.34375 0
vt 0.375 0
vt 0.40625 0
vt 0.4375 0
vt 0.46875 0
vt 0.5 0
vt 0.53125 0
vt 0.5625 0
vt 0.59375 0
vt 0.625 0
vt 0.65625 0
vt 0.6875 0
vt 0.71875 0
vt 0.75 0
vt 0.78125 0
vt 0.8125 0
vt 0.84375 0
vt 0.875 0
vt 0.90625 0
vt 0.9375 0
vt 0.96875 0
vt 1 0
vt 0 0.0625
vt 0.03125 0.0625
vt 0.0625 0.0625
vt 0.09375 0.0625
vt 0.125 0.0625
vt 0.15625 0.0625
vt 0.1875 0.0625
vt 0.21875 0.0625
vt 0.25 0.0625
vt 0.28125 0.0625
vt 0.3125 0.0625
vt 0.34375 0.0625
vt 0.375 0.0625
vt 0.40625 0.0625
vt 0.4375 0.0625
vt 0.46875 0.0625
vt 0.5 0.0625
vt 0.53125 0.0625
vt 0.5625 0.0625
vt 0.59375 0.0625
vt 0.625 0.0625
vt 0.65625 0.0625
vt 0.6875 0.0625
vt 0.71875 0.0625
vt 0.75 0.0625
vt 0.78125 0.0625
vt 0.8125 0.0625
vt 0.84375 0.0625
vt 0.875 0.0625
vt 0.90625 0.0625
vt 0.9375 0.0625
vt 0.96875 0.0625
vt 1 0.0625
vt 0 0.125
vt 0.03125 0.125
vt 0.0625 0.125
vt 0.09375 0.125
vt 0.125 0.125
vt 0.15625 0.125
vt 0.1875 0.125
vt 0.21875 0.125
vt 0.25 0.125
vt 0.28125 0.125
vt 0.3125 0.125
vt 0.34375 0.125
vt 0.375 0.125
vt 0.40625 0.125
vt 0.4375 0.125
vt 0.46875 0.125
vt 0.5 0.125
vt 0.53125 0.125
vt 0.5625 0.125
vt 0.59375 0.125
vt 0.625 0.125
vt 0.65625 0.125
vt 0.6875 0.125
vt 0.71875 0.125
vt 0.75 0.125
vt 0.78125 0.125
vt 0.8125 0.125
vt 0.84375 0.125
vt 0.875 0.125
vt 0.90625 0.125
vt 0.9375 0.125
vt 0.96875 0.125
vt 1 0.125
vt 0 0.1875
vt 0.03125 0.1875
vt 0.0625 0.1875
vt 0.09375 0.1875
vt 0.125 0.1875
vt 0.15625 0.1875
vt 0.1875 0.1875
vt 0.21875 0.1875
vt 0.25 0.1875
vt 0.28125 0.1875
vt 0.3125 0.1875
vt 0.34375 0.1875
vt 0.375 0.1875
vt 0.40625 0.1875
vt 0.4375 0.1875
vt 0.46875 0.1875
vt 0.5 0.1875
vt 0.53125 0.1875
vt 0.5625 0.1875
vt 0.59375 0.1875
vt 0.625 0.1875
vt 0.65625 0.1875
vt 0.6875 0.1875
vt 0.71875 0.1875
vt 0.75 0.1875
vt 0.78125 0.1875
vt 0.8125 0.1875
vt 0.84375 0.1875
vt 0.875 0.1875
vt 0.90625 0.1875
vt 0.9375 0.1875
vt 0.96875 0.1875
vt 1 0.1875
vt 0 0.25
vt 0.03125 0.25
vt 0.0625 0.25
vt 0.09375 0.25
vt 0.125 0.25
vt 0.15625 0.25
vt 0.1875 0.25
vt 0.21875 0.25
vt 0.25 0.25
vt 0.28125 0.25
vt 0.3125 0.25
vt 0.34375 0.25
vt 0.375 0.25
vt 0.40625 0.25
vt 0.4375 0.25
vt 0.46875 0.25
vt 0.5 0.25
vt 0.53125 0.25
vt 0.5625 0.25
vt 0.59375 0.25
vt 0.625 0.25
vt 0.65625 0.25
vt 0.6875 0.25
vt 0.71875 0.25
vt 0.75 0.25
vt 0.78125 0.25
vt 0.8125 0.25
vt 0.84375 0.25
vt 0.875 0.25
vt 0.90625 0.25
vt 0.9375 0.25
vt 0.96875 0.25
vt 1 0.25
vt 0 0.3125
vt 0.03125 0.3125
vt 0.0625 0.3125
vt 0.09375 0.3125
vt 0.125 0.3125
vt 0.15625 0.3125
vt 0.1875 0.3125
vt 0.21875 0.3125
vt 0.25 0.3125
vt 0.28125 0.3125
vt 0.3125 0.3125
vt 0.34375 0.3125
vt 0.375 0.3125
vt 0.40625 0.3125
vt 0.4375 0.3125
vt 0.46875 0.3125
vt 0.5 0.3125
vt 0.53125 0.3125
vt 0.5625 0.3125
vt 0.59375 0.3125
vt 0.625 0.3125
vt 0.65625 0.3125
vt 0.6875 0.3125
vt 0.71875 0.3125
vt 0.75 0.3125
vt 0.78125 0.3125
vt 0.8125 0.3125
vt 0.84375 0.3125
vt 0.875 0.3125
vt 0.90625 0.3125
vt 0.9375 0.3125
vt 0.96875 0.3125
vt 1 0.3125
vt 0 0.375
vt 0.03125 0.375
vt 0.0625 0.375
vt 0.09375 0.375
vt 0.125 0.375
vt 0.15625 0.375
vt 0.1875 0.375
vt 0.21875 0.375
vt 0.25 0.375
vt 0.28125 0.375
vt 0.3125 0.375
vt 0.34375 0.375
vt 0.375 0.375
vt 0.40625 0.375
vt 0.4375 0.375
vt 0.46875 0.375
vt 0.5 0.375
vt 0.53125 0.375
vt 0.5625 0.375
vt 0.59375 0.375
vt 0.625 0.375
vt 0.65625 0.375
vt 0.6875 0.375
vt 0.71875 0.375
vt 0.75 0.375
vt 0.78125 0.375
vt 0.8125 0.375
vt 0.84375 0.375
vt 0.875 0.375
vt 0.90625 0.375
vt 0.9375 0.375
vt 0.96875 0.375
vt 1 0.375
vt 0 0.4375
vt 0.03125 0.4375
vt 0.0625 0.4375
vt 0.09375 0.4375
vt 0.125 0.4375
vt 0.15625 0.4375
vt 0.1875 0.4375
vt 0.21875 0.4375
vt 0.25 0.4375
vt 0.28125 0.4375
vt 0.3125 0.4375
vt 0.34375 0.4375
vt 0.375 0.4375
vt 0.40625 0.4375
vt 0.4375 0.4375
vt 0.46875 0.4375
vt 0.5 0.4375
vt 0.53125 0.4375
vt 0.5625 0.4375
vt 0.59375 0.4375
vt 0.625 0.4375
vt 0.65625 0.4375
vt 0.6875 0.4375
vt 0.71875 0.4375
vt 0.75 0.4375
vt 0.78125 0.4375
vt 0.8125 0.4375
vt 0.84375 0.4375
vt 0.875 0.4375
vt 0.90625 0.4375
vt 0.9375 0.4375
vt 0.96875 0.4375
vt 1 0.4375
vt 0 0.5
vt 0.03125 0.5
vt 0.0625 0.5
vt 0.09375 0.5
vt 0.125 0.5
vt 0.15625 0.5
vt 0.1875 0.5
vt 0.21875 0.5
vt 0.25 0.5
vt 0.28125 0.5
vt 0.3125 0.5
vt 0.34375 0.5
vt 0.375 0.5
vt 0.40625 0.5
vt 0.4375 0.5
vt 0.46875 0.5
vt 0.5 0.5
vt 0.53125 0.5
vt 0.5625 0.5
vt 0.59375 0.5
vt 0.625 0.5
vt 0.65625 0.5
vt 0.6875 0.5
vt 0.71875 0.5
vt 0.75 0.5
vt 0.78125 0.5
vt 0.8125 0.5
vt 0.84375 0.5
vt 0.875 0.5
vt 0.90625 0.5
vt 0.9375 0.5
vt 0.96875 0.5
vt 1 0.5
vt 0 0.5625
vt 0.03125 0.5625
vt 0.0625 0.5625
vt 0.09375 0.5625
vt 0.125 0.5625
vt 0.15625 0.5625
vt 0.1875 0.5625
vt 0.21875 0.5625
vt 0.25 0.5625
vt 0.28125 0.5625
vt 0.3125 0.5625
vt 0.34375 0.5625
vt 0.375 0.5625
vt 0.40625 0.5625
vt 0.4375 0.5625
vt 0.46875 0.5625
vt 0.5 0.5625
vt 0.53125 0.5625
vt 0.5625 0.5625
vt 0.59375 0.5625
vt 0.625 0.5625
vt 0.65625 0.5625
vt 0.6875 0.5625
vt 0.71875 0.5625
vt 0.75 0.5625
vt 0.78125 0.5625
vt 0.8125 0.5625
vt 0.84375 0.5625
vt 0.875 0.5625
vt 0.90625 0.5625
vt 0.9375 0.5625
vt 0.96875 0.5625
vt 1 0.5625
vt 0 0.625
vt 0.03125 0.625
vt 0.0625 0.625
vt 0.09375 0.625
vt 0.125 0.625
vt 0.15625 0.625
vt 0.1875 0.625
vt 0.21875 0.625
vt 0.25 0.625
vt 0.28125 0.625
vt 0.3125 0.625
vt 0.34375 0.625
vt 0.375 0.625
vt 0.40625 0.625
vt 0.4375 0.625
vt 0.46875 0.625
vt 0.5 0.625
vt 0.53125 0.625
vt 0.5625 0.625
vt 0.59375 0.625
vt 0.625 0.625
vt 0.65625 0.625
vt 0.6875 0.625
vt 0.71875 0.625
vt 0.75 0.625
vt 0.78125 0.625
vt 0.8125 0.625
vt 0.84375 0.625
vt 0.875 0.625
vt 0.90625 0.625
vt 0.9375 0.625
vt 0.96875 0.625
vt 1 0.625
vt 0 0.6875
vt 0.03125 0.6875
vt 0.0625 0.6875
vt 0.09375 0.6875
vt 0.125 0.6875
vt 0.15625 0.6875
vt 0.1875 0.6875
vt 0.21875 0.6875
vt 0.25 0.6875
vt 0.28125 0.6875
vt 0.3125 0.6875
vt 0.34375 0.6875
vt 0.375 0.6875
vt 0.40625 0.6875
vt 0.4375 0.6875
vt 0.46875 0.6875
vt 0.5 0.6875
vt 0.53125 0.6875
vt 0.5625 0.6875
vt 0.59375 0.6875
vt 0.625 0.6875
vt 0.65625 0.6875
vt 0.6875 0.6875
vt 0.71875 0.6875
vt 0.75 0.6875
vt 0.78125 0.6875
vt 0.8125 0.6875
vt 0.84375 0.6875
vt 0.875 0.6875
vt 0.90625 0.6875
vt 0.9375 0.6875
vt 0.96875 0.6875
vt 1 0.6875
vt 0 0.75
vt 0.03125 0.75
vt 0.0625 0.75
vt 0.09375 0.75
vt 0.125 0.75
vt 0.15625 0.75
vt 0.1875 0.75
vt 0.21875 0.75
vt 0.25 0.75
vt 0.28125 0.75
vt 0.3125 0.75
vt 0.34375 0.75
vt 0.375 0.75
vt 0.40625 0.75
vt 0.4375 0.75
vt 0.46875 0.75
vt 0.5 0.75
vt 0.53125 0.75
vt 0.5625 0.75
vt 0.59375 0.75
vt 0.625 0.75
vt 0.65625 0.75
vt 0.6875 0.75
vt 0.71875 0.75
vt 0.75 0.75
vt 0.78125 0.75
vt 0.8125 0.75
vt 0.84375 0.75
vt 0.875 0.75
vt 0.90625 0.75
vt 0.9375 0.75
vt 0.96875 0.75
vt 1 0.75
vt 0 0.8125
vt 0.03125 0.8125
vt 0.0625 0.8125
vt 0.09375 0.8125
vt 0.125 0.8125
vt 0.15625 0.8125
vt 0.1875 0.8125
vt 0.21875 0.8125
vt 0.25 0.8125
vt 0.28125 0.8125
vt 0.3125 0.8125
vt 0.34375 0.8125
vt 0.375 0.8125
vt 0.40625 0.8125
vt 0.4375 0.8125
vt 0.46875 0.8125
vt 0.5 0.8125
vt 0.53125 0.8125
vt 0.5625 0.8125
vt 0.59375 0.8125
vt 0.625 0.8125
vt 0.65625 0.8125
vt 0.6875 0.8125
vt 0.71875 0.8125
vt 0.75 0.8125
vt 0.78125 0.8125
vt 0.8125 0.8125
vt 0.84375 0.8125
vt 0.875 0.8125
vt 0.90625 0.8125
vt 0.9375 0.8125
vt 0.96875 0.8125
vt 1 0.8125
vt 0 0.875
vt 0.03125 0.875
vt 0.0625 0.875
vt 0.09375 0.875
vt 0.125 0.875
vt 0.15625 0.875
vt 0.1875 0.875
vt 0.21875 0.875
vt 0.25 0.875
vt 0.28125 0.875
vt 0.3125 0.875
vt 0.34375 0.875
vt 0.375 0.875
vt 0.40625 0.875
vt 0.4375 0.875
vt 0.46875 0.875
vt 0.5 0.875
vt 0.53125 0.875
vt 0.5625 0.875
vt 0.59375 0.875
vt 0.625 0.875
vt 0.65625 0.875
vt 0.6875 0.875
vt 0.71875 0.875
vt 0.75 0.875
vt 0.78125 0.875
vt 0.8125 0.875
vt 0.84375 0.875
vt 0.875 0.875
vt 0.90625 0.875
vt 0.9375 0.875
vt 0.96875 0.875
vt 1 0.875
vt 0 0.9375
vt 0.03125 0.9375
vt 0.0625 0.9375
vt 0.09375 0.9375
vt 0.125 0.9375
vt 0.15625 0.9375
vt 0.1875 0.9375
vt 0.21875 0.9375
vt 0.25 0.9375
vt 0.28125 0.9375
vt 0.3125 0.9375
vt 0.34375 0.9375
vt 0.375 0.9375
vt 0.40625 0.9375
vt 0.4375 0.9375
vt 0.46875 0.9375
vt 0.5 0.9375
vt 0.53125 0.9375
vt 0.5625 0.9375
vt 0.59375 0.9375
vt 0.625 0.9375
vt 0.65625 0.9375
vt 0.6875 0.9375
vt 0.71875 0.9375
vt 0.75 0.9375
vt 0.78125 0.9375
vt 0.8125 0.9375
vt 0.84375 0.9375
vt 0.875 0.9375
vt 0.90625 0.9375
vt 0.9375 0.9375
vt 0.96875 0.9375
vt 1 0.9375
vt 0 1
vt 0.03125 1
vt 0.0625 1
vt 0.09375 1
vt 0.125 1
vt 0.15625 1
vt 0.1875 1
vt 0.21875 1
vt 0.25 1
vt 0.28125 1
vt 0.3125 1
vt 0.34375 1
vt 0.375 1
vt 0.40625 1
vt 0.4375 1
vt 0.46875 1
vt 0.5 1
vt 0.53125 1
vt 0.5625 1
vt 0.59375 1
vt 0.625 1
vt 0.65625 1
vt 0.6875 1
vt 0.71875 1
vt 0.75 1
vt 0.78125 1
vt 0.8125 1
vt 0.84375 1
vt 0.875 1
vt 0.90625 1
vt 0.9375 1
vt 0.96875 1
vt 1 1
vn 1 0 0
vn 0.9807852789517083 0.19509032931342324 0
vn 0.9238795305660377 0.3826834370613369 0
vn 0.8314696016585884 0.555570248949409 0
vn 0.7071067811865476 0.7071067811865476 0
vn 0.555570248949409 0.8314696016585884 0
vn 0.3826834370613369 0.9238795305660377 0
vn 0.19509032931342324 0.9807852789517083 0
vn 6.123234262925839e-17 1 0
vn -0.19509032931342324 0.9807852789517083 0
vn -0.3826834370613369 0.9238795305660377 0
vn -0.555570248949409 0.8314696016585884 0
vn -0.7071067811865476 0.7071067811865476 0
vn -0.8314696016585884 0.555570248949409 0
vn -0.9238795305660377 0.3826834370613369 0
vn -0.9807852789517083 0.19509032931342324 0
vn -1 1.2246468525851679e-16 0
vn -0.9807852789517083 -0.19509032931342324 0
vn -0.9238795305660377 -0.3826834370613369 0
vn -0.8314696016585884 -0.555570248949409 0
vn -0.7071067811865476 -0.7071067811865476 0
vn -0.555570248949409 -0.8314696016585884 0
vn -0.3826834370613369 -0.9238795305660377 0
vn -0.19509032931342324 -0.9807852789517083 0
vn -1.8369701465288538e-16 -1 0
vn 0.19509032931342324 -0.9807852789517083 0
vn 0.3826834370613369 -0.9238795305660377 0
vn 0.555570248949409 -0.8314696016585884 0
vn 0.7071067811865476 -0.7071067811865476 0
vn 0.8314696016585884 -0.555570248949409 0
vn 0.9238795305660377 -0.3826834370613369 0
vn 0.9807852789517083 -0.19509032931342324 0
vn 1 -2.4492937051703357e-16 0
vn 0.9238795305660377 0 0.3826834370613369
vn 0.9061274488488158 0.18023995975530888 0.3826834244517805
vn 0.8535534008993343 0.35355337897317635 0.3826834201135841
vn 0.7681777519791022 0.5132799773021396 0.38268342826028917
vn 0.653281488012237 0.653281488012237 0.38268341333409667
vn 0.5132799773021396 0.7681777519791022 0.38268342826028917
vn 0.35355337897317635 0.8535534008993343 0.3826834201135841
vn 0.18023995975530888 0.9061274488488158 0.3826834244517805
vn 5.657130722319695e-17 0.9238795305660377 0.3826834370613369
vn -0.18023995975530888 0.9061274488488158 0.3826834244517805
vn -0.35355337897317635 0.8535534008993343 0.3826834201135841
vn -0.5132799773021396 0.7681777519791022 0.38268342826028917
vn -0.653281488012237 0.653281488012237 0.38268341333409667
vn -0.7681777519791022 0.5132799773021396 0.38268342826028917
vn -0.8535534008993343 0.35355337897317635 0.3826834201135841
vn -0.9061274488488158 0.18023995975530888 0.3826834244517805
vn -0.9238795305660377 1.131426144463939e-16 0.3826834370613369
vn -0.9061274488488158 -0.18023995975530888 0.3826834244517805
vn -0.8535534008993343 -0.35355337897317635 0.3826834201135841
vn -0.7681777519791022 -0.5132799773021396 0.38268342826028917
vn -0.653281488012237 -0.653281488012237 0.38268341333409667
vn -0.5132799773021396 -0.7681777519791022 0.38268342826028917
vn -0.35355337897317635 -0.8535534008993343 0.3826834201135841
vn -0.18023995975530888 -0.9061274488488158 0.3826834244517805
vn -1.6971392166959086e-16 -0.9238795305660377 0.3826834370613369
vn 0.18023995975530888 -0.9061274488488158 0.3826834244517805
vn 0.35355337897317635 -0.8535534008993343 0.3826834201135841
vn 0.5132799773021396 -0.7681777519791022 0.38268342826028917
vn 0.653281488012237 -0.653281488012237 0.38268341333409667
vn 0.7681777519791022 -0.5132799773021396 0.38268342826028917
vn 0.8535534008993343 -0.35355337897317635 0.3826834201135841
vn 0.9061274488488158 -0.18023995975530888 0.3826834244517805
vn 0.9238795305660377 -2.262852288927878e-16 0.3826834370613369
vn 0.7071067811865476 0 0.7071067811865476
vn 0.6935199426845902 0.13794968878491518 0.7071067617148827
vn 0.6532815030743456 0.2705980511147485 0.7071067617226012
vn 0.5879377874929517 0.39284748855870727 0.7071067873885877
vn 0.5000000042785677 0.5000000042785677 0.7071067751357388
vn 0.39284748855870727 0.5879377874929517 0.7071067873885877
vn 0.2705980511147485 0.6532815030743456 0.7071067617226012
vn 0.13794968878491518 0.6935199426845902 0.7071067617148827
vn 4.329780375814312e-17 0.7071067811865476 0.7071067811865476
vn -0.13794968878491518 0.6935199426845902 0.7071067617148827
vn -0.2705980511147485 0.6532815030743456 0.7071067617226012
vn -0.39284748855870727 0.5879377874929517 0.7071067873885877
vn -0.5000000042785677 0.5000000042785677 0.7071067751357388
vn -0.5879377874929517 0.39284748855870727 0.7071067873885877
vn -0.6532815030743456 0.2705980511147485 0.7071067617226012
vn -0.6935199426845902 0.13794968878491518 0.7071067617148827
vn -0.7071067811865476 8.659560751628624e-17 0.7071067811865476
vn -0.6935199426845902 -0.13794968878491518 0.7071067617148827
vn -0.6532815030743456 -0.2705980511147485 0.7071067617226012
vn -0.5879377874929517 -0.39284748855870727 0.7071067873885877
vn -0.5000000042785677 -0.5000000042785677 0.7071067751357388
vn -0.39284748855870727 -0.5879377874929517 0.7071067873885877
vn -0.2705980511147485 -0.6532815030743456 0.7071067617226012
vn -0.13794968878491518 -0.6935199426845902 0.7071067617148827
vn -1.2989340465698435e-16 -0.7071067811865476 0.7071067811865476
vn 0.13794968878491518 -0.6935199426845902 0.7071067617148827
vn 0.2705980511147485 -0.6532815030743456 0.7071067617226012
vn 0.39284748855870727 -0.5879377874929517 0.7071067873885877
vn 0.5000000042785677 -0.5000000042785677 0.7071067751357388
vn 0.5879377874929517 -0.39284748855870727 0.7071067873885877
vn 0.6532815030743456 -0.2705980511147485 0.7071067617226012
vn 0.6935199426845902 -0.13794968878491518 0.7071067617148827
vn 0.7071067811865476 -1.7319121503257247e-16 0.7071067811865476
vn 0.3826834370613369 0 0.9238795305660377
vn 0.37533028027663956 0.07465783724240778 0.9238795311325744
vn 0.3535533942319051 0.14644661947103244 0.9238795295235227
vn 0.3181896589214118 0.21260752328240298 0.9238795278602066
vn 0.2705980604439119 0.2705980604439119 0.9238795264362049
vn 0.21260752328240298 0.3181896589214118 0.9238795278602066
vn 0.14644661947103244 0.3535533942319051 0.9238795295235227
vn 0.07465783724240778 0.37533028027663956 0.9238795311325744
vn 2.3432603017245014e-17 0.3826834370613369 0.9238795305660377
vn -0.07465783724240778 0.37533028027663956 0.9238795311325744
vn -0.14644661947103244 0.3535533942319051 0.9238795295235227
vn -0.21260752328240298 0.3181896589214118 0.9238795278602066
vn -0.2705980604439119 0.2705980604439119 0.9238795264362049
vn -0.3181896589214118 0.21260752328240298 0.9238795278602066
vn -0.3535533942319051 0.14644661947103244 0.9238795295235227
vn -0.37533028027663956 0.07465783724240778 0.9238795311325744
vn -0.3826834370613369 4.686520603449003e-17 0.9238795305660377
vn -0.37533028027663956 -0.07465783724240778 0.9238795311325744
vn -0.3535533942319051 -0.14644661947103244 0.9238795295235227
vn -0.3181896589214118 -0.21260752328240298 0.9238795278602066
vn -0.2705980604439119 -0.2705980604439119 0.9238795264362049
vn -0.21260752328240298 -0.3181896589214118 0.9238795278602066
vn -0.14644661947103244 -0.3535533942319051 0.9238795295235227
vn -0.07465783724240778 -0.37533028027663956 0.9238795311325744
vn -7.029780739737377e-17 -0.3826834370613369 0.9238795305660377
vn 0.07465783724240778 -0.37533028027663956 0.9238795311325744
vn 0.14644661947103244 -0.3535533942319051 0.9238795295235227
vn 0.21260752328240298 -0.3181896589214118 0.9238795278602066
vn 0.2705980604439119 -0.2705980604439119 0.9238795264362049
vn 0.3181896589214118 -0.21260752328240298 0.9238795278602066
vn 0.3535533942319051 -0.14644661947103244 0.9238795295235227
vn 0.37533028027663956 -0.07465783724240778 0.9238795311325744
vn 0.3826834370613369 -9.373041206898005e-17 0.9238795305660377
vn 0 0 1
vn 0 0 1
vn 0 0 1
vn 0 0 1
vn 0 0 1
vn 0 0 1
vn 0 0 1
vn 0 0 1
vn 0 0 1
vn 0 0 1
vn 0 0 1
vn 0 0 1
vn 0 0 1
vn 0 0 1
vn 0 0 1
vn 0 0 1
vn 0 0 1
vn 0 0 1
vn 0 0 1
vn 0 0 1
vn 0 0 1
vn 0 0 1
vn 0 0 1
vn 0 0 1
vn 0 0 1
vn 0 0 1
vn 0 0 1
vn 0 0 1
vn 0 0 1
vn 0 0 1
vn 0 0 1
vn 0 0 1
vn 0 0 1
vn -0.3826834370613369 0 0.9238795305660377
vn -0.37533028027663956 -0.07465783724240778 0.9238795311325744
vn -0.3535533942319051 -0.14644661947103244 0.9238795295235227
vn -0.3181896589214118 -0.21260752328240298 0.9238795278602066
vn -0.2705980604439119 -0.2705980604439119 0.9238795264362049
vn -0.21260752328240298 -0.3181896589214118 0.9238795278602066
vn -0.14644661947103244 -0.3535533942319051 0.9238795295235227
vn -0.07465783724240778 -0.37533028027663956 0.9238795311325744
vn -2.3432603017245014e-17 -0.3826834370613369 0.9238795305660377
vn 0.07465783724240778 -0.37533028027663956 0.9238795311325744
vn 0.14644661947103244 -0.3535533942319051 0.9238795295235227
vn 0.21260752328240298 -0.3181896589214118 0.9238795278602066
vn 0.2705980604439119 -0.2705980604439119 0.9238795264362049
vn 0.3181896589214118 -0.21260752328240298 0.9238795278602066
vn 0.3535533942319051 -0.14644661947103244 0.9238795295235227
vn 0.37533028027663956 -0.07465783724240778 0.9238795311325744
vn 0.3826834370613369 -4.686520603449003e-17 0.9238795305660377
vn 0.37533028027663956 0.07465783724240778 0.9238795311325744
vn 0.3535533942319051 0.14644661947103244 0.9238795295235227
vn 0.3181896589214118 0.21260752328240298 0.9238795278602066
vn 0.2705980604439119 0.2705980604439119 0.9238795264362049
vn 0.21260752328240298 0.3181896589214118 0.9238795278602066
vn 0.14644661947103244 0.3535533942319051 0.9238795295235227
vn 0.07465783724240778 0.37533028027663956 0.9238795311325744
vn 7.029780739737377e-17 0.3826834370613369 0.9238795305660377
vn -0.07465783724240778 0.37533028027663956 0.9238795311325744
vn -0.14644661947103244 0.3535533942319051 0.9238795295235227
vn -0.21260752328240298 0.3181896589214118 0.9238795278602066
vn -0.2705980604439119 0.2705980604439119 0.9238795264362049
vn -0.3181896589214118 0.21260752328240298 0.9238795278602066
vn -0.3535533942319051 0.14644661947103244 0.9238795295235227
vn -0.37533028027663956 0.07465783724240778 0.9238795311325744
vn -0.3826834370613369 9.373041206898005e-17 0.9238795305660377
vn -0.7071067811865476 0 0.7071067811865476
vn -0.6935199426845902 -0.13794968878491518 0.7071067617148827
vn -0.6532815030743456 -0.2705980511147485 0.7071067617226012
vn -0.5879377874929517 -0.39284748855870727 0.7071067873885877
vn -0.5000000042785677 -0.5000000042785677 0.7071067751357388
vn -0.39284748855870727 -0.5879377874929517 0.7071067873885877
vn -0.2705980511147485 -0.6532815030743456 0.7071067617226012
vn -0.13794968878491518 -0.6935199426845902 0.7071067617148827
vn -4.329780375814312e-17 -0.7071067811865476 0.7071067811865476
vn 0.13794968878491518 -0.6935199426845902 0.7071067617148827
vn 0.2705980511147485 -0.6532815030743456 0.7071067617226012
vn 0.39284748855870727 -0.5879377874929517 0.7071067873885877
vn 0.5000000042785677 -0.5000000042785677 0.7071067751357388
vn 0.5879377874929517 -0.39284748855870727 0.7071067873885877
vn 0.6532815030743456 -0.2705980511147485 0.7071067617226012
vn 0.6935199426845902 -0.13794968878491518 0.7071067617148827
vn 0.7071067811865476 -8.659560751628624e-17 0.7071067811865476
vn 0.6935199426845902 0.13794968878491518 0.7071067617148827
vn 0.6532815030743456 0.2705980511147485 0.7071067617226012
vn 0.5879377874929517 0.39284748855870727 0.7071067873885877
vn 0.5000000042785677 0.5000000042785677 0.7071067751357388
vn 0.39284748855870727 0.5879377874929517 0.7071067873885877
vn 0.2705980511147485 0.6532815030743456 0.7071067617226012
vn 0.13794968878491518 0.6935199426845902 0.7071067617148827
vn 1.2989340465698435e-16 0.7071067811865476 0.7071067811865476
vn -0.13794968878491518 0.6935199426845902 0.7071067617148827
vn -0.2705980511147485 0.6532815030743456 0.7071067617226012
vn -0.39284748855870727 0.5879377874929517 0.7071067873885877
vn -0.5000000042785677 0.5000000042785677 0.7071067751357388
vn -0.5879377874929517 0.39284748855870727 0.7071067873885877
vn -0.6532815030743456 0.2705980511147485 0.7071067617226012
vn -0.6935199426845902 0.13794968878491518 0.7071067617148827
vn -0.7071067811865476 1.7319121503257247e-16 0.7071067811865476
vn -0.9238795305660377 0 0.3826834370613369
vn -0.9061274488488158 -0.18023995975530888 0.3826834244517805
vn -0.8535534008993343 -0.35355337897317635 0.3826834201135841
vn -0.7681777519791022 -0.5132799773021396 0.38268342826028917
vn -0.653281488012237 -0.653281488012237 0.38268341333409667
vn -0.5132799773021396 -0.7681777519791022 0.38268342826028917
vn -0.35355337897317635 -0.8535534008993343 0.3826834201135841
vn -0.18023995975530888 -0.9061274488488158 0.3826834244517805
vn -5.657130722319695e-17 -0.9238795305660377 0.3826834370613369
vn 0.18023995975530888 -0.9061274488488158 0.3826834244517805
vn 0.35355337897317635 -0.8535534008993343 0.3826834201135841
vn 0.5132799773021396 -0.7681777519791022 0.38268342826028917
vn 0.653281488012237 -0.653281488012237 0.38268341333409667
vn 0.7681777519791022 -0.5132799773021396 0.38268342826028917
vn 0.8535534008993343 -0.35355337897317635 0.3826834201135841
vn 0.9061274488488158 -0.18023995975530888 0.3826834244517805
vn 0.9238795305660377 -1.131426144463939e-16 0.3826834370613369
vn 0.9061274488488158 0.18023995975530888 0.3826834244517805
vn 0.8535534008993343 0.35355337897317635 0.3826834201135841
vn 0.7681777519791022 0.5132799773021396 0.38268342826028917
vn 0.653281488012237 0.653281488012237 0.38268341333409667
vn 0.5132799773021396 0.7681777519791022 0.38268342826028917
vn 0.35355337897317635 0.8535534008993343 0.3826834201135841
vn 0.18023995975530888 0.9061274488488158 0.3826834244517805
vn 1.6971392166959086e-16 0.9238795305660377 0.3826834370613369
vn -0.18023995975530888 0.9061274488488158 0.3826834244517805
vn -0.35355337897317635 0.8535534008993343 0.3826834201135841
vn -0.5132799773021396 0.7681777519791022 0.38268342826028917
vn -0.653281488012237 0.653281488012237 0.38268341333409667
vn -0.7681777519791022 0.5132799773021396 0.38268342826028917
vn -0.8535534008993343 0.35355337897317635 0.3826834201135841
vn -0.9061274488488158 0.18023995975530888 0.3826834244517805
vn -0.9238795305660377 2.262852288927878e-16 0.3826834370613369
vn -1 0 1.2246468525851679e-16
vn -0.9807852789517083 -0.19509032931342324 1.2246468879066106e-16
vn -0.9238795305660377 -0.3826834370613369 1.2246468875295903e-16
vn -0.8314696016585884 -0.555570248949409 1.2246468617557101e-16
vn -0.7071067811865476 -0.7071067811865476 1.2246468735441063e-16
vn -0.555570248949409 -0.8314696016585884 1.2246468617557101e-16
vn -0.3826834370613369 -0.9238795305660377 1.2246468875295903e-16
vn -0.19509032931342324 -0.9807852789517083 1.2246468879066106e-16
vn -6.123234262925839e-17 -1 1.2246468525851679e-16
vn 0.19509032931342324 -0.9807852789517083 1.2246468879066106e-16
vn 0.3826834370613369 -0.9238795305660377 1.2246468875295903e-16
vn 0.555570248949409 -0.8314696016585884 1.2246468617557101e-16
vn 0.7071067811865476 -0.7071067811865476 1.2246468735441063e-16
vn 0.8314696016585884 -0.555570248949409 1.2246468617557101e-16
vn 0.9238795305660377 -0.3826834370613369 1.2246468875295903e-16
vn 0.9807852789517083 -0.19509032931342324 1.2246468879066106e-16
vn 1 -1.2246468525851679e-16 1.2246468525851679e-16
vn 0.9807852789517083 0.19509032931342324 1.2246468879066106e-16
vn 0.9238795305660377 0.3826834370613369 1.2246468875295903e-16
vn 0.8314696016585884 0.555570248949409 1.2246468617557101e-16
vn 0.7071067811865476 0.7071067811865476 1.2246468735441063e-16
vn 0.555570248949409 0.8314696016585884 1.2246468617557101e-16
vn 0.3826834370613369 0.9238795305660377 1.2246468875295903e-16
vn 0.19509032931342324 0.9807852789517083 1.2246468879066106e-16
vn 1.8369701465288538e-16 1 1.2246468525851679e-16
vn -0.19509032931342324 0.9807852789517083 1.2246468879066106e-16
vn -0.3826834370613369 0.9238795305660377 1.2246468875295903e-16
vn -0.555570248949409 0.8314696016585884 1.2246468617557101e-16
vn -0.7071067811865476 0.7071067811865476 1.2246468735441063e-16
vn -0.8314696016585884 0.555570248949409 1.2246468617557101e-16
vn -0.9238795305660377 0.3826834370613369 1.2246468875295903e-16
vn -0.9807852789517083 0.19509032931342324 1.2246468879066106e-16
vn -1 2.4492937051703357e-16 1.2246468525851679e-16
vn -0.9238795305660377 0 -0.3826834370613369
vn -0.9061274488488158 -0.18023995975530888 -0.3826834244517805
vn -0.8535534008993343 -0.35355337897317635 -0.3826834201135841
vn -0.7681777519791022 -0.5132799773021396 -0.38268342826028917
vn -0.653281488012237 -0.653281488012237 -0.38268341333409667
vn -0.5132799773021396 -0.7681777519791022 -0.38268342826028917
vn -0.35355337897317635 -0.8535534008993343 -0.3826834201135841
vn -0.18023995975530888 -0.9061274488488158 -0.3826834244517805
vn -5.657130722319695e-17 -0.9238795305660377 -0.3826834370613369
vn 0.18023995975530888 -0.9061274488488158 -0.3826834244517805
vn 0.35355337897317635 -0.8535534008993343 -0.3826834201135841
vn 0.5132799773021396 -0.7681777519791022 -0.38268342826028917
vn 0.653281488012237 -0.653281488012237 -0.38268341333409667
vn 0.7681777519791022 -0.5132799773021396 -0.38268342826028917
vn 0.8535534008993343 -0.35355337897317635 -0.3826834201135841
vn 0.9061274488488158 -0.18023995975530888 -0.3826834244517805
vn 0.9238795305660377 -1.131426144463939e-16 -0.3826834370613369
vn 0.9061274488488158 0.18023995975530888 -0.3826834244517805
vn 0.8535534008993343 0.35355337897317635 -0.3826834201135841
vn 0.7681777519791022 0.5132799773021396 -0.38268342826028917
vn 0.653281488012237 0.653281488012237 -0.38268341333409667
vn 0.5132799773021396 0.7681777519791022 -0.38268342826028917
vn 0.35355337897317635 0.8535534008993343 -0.3826834201135841
vn 0.18023995975530888 0.9061274488488158 -0.3826834244517805
vn 1.6971392166959086e-16 0.9238795305660377 -0.3826834370613369
vn -0.18023995975530888 0.9061274488488158 -0.3826834244517805
vn -0.35355337897317635 0.8535534008993343 -0.3826834201135841
vn -0.5132799773021396 0.7681777519791022 -0.38268342826028917
vn -0.653281488012237 0.653281488012237 -0.38268341333409667
vn -0.7681777519791022 0.5132799773021396 -0.38268342826028917
vn -0.8535534008993343 0.35355337897317635 -0.3826834201135841
vn -0.9061274488488158 0.18023995975530888 -0.3826834244517805
vn -0.9238795305660377 2.262852288927878e-16 -0.3826834370613369
vn -0.7071067811865476 0 -0.7071067811865476
vn -0.6935199426845902 -0.13794968878491518 -0.7071067617148827
vn -0.6532815030743456 -0.2705980511147485 -0.7071067617226012
vn -0.5879377874929517 -0.39284748855870727 -0.7071067873885877
vn -0.5000000042785677 -0.5000000042785677 -0.7071067751357388
vn -0.39284748855870727 -0.5879377874929517 -0.7071067873885877
vn -0.2705980511147485 -0.6532815030743456 -0.7071067617226012
vn -0.13794968878491518 -0.6935199426845902 -0.7071067617148827
vn -4.329780375814312e-17 -0.7071067811865476 -0.7071067811865476
vn 0.13794968878491518 -0.6935199426845902 -0.7071067617148827
vn 0.2705980511147485 -0.6532815030743456 -0.7071067617226012
vn 0.39284748855870727 -0.5879377874929517 -0.7071067873885877
vn 0.5000000042785677 -0.5000000042785677 -0.7071067751357388
vn 0.5879377874929517 -0.39284748855870727 -0.7071067873885877
vn 0.6532815030743456 -0.2705980511147485 -0.7071067617226012
vn 0.6935199426845902 -0.13794968878491518 -0.7071067617148827
vn 0.7071067811865476 -8.659560751628624e-17 -0.7071067811865476
vn 0.6935199426845902 0.13794968878491518 -0.7071067617148827
vn 0.6532815030743456 0.2705980511147485 -0.7071067617226012
vn 0.5879377874929517 0.39284748855870727 -0.7071067873885877
vn 0.5000000042785677 0.5000000042785677 -0.7071067751357388
vn 0.39284748855870727 0.5879377874929517 -0.7071067873885877
vn 0.2705980511147485 0.6532815030743456 -0.7071067617226012
vn 0.13794968878491518 0.6935199426845902 -0.7071067617148827
vn 1.2989340465698435e-16 0.7071067811865476 -0.7071067811865476
vn -0.13794968878491518 0.6935199426845902 -0.7071067617148827
vn -0.2705980511147485 0.6532815030743456 -0.7071067617226012
vn -0.39284748855870727 0.5879377874929517 -0.7071067873885877
vn -0.5000000042785677 0.5000000042785677 -0.7071067751357388
vn -0.5879377874929517 0.39284748855870727 -0.7071067873885877
vn -0.6532815030743456 0.2705980511147485 -0.7071067617226012
vn -0.6935199426845902 0.13794968878491518 -0.7071067617148827
vn -0.7071067811865476 1.7319121503257247e-16 -0.7071067811865476
vn -0.3826834370613369 0 -0.9238795305660377
vn -0.37533028027663956 -0.07465783724240778 -0.9238795311325744
vn -0.3535533942319051 -0.14644661947103244 -0.9238795295235227
vn -0.3181896589214118 -0.21260752328240298 -0.9238795278602066
vn -0.2705980604439119 -0.2705980604439119 -0.9238795264362049
vn -0.21260752328240298 -0.3181896589214118 -0.9238795278602066
vn -0.14644661947103244 -0.3535533942319051 -0.9238795295235227
vn -0.07465783724240778 -0.37533028027663956 -0.9238795311325744
vn -2.3432603017245014e-17 -0.3826834370613369 -0.9238795305660377
vn 0.07465783724240778 -0.37533028027663956 -0.9238795311325744
vn 0.14644661947103244 -0.3535533942319051 -0.9238795295235227
vn 0.21260752328240298 -0.3181896589214118 -0.9238795278602066
vn 0.2705980604439119 -0.2705980604439119 -0.9238795264362049
vn 0.3181896589214118 -0.21260752328240298 -0.9238795278602066
vn 0.3535533942319051 -0.14644661947103244 -0.9238795295235227
vn 0.37533028027663956 -0.07465783724240778 -0.9238795311325744
vn 0.3826834370613369 -4.686520603449003e-17 -0.9238795305660377
vn 0.37533028027663956 0.07465783724240778 -0.9238795311325744
vn 0.3535533942319051 0.14644661947103244 -0.9238795295235227
vn 0.3181896589214118 0.21260752328240298 -0.9238795278602066
vn 0.2705980604439119 0.2705980604439119 -0.9238795264362049
vn 0.21260752328240298 0.3181896589214118 -0.9238795278602066
vn 0.14644661947103244 0.3535533942319051 -0.9238795295235227
vn 0.07465783724240778 0.37533028027663956 -0.9238795311325744
vn 7.029780739737377e-17 0.3826834370613369 -0.9238795305660377
vn -0.07465783724240778 0.37533028027663956 -0.9238795311325744
vn -0.14644661947103244 0.3535533942319051 -0.9238795295235227
vn -0.21260752328240298 0.3181896589214118 -0.9238795278602066
vn -0.2705980604439119 0.2705980604439119 -0.9238795264362049
vn -0.3181896589214118 0.21260752328240298 -0.9238795278602066
vn -0.3535533942319051 0.14644661947103244 -0.9238795295235227
vn -0.37533028027663956 0.07465783724240778 -0.9238795311325744
vn -0.3826834370613369 9.373041206898005e-17 -0.9238795305660377
vn 0 0 -1
vn 0 0 -1
vn 0 0 -1
vn 0 0 -1
vn 0 0 -1
vn 0 0 -1
vn 0 0 -1
vn 0 0 -1
vn 0 0 -1
vn 0 0 -1
vn 0 0 -1
vn 0 0 -1
vn 0 0 -1
vn 0 0 -1
vn 0 0 -1
vn 0 0 -1
vn 0 0 -1
vn 0 0 -1
vn 0 0 -1
vn 0 0 -1
vn 0 0 -1
vn 0 0 -1
vn 0 0 -1
vn 0 0 -1
vn 0 0 -1
vn 0 0 -1
vn 0 0 -1
vn 0 0 -1
vn 0 0 -1
vn 0 0 -1
vn 0 0 -1
vn 0 0 -1
vn 0 0 -1
vn 0.3826834370613369 0 -0.9238795305660377
vn 0.37533028027663956 0.07465783724240778 -0.9238795311325744
vn 0.3535533942319051 0.14644661947103244 -0.9238795295235227
vn 0.3181896589214118 0.21260752328240298 -0.9238795278602066
vn 0.2705980604439119 0.2705980604439119 -0.9238795264362049
vn 0.21260752328240298 0.3181896589214118 -0.9238795278602066
vn 0.14644661947103244 0.3535533942319051 -0.9238795295235227
vn 0.07465783724240778 0.37533028027663956 -0.9238795311325744
vn 2.3432603017245014e-17 0.3826834370613369 -0.9238795305660377
vn -0.07465783724240778 0.37533028027663956 -0.9238795311325744
vn -0.14644661947103244 0.3535533942319051 -0.9238795295235227
vn -0.21260752328240298 0.3181896589214118 -0.9238795278602066
vn -0.2705980604439119 0.2705980604439119 -0.9238795264362049
vn -0.3181896589214118 0.21260752328240298 -0.9238795278602066
vn -0.3535533942319051 0.14644661947103244 -0.9238795295235227
vn -0.37533028027663956 0.07465783724240778 -0.9238795311325744
vn -0.3826834370613369 4.686520603449003e-17 -0.9238795305660377
vn -0.37533028027663956 -0.07465783724240778 -0.9238795311325744
vn -0.3535533942319051 -0.14644661947103244 -0.9238795295235227
vn -0.3181896589214118 -0.21260752328240298 -0.9238795278602066
vn -0.2705980604439119 -0.2705980604439119 -0.9238795264362049
vn -0.21260752328240298 -0.3181896589214118 -0.9238795278602066
vn -0.14644661947103244 -0.3535533942319051 -0.9238795295235227
vn -0.07465783724240778 -0.37533028027663956 -0.9238795311325744
vn -7.029780739737377e-17 -0.3826834370613369 -0.9238795305660377
vn 0.07465783724240778 -0.37533028027663956 -0.9238795311325744
vn 0.14644661947103244 -0.3535533942319051 -0.9238795295235227
vn 0.21260752328240298 -0.3181896589214118 -0.9238795278602066
vn 0.2705980604439119 -0.2705980604439119 -0.9238795264362049
vn 0.3181896589214118 -0.21260752328240298 -0.9238795278602066
vn 0.3535533942319051 -0.14644661947103244 -0.9238795295235227
vn 0.37533028027663956 -0.07465783724240778 -0.9238795311325744
vn 0.3826834370613369 -9.373041206898005e-17 -0.9238795305660377
vn 0.7071067811865476 0 -0.7071067811865476
vn 0.6935199426845902 0.13794968878491518 -0.7071067617148827
vn 0.6532815030743456 0.2705980511147485 -0.7071067617226012
vn 0.5879377874929517 0.39284748855870727 -0.7071067873885877
vn 0.5000000042785677 0.5000000042785677 -0.7071067751357388
vn 0.39284748855870727 0.5879377874929517 -0.7071067873885877
vn 0.2705980511147485 0.6532815030743456 -0.7071067617226012
vn 0.13794968878491518 0.6935199426845902 -0.7071067617148827
vn 4.329780375814312e-17 0.7071067811865476 -0.7071067811865476
vn -0.13794968878491518 0.6935199426845902 -0.7071067617148827
vn -0.2705980511147485 0.6532815030743456 -0.7071067617226012
vn -0.39284748855870727 0.5879377874929517 -0.7071067873885877
vn -0.5000000042785677 0.5000000042785677 -0.7071067751357388
vn -0.5879377874929517 0.39284748855870727 -0.7071067873885877
vn -0.6532815030743456 0.2705980511147485 -0.7071067617226012
vn -0.6935199426845902 0.13794968878491518 -0.7071067617148827
vn -0.7071067811865476 8.659560751628624e-17 -0.7071067811865476
vn -0.6935199426845902 -0.13794968878491518 -0.7071067617148827
vn -0.6532815030743456 -0.2705980511147485 -0.7071067617226012
vn -0.5879377874929517 -0.39284748855870727 -0.7071067873885877
vn -0.5000000042785677 -0.5000000042785677 -0.7071067751357388
vn -0.39284748855870727 -0.5879377874929517 -0.7071067873885877
vn -0.2705980511147485 -0.6532815030743456 -0.7071067617226012
vn -0.13794968878491518 -0.6935199426845902 -0.7071067617148827
vn -1.2989340465698435e-16 -0.7071067811865476 -0.7071067811865476
vn 0.13794968878491518 -0.6935199426845902 -0.7071067617148827
vn 0.2705980511147485 -0.6532815030743456 -0.7071067617226012
vn 0.39284748855870727 -0.5879377874929517 -0.7071067873885877
vn 0.5000000042785677 -0.5000000042785677 -0.7071067751357388
vn 0.5879377874929517 -0.39284748855870727 -0.7071067873885877
vn 0.6532815030743456 -0.2705980511147485 -0.7071067617226012
vn 0.6935199426845902 -0.13794968878491518 -0.7071067617148827
vn 0.7071067811865476 -1.7319121503257247e-16 -0.7071067811865476
vn 0.9238795305660377 0 -0.3826834370613369
vn 0.9061274488488158 0.18023995975530888 -0.3826834244517805
vn 0.8535534008993343 0.35355337897317635 -0.3826834201135841
vn 0.7681777519791022 0.5132799773021396 -0.38268342826028917
vn 0.653281488012237 0.653281488012237 -0.38268341333409667
vn 0.5132799773021396 0.7681777519791022 -0.38268342826028917
vn 0.35355337897317635 0.8535534008993343 -0.3826834201135841
vn 0.18023995975530888 0.9061274488488158 -0.3826834244517805
vn 5.657130722319695e-17 0.9238795305660377 -0.3826834370613369
vn -0.18023995975530888 0.9061274488488158 -0.3826834244517805
vn -0.35355337897317635 0.8535534008993343 -0.3826834201135841
vn -0.5132799773021396 0.7681777519791022 -0.38268342826028917
vn -0.653281488012237 0.653281488012237 -0.38268341333409667
vn -0.7681777519791022 0.5132799773021396 -0.38268342826028917
vn -0.8535534008993343 0.35355337897317635 -0.3826834201135841
vn -0.9061274488488158 0.18023995975530888 -0.3826834244517805
vn -0.9238795305660377 1.131426144463939e-16 -0.3826834370613369
vn -0.9061274488488158 -0.18023995975530888 -0.3826834244517805
vn -0.8535534008993343 -0.35355337897317635 -0.3826834201135841
vn -0.7681777519791022 -0.5132799773021396 -0.38268342826028917
vn -0.653281488012237 -0.653281488012237 -0.38268341333409667
vn -0.5132799773021396 -0.7681777519791022 -0.38268342826028917
vn -0.35355337897317635 -0.8535534008993343 -0.3826834201135841
vn -0.18023995975530888 -0.9061274488488158 -0.3826834244517805
vn -1.6971392166959086e-16 -0.9238795305660377 -0.3826834370613369
vn 0.18023995975530888 -0.9061274488488158 -0.3826834244517805
vn 0.35355337897317635 -0.8535534008993343 -0.3826834201135841
vn 0.5132799773021396 -0.7681777519791022 -0.38268342826028917
vn 0.653281488012237 -0.653281488012237 -0.38268341333409667
vn 0.7681777519791022 -0.5132799773021396 -0.38268342826028917
vn 0.8535534008993343 -0.35355337897317635 -0.3826834201135841
vn 0.9061274488488158 -0.18023995975530888 -0.3826834244517805
vn 0.9238795305660377 -2.262852288927878e-16 -0.3826834370613369
vn 1 0 -2.4492937051703357e-16
vn 0.9807852789517083 0.19509032931342324 -2.449293775813221e-16
vn 0.9238795305660377 0.3826834370613369 -2.4492937750591807e-16
vn 0.8314696016585884 0.555570248949409 -2.4492937235114203e-16
vn 0.7071067811865476 0.7071067811865476 -2.4492937470882127e-16
vn 0.555570248949409 0.8314696016585884 -2.4492937235114203e-16
vn 0.3826834370613369 0.9238795305660377 -2.4492937750591807e-16
vn 0.19509032931342324 0.9807852789517083 -2.449293775813221e-16
vn 6.123234262925839e-17 1 -2.4492937051703357e-16
vn -0.19509032931342324 0.9807852789517083 -2.449293775813221e-16
vn -0.3826834370613369 0.9238795305660377 -2.4492937750591807e-16
vn -0.555570248949409 0.8314696016585884 -2.4492937235114203e-16
vn -0.7071067811865476 0.7071067811865476 -2.4492937470882127e-16
vn -0.8314696016585884 0.555570248949409 -2.4492937235114203e-16
vn -0.9238795305660377 0.3826834370613369 -2.4492937750591807e-16
vn -0.9807852789517083 0.19509032931342324 -2.449293775813221e-16
vn -1 1.2246468525851679e-16 -2.4492937051703357e-16
vn -0.9807852789517083 -0.19509032931342324 -2.449293775813221e-16
vn -0.9238795305660377 -0.3826834370613369 -2.4492937750591807e-16
vn -0.8314696016585884 -0.555570248949409 -2.4492937235114203e-16
vn -0.7071067811865476 -0.7071067811865476 -2.4492937470882127e-16
vn -0.555570248949409 -0.8314696016585884 -2.4492937235114203e-16
vn -0.3826834370613369 -0.9238795305660377 -2.4492937750591807e-16
vn -0.19509032931342324 -0.9807852789517083 -2.449293775813221e-16
vn -1.8369701465288538e-16 -1 -2.4492937051703357e-16
vn 0.19509032931342324 -0.9807852789517083 -2.449293775813221e-16
vn 0.3826834370613369 -0.9238795305660377 -2.4492937750591807e-16
vn 0.555570248949409 -0.8314696016585884 -2.4492937235114203e-16
vn 0.7071067811865476 -0.7071067811865476 -2.4492937470882127e-16
vn 0.8314696016585884 -0.555570248949409 -2.4492937235114203e-16
vn 0.9238795305660377 -0.3826834370613369 -2.4492937750591807e-16
vn 0.9807852789517083 -0.19509032931342324 -2.449293775813221e-16
vn 1 -2.4492937051703357e-16 -2.4492937051703357e-16
f 1061/1061/1061 1028/1028/1028 1062/1062/1062
f 1028/1028/1028 1029/1029/1029 1062/1062/1062
f 1062/1062/1062 1029/1029/1029 1063/1063/1063
f 1029/1029/1029 1030/1030/1030 1063/1063/1063
f 1063/1063/1063 1030/1030/1030 1064/1064/1064
f 1030/1030/1030 1031/1031/1031 1064/1064/1064
f 1064/1064/1064 1031/1031/1031 1065/1065/1065
f 1031/1031/1031 1032/1032/1032 1065/1065/1065
f 1065/1065/1065 1032/1032/1032 1066/1066/1066
f 1032/1032/1032 1033/1033/1033 1066/1066/1066
f 1066/1066/1066 1033/1033/1033 1067/1067/1067
f 1033/1033/1033 1034/1034/1034 1067/1067/1067
f 1067/1067/1067 1034/1034/1034 1068/1068/1068
f 1034/1034/1034 1035/1035/1035 1068/1068/1068
f 1068/1068/1068 1035/1035/1035 1069/1069/1069
f 1035/1035/1035 1036/1036/1036 1069/1069/1069
f 1069/1069/1069 1036/1036/1036 1070/1070/1070
f 1036/1036/1036 1037/1037/1037 1070/1070/1070
f 1070/1070/1070 1037/1037/1037 1071/1071/1071
f 1037/1037/1037 1038/1038/1038 1071/1071/1071
f 1071/1071/1071 1038/1038/1038 1072/1072/1072
f 1038/1038/1038 1039/1039/1039 1072/1072/1072
f 1072/1072/1072 1039/1039/1039 1073/1073/1073
f 1039/1039/1039 1040/1040/1040 1073/1073/1073
f 1073/1073/1073 1040/1040/1040 1074/1074/1074
f 1040/1040/1040 1041/1041/1041 1074/1074/1074
f 1074/1074/1074 1041/1041/1041 1075/1075/1075
f 1041/1041/1041 1042/1042/1042 1075/1075/1075
f 1075/1075/1075 1042/1042/1042 1076/1076/1076
f 1042/1042/1042 1043/1043/1043 1076/1076/1076
f 1076/1076/1076 1043/1043/1043 1077/1077/1077
f 1043/1043/1043 1044/1044/1044 1077/1077/1077
f 1077/1077/1077 1044/1044/1044 1078/1078/1078
f 1044/1044/1044 1045/1045/1045 1078/1078/1078
f 1078/1078/1078 1045/1045/1045 1079/1079/1079
f 1045/1045/1045 1046/1046/1046 1079/1079/1079
f 1079/1079/1079 1046/1046/1046 1080/1080/1080
f 1046/1046/1046 1047/1047/1047 1080/1080/1080
f 1080/1080/1080 1047/1047/1047 1081/1081/1081
f 1047/1047/1047 1048/1048/1048 1081/1081/1081
f 1081/1081/1081 1048/1048/1048 1082/1082/1082
f 1048/1048/1048 1049/1049/1049 1082/1082/1082
f 1082/1082/1082 1049/1049/1049 1083/1083/1083
f 1049/1049/1049 1050/1050/1050 1083/1083/1083
f 1083/1083/1083 1050/1050/1050 1084/1084/1084
f 1050/1050/1050 1051/1051/1051 1084/1084/1084
f 1084/1084/1084 1051/1051/1051 1085/1085/1085
f 1051/1051/1051 1052/1052/1052 1085/1085/1085
f 1085/1085/1085 1052/1052/1052 1086/1086/1086
f 1052/1052/1052 1053/1053/1053 1086/1086/1086
f 1086/1086/1086 1053/1053/1053 1087/1087/1087
f 1053/1053/1053 1054/1054/1054 1087/1087/1087
f 1087/1087/1087 1054/1054/1054 1088/1088/1088
f 1054/1054/1054 1055/1055/1055 1088/1088/1088
f 1088/1088/1088 1055/1055/1055 1089/1089/1089
f 1055/1055/1055 1056/1056/1056 1089/1089/1089
f 1089/1089/1089 1056/1056/1056 1090/1090/1090
f 1056/1056/1056 1057/1057/1057 1090/1090/1090
f 1090/1090/1090 1057/1057/1057 1091/1091/1091
f 1057/1057/1057 1058/1058/1058 1091/1091/1091
f 1091/1091/1091 1058/1058/1058 1092/1092/1092
f 1058/1058/1058 1059/1059/1059 1092/1092/1092
f 1092/1092/1092 1059/1059/1059 1093/1093/1093
f 1059/1059/1059 1060/1060/1060 1093/1093/1093
f 1094/1094/1094 1061/1061/1061 1095/1095/1095
f 1061/1061/1061 1062/1062/1062 1095/1095/1095
f 1095/1095/1095 1062/1062/1062 1096/1096/1096
f 1062/1062/1062 1063/1063/1063 1096/1096/1096
f 1096/1096/1096 1063/1063/1063 1097/1097/1097
f 1063/1063/1063 1064/1064/1064 1097/1097/1097
f 1097/1097/1097 1064/1064/1064 1098/1098/1098
f 1064/1064/1064 1065/1065/1065 1098/1098/1098
f 1098/1098/1098 1065/1065/1065 1099/1099/1099
f 1065/1065/1065 1066/1066/1066 1099/1099/1099
f 1099/1099/1099 1066/1066/1066 1100/1100/1100
f 1066/1066/1066 1067/1067/1067 1100/1100/1100
f 1100/1100/1100 1067/1067/1067 1101/1101/1101
f 1067/1067/1067 1068/1068/1068 1101/1101/1101
f 1101/1101/1101 1068/1068/1068 1102/1102/1102
f 1068/1068/1068 1069/1069/1069 1102/1102/1102
f 1102/1102/1102 1069/1069/1069 1103/1103/1103
f 1069/1069/1069 1070/1070/1070 1103/1103/1103
f 1103/1103/1103 1070/1070/1070 1104/1104/1104
f 1070/1070/1070 1071/1071/1071 1104/1104/1104
f 1104/1104/1104 1071/1071/1071 1105/1105/1105
f 1071/1071/1071 1072/1072/1072 1105/1105/1105
f 1105/1105/1105 1072/1072/1072 1106/1106/1106
f 1072/1072/1072 1073/1073/1073 1106/1106/1106
f 1106/1106/1106 1073/1073/1073 1107/1107/1107
f 1073/1073/1073 1074/1074/1074 1107/1107/1107
f 1107/1107/1107 1074/1074/1074 1108/1108/1108
f 1074/1074/1074 1075/1075/1075 1108/1108/1108
f 1108/1108/1108 1075/1075/1075 1109/1109/1109
f 1075/1075/1075 1076/1076/1076 1109/1109/1109
f 1109/1109/1109 1076/1076/1076 1110/1110/1110
f 1076/1076/1076 1077/1077/1077 1110/1110/1110
f 1110/1110/1110 1077/1077/1077 1111/1111/1111
f 1077/1077/1077 1078/1078/1078 1111/1111/1111
f 1111/1111/1111 1078/1078/1078 1112/1112/1112
f 1078/1078/1078 1079/1079/1079 1112/1112/1112
f 1112/1112/1112 1079/1079/1079 1113/1113/1113
f 1079/1079/1079 1080/1080/1080 1113/1113/1113
f 1113/1113/1113 1080/1080/1080 1114/1114/1114
f 1080/1080/1080 1081/1081/1081 1114/1114/1114
f 1114/1114/1114 1081/1081/1081 1115/1115/1115
f 1081/1081/1081 1082/1082/1082 1115/1115/1115
f 1115/1115/1115 1082/1082/1082 1116/1116/1116
f 1082/1082/1082 1083/1083/1083 1116/1116/1116
f 1116/1116/1116 1083/1083/1083 1117/1117/1117
f 1083/1083/1083 1084/1084/1084 1117/1117/1117
f 1117/1117/1117 1084/1084/1084 1118/1118/1118
f 1084/1084/1084 1085/1085/1085 1118/1118/1118
f 1118/1118/1118 1085/1085/1085 1119/1119/1119
f 1085/1085/1085 1086/1086/1086 1119/1119/1119
f 1119/1119/1119 1086/1086/1086 1120/1120/1120
f 1086/1086/1086 1087/1087/1087 1120/1120/1120
f 1120/1120/1120 1087/1087/1087 1121/1121/1121
f 1087/1087/1087 1088/1088/1088 1121/1121/1121
f 1121/1121/1121 1088/1088/1088 1122/1122/1122
f 1088/1088/1088 1089/1089/1089 1122/1122/1122
f 1122/1122/1122 1089/1089/1089 1123/1123/1123
f 1089/1089/1089 1090/1090/1090 1123/1123/1123
f 1123/1123/1123 1090/1090/1090 1124/1124/1124
f 1090/1090/1090 1091/1091/1091 1124/1124/1124
f 1124/1124/1124 1091/1091/1091 1125/1125/1125
f 1091/1091/1091 1092/1092/1092 1125/1125/1125
f 1125/1125/1125 1092/1092/1092 1126/1126/1126
f 1092/1092/1092 1093/1093/1093 1126/1126/1126
f 1127/1127/1127 1094/1094/1094 1128/1128/1128
f 1094/1094/1094 1095/1095/1095 1128/1128/1128
f 1128/1128/1128 1095/1095/1095 1129/1129/1129
f 1095/1095/1095 1096/1096/1096 1129/1129/1129
f 1129/1129/1129 1096/1096/1096 1130/1130/1130
f 1096/1096/1096 1097/1097/1097 1130/1130/1130
f 1130/1130/1130 1097/1097/1097 1131/1131/1131
f 1097/1097/1097 1098/1098/1098 1131/1131/1131
f 1131/1131/1131 1098/1098/1098 1132/1132/1132
f 1098/1098/1098 1099/1099/1099 1132/1132/1132
f 1132/1132/1132 1099/1099/1099 1133/1133/1133
f 1099/1099/1099 1100/1100/1100 1133/1133/1133
f 1133/1133/1133 1100/1100/1100 1134/1134/1134
f 1100/1100/1100 1101/1101/1101 1134/1134/1134
f 1134/1134/1134 1101/1101/1101 1135/1135/1135
f 1101/1101/1101 1102/1102/1102 1135/1135/1135
f 1135/1135/1135 1102/1102/1102 1136/1136/1136
f 1102/1102/1102 1103/1103/1103 1136/1136/1136
f 1136/1136/1136 1103/1103/1103 1137/1137/1137
f 1103/1103/1103 1104/1104/1104 1137/1137/1137
f 1137/1137/1137 1104/1104/1104 1138/1138/1138
f 1104/1104/1104 1105/1105/1105 1138/1138/1138
f 1138/1138/1138 1105/1105/1105 1139/1139/1139
f 1105/1105/1105 1106/1106/1106 1139/1139/1139
f 1139/1139/1139 1106/1106/1106 1140/1140/1140
f 1106/1106/1106 1107/1107/1107 1140/1140/1140
f 1140/1140/1140 1107/1107/1107 1141/1141/1141
f 1107/1107/1107 1108/1108/1108 1141/1141/1141
f 1141/1141/1141 1108/1108/1108 1142/1142/1142
f 1108/1108/1108 1109/1109/1109 1142/1142/1142
f 1142/1142/1142 1109/1109/1109 1143/1143/1143
f 1109/1109/1109 1110/1110/1110 1143/1143/1143
f 1143/1143/1143 1110/1110/1110 1144/1144/1144
f 1110/1110/1110 1111/1111/1111 1144/1144/1144
f 1144/1144/1144 1111/1111/1111 1145/1145/1145
f 1111/1111/1111 1112/1112/1112 1145/1145/1145
f 1145/1145/1145 1112/1112/1112 1146/1146/1146
f 1112/1112/1112 1113/1113/1113 1146/1146/1146
f 1146/1146/1146 1113/1113/1113 1147/1147/1147
f 1113/1113/1113 1114/1114/1114 1147/1147/1147
f 1147/1147/1147 1114/1114/1114 1148/1148/1148
f 1114/1114/1114 1115/1115/1115 1148/1148/1148
f 1148/1148/1148 1115/1115/1115 1149/1149/1149
f 1115/1115/1115 1116/1116/1116 1149/1149/1149
f 1149/1149/1149 1116/1116/1116 1150/1150/1150
f 1116/1116/1116 1117/1117/1117 1150/1150/1150
f 1150/1150/1150 1117/1117/1117 1151/1151/1151
f 1117/1117/1117 1118/1118/1118 1151/1151/1151
f 1151/1151/1151 1118/1118/1118 1152/1152/1152
f 1118/1118/1118 1119/1119/1119 1152/1152/1152
f 1152/1152/1152 1119/1119/1119 1153/1153/1153
f 1119/1119/1119 1120/1120/1120 1153/1153/1153
f 1153/1153/1153 1120/1120/1120 1154/1154/1154
f 1120/1120/1120 1121/1121/1121 1154/1154/1154
f 1154/1154/1154 1121/1121/1121 1155/1155/1155
f 1121/1121/1121 1122/1122/1122 1155/1155/1155
f 1155/1155/1155 1122/1122/1122 1156/1156/1156
f 1122/1122/1122 1123/1123/1123 1156/1156/1156
f 1156/1156/1156 1123/1123/1123 1157/1157/1157
f 1123/1123/1123 1124/1124/1124 1157/1157/1157
f 1157/1157/1157 1124/1124/1124 1158/1158/1158
f 1124/1124/1124 1125/1125/1125 1158/1158/1158
f 1158/1158/1158 1125/1125/1125 1159/1159/1159
f 1125/1125/1125 1126/1126/1126 1159/1159/1159
f 1160/1160/1160 1127/1127/1127 1161/1161/1161
f 1127/1127/1127 1128/1128/1128 1161/1161/1161
f 1161/1161/1161 1128/1128/1128 1162/1162/1162
f 1128/1128/1128 1129/1129/1129 1162/1162/1162
f 1162/1162/1162 1129/1129/1129 1163/1163/1163
f 1129/1129/1129 1130/1130/1130 1163/1163/1163
f 1163/1163/1163 1130/1130/1130 1164/1164/1164
f 1130/1130/1130 1131/1131/1131 1164/1164/1164
f 1164/1164/1164 1131/1131/1131 1165/1165/1165
f 1131/1131/1131 1132/1132/1132 1165/1165/1165
f 1165/1165/1165 1132/1132/1132 1166/1166/1166
f 1132/1132/1132 1133/1133/1133 1166/1166/1166
f 1166/1166/1166 1133/1133/1133 1167/1167/1167
f 1133/1133/1133 1134/1134/1134 1167/1167/1167
f 1167/1167/1167 1134/1134/1134 1168/1168/1168
f 1134/1134/1134 1135/1135/1135 1168/1168/1168
f 1168/1168/1168 1135/1135/1135 1169/1169/1169
f 1135/1135/1135 1136/1136/1136 1169/1169/1169
f 1169/1169/1169 1136/1136/1136 1170/1170/1170
f 1136/1136/1136 1137/1137/1137 1170/1170/1170
f 1170/1170/1170 1137/1137/1137 1171/1171/1171
f 1137/1137/1137 1138/1138/1138 1171/1171/1171
f 1171/1171/1171 1138/1138/1138 1172/1172/1172
f 1138/1138/1138 1139/1139/1139 1172/1172/1172
f 1172/1172/1172 1139/1139/1139 1173/1173/1173
f 1139/1139/1139 1140/1140/1140 1173/1173/1173
f 1173/1173/1173 1140/1140/1140 1174/1174/1174
f 1140/1140/1140 1141/1141/1141 1174/1174/1174
f 1174/1174/1174 1141/1141/1141 1175/1175/1175
f 1141/1141/1141 1142/1142/1142 1175/1175/1175
f 1175/1175/1175 1142/1142/1142 1176/1176/1176
f 1142/1142/1142 1143/1143/1143 1176/1176/1176
f 1176/1176/1176 1143/1143/1143 1177/1177/1177
f 1143/1143/1143 1144/1144/1144 1177/1177/1177
f 1177/1177/1177 1144/1144/1144 1178/1178/1178
f 1144/1144/1144 1145/1145/1145 1178/1178/1178
f 1178/1178/1178 1145/1145/1145 1179/1179/1179
f 1145/1145/1145 1146/1146/1146 1179/1179/1179
f 1179/1179/1179 1146/1146/1146 1180/1180/1180
f 1146/1146/1146 1147/1147/1147 1180/1180/1180
f 1180/1180/1180 1147/1147/1147 1181/1181/1181
f 1147/1147/1147 1148/1148/1148 1181/1181/1181
f 1181/1181/1181 1148/1148/1148 1182/1182/1182
f 1148/1148/1148 1149/1149/1149 1182/1182/1182
f 1182/1182/1182 1149/1149/1149 1183/1183/1183
f 1149/1149/1149 1150/1150/1150 1183/1183/1183
f 1183/1183/1183 1150/1150/1150 1184/1184/1184
f 1150/1150/1150 1151/1151/1151 1184/1184/1184
f 1184/1184/1184 1151/1151/1151 1185/1185/1185
f 1151/1151/1151 1152/1152/1152 1185/1185/1185
f 1185/1185/1185 1152/1152/1152 1186/1186/1186
f 1152/1152/1152 1153/1153/1153 1186/1186/1186
f 1186/1186/1186 1153/1153/1153 1187/1187/1187
f 1153/1153/1153 1154/1154/1154 1187/1187/1187
f 1187/1187/1187 1154/1154/1154 1188/1188/1188
f 1154/1154/1154 1155/1155/1155 1188/1188/1188
f 1188/1188/1188 1155/1155/1155 1189/1189/1189
f 1155/1155/1155 1156/1156/1156 1189/1189/1189
f 1189/1189/1189 1156/1156/1156 1190/1190/1190
f 1156/1156/1156 1157/1157/1157 1190/1190/1190
f 1190/1190/1190 1157/1157/1157 1191/1191/1191
f 1157/1157/1157 1158/1158/1158 1191/1191/1191
f 1191/1191/1191 1158/1158/1158 1192/1192/1192
f 1158/1158/1158 1159/1159/1159 1192/1192/1192
f 1193/1193/1193 1160/1160/1160 1194/1194/1194
f 1160/1160/1160 1161/1161/1161 1194/1194/1194
f 1194/1194/1194 1161/1161/1161 1195/1195/1195
f 1161/1161/1161 1162/1162/1162 1195/1195/1195
f 1195/1195/1195 1162/1162/1162 1196/1196/1196
f 1162/1162/1162 1163/1163/1163 1196/1196/1196
f 1196/1196/1196 1163/1163/1163 1197/1197/1197
f 1163/1163/1163 1164/1164/1164 1197/1197/1197
f 1197/1197/1197 1164/1164/1164 1198/1198/1198
f 1164/1164/1164 1165/1165/1165 1198/1198/1198
f 1198/1198/1198 1165/1165/1165 1199/1199/1199
f 1165/1165/1165 1166/1166/1166 1199/1199/1199
f 1199/1199/1199 1166/1166/1166 1200/1200/1200
f 1166/1166/1166 1167/1167/1167 1200/1200/1200
f 1200/1200/1200 1167/1167/1167 1201/1201/1201
f 1167/1167/1167 1168/1168/1168 1201/1201/1201
f 1201/1201/1201 1168/1168/1168 1202/1202/1202
f 1168/1168/1168 1169/1169/1169 1202/1202/1202
f 1202/1202/1202 1169/1169/1169 1203/1203/1203
f 1169/1169/1169 1170/1170/1170 1203/1203/1203
f 1203/1203/1203 1170/1170/1170 1204/1204/1204
f 1170/1170/1170 1171/1171/1171 1204/1204/1204
f 1204/1204/1204 1171/1171/1171 1205/1205/1205
f 1171/1171/1171 1172/1172/1172 1205/1205/1205
f 1205/1205/1205 1172/1172/1172 1206/1206/1206
f 1172/1172/1172 1173/1173/1173 1206/1206/1206
f 1206/1206/1206 1173/1173/1173 1207/1207/1207
f 1173/1173/1173 1174/1174/1174 1207/1207/1207
f 1207/1207/1207 1174/1174/1174 1208/1208/1208
f 1174/1174/1174 1175/1175/1175 1208/1208/1208
f 1208/1208/1208 1175/1175/1175 1209/1209/1209
f 1175/1175/1175 1176/1176/1176 1209/1209/1209
f 1209/1209/1209 1176/1176/1176 1210/1210/1210
f 1176/1176/1176 1177/1177/1177 1210/1210/1210
f 1210/1210/1210 1177/1177/1177 1211/1211/1211
f 1177/1177/1177 1178/1178/1178 1211/1211/1211
f 1211/1211/1211 1178/1178/1178 1212/1212/1212
f 1178/1178/1178 1179/1179/1179 1212/1212/1212
f 1212/1212/1212 1179/1179/1179 1213/1213/1213
f 1179/1179/1179 1180/1180/1180 1213/1213/1213
f 1213/1213/1213 1180/1180/1180 1214/1214/1214
f 1180/1180/1180 1181/1181/1181 1214/1214/1214
f 1214/1214/1214 1181/1181/1181 1215/1215/1215
f 1181/1181/1181 1182/1182/1182 1215/1215/1215
f 1215/1215/1215 1182/1182/1182 1216/1216/1216
f 1182/1182/1182 1183/1183/1183 1216/1216/1216
f 1216/1216/1216 1183/1183/1183 1217/1217/1217
f 1183/1183/1183 1184/1184/1184 1217/1217/1217
f 1217/1217/1217 1184/1184/1184 1218/1218/1218
f 1184/1184/1184 1185/1185/1185 1218/1218/1218
f 1218/1218/1218 1185/1185/1185 1219/1219/1219
f 1185/1185/1185 1186/1186/1186 1219/1219/1219
f 1219/1219/1219 1186/1186/1186 1220/1220/1220
f 1186/1186/1186 1187/1187/1187 1220/1220/1220
f 1220/1220/1220 1187/1187/1187 1221/1221/1221
f 1187/1187/1187 1188/1188/1188 1221/1221/1221
f 1221/1221/1221 1188/1188/1188 1222/1222/1222
f 1188/1188/1188 1189/1189/1189 1222/1222/1222
f 1222/1222/1222 1189/1189/1189 1223/1223/1223
f 1189/1189/1189 1190/1190/1190 1223/1223/1223
f 1223/1223/1223 1190/1190/1190 1224/1224/1224
f 1190/1190/1190 1191/1191/1191 1224/1224/1224
f 1224/1224/1224 1191/1191/1191 1225/1225/1225
f 1191/1191/1191 1192/1192/1192 1225/1225/1225
f 1226/1226/1226 1193/1193/1193 1227/1227/1227
f 1193/1193/1193 1194/1194/1194 1227/1227/1227
f 1227/1227/1227 1194/1194/1194 1228/1228/1228
f 1194/1194/1194 1195/1195/1195 1228/1228/1228
f 1228/1228/1228 1195/1195/1195 1229/1229/1229
f 1195/1195/1195 1196/1196/1196 1229/1229/1229
f 1229/1229/1229 1196/1196/1196 1230/1230/1230
f 1196/1196/1196 1197/1197/1197 1230/1230/1230
f 1230/1230/1230 1197/1197/1197 1231/1231/1231
f 1197/1197/1197 1198/1198/1198 1231/1231/1231
f 1231/1231/1231 1198/1198/1198 1232/1232/1232
f 1198/1198/1198 1199/1199/1199 1232/1232/1232
f 1232/1232/1232 1199/1199/1199 1233/1233/1233
f 1199/1199/1199 1200/1200/1200 1233/1233/1233
f 1233/1233/1233 1200/1200/1200 1234/1234/1234
f 1200/1200/1200 1201/1201/1201 1234/1234/1234
f 1234/1234/1234 1201/1201/1201 1235/1235/1235
f 1201/1201/1201 1202/1202/1202 1235/1235/1235
f 1235/1235/1235 1202/1202/1202 1236/1236/1236
f 1202/1202/1202 1203/1203/1203 1236/1236/1236
f 1236/1236/1236 1203/1203/1203 1237/1237/1237
f 1203/1203/1203 1204/1204/1204 1237/1237/1237
f 1237/1237/1237 1204/1204/1204 1238/1238/1238
f 1204/1204/1204 1205/1205/1205 1238/1238/1238
f 1238/1238/1238 1205/1205/1205 1239/1239/1239
f 1205/1205/1205 1206/1206/1206 1239/1239/1239
f 1239/1239/1239 1206/1206/1206 1240/1240/1240
f 1206/1206/1206 1207/1207/1207 1240/1240/1240
f 1240/1240/1240 1207/1207/1207 1241/1241/1241
f 1207/1207/1207 1208/1208/1208 1241/1241/1241
f 1241/1241/1241 1208/1208/1208 1242/1242/1242
f 1208/1208/1208 1209/1209/1209 1242/1242/1242
f 1242/1242/1242 1209/1209/1209 1243/1243/1243
f 1209/1209/1209 1210/1210/1210 1243/1243/1243
f 1243/1243/1243 1210/1210/1210 1244/1244/1244
f 1210/1210/1210 1211/1211/1211 1244/1244/1244
f 1244/1244/1244 1211/1211/1211 1245/1245/1245
f 1211/1211/1211 1212/1212/1212 1245/1245/1245
f 1245/1245/1245 1212/1212/1212 1246/1246/1246
f 1212/1212/1212 1213/1213/1213 1246/1246/1246
f 1246/1246/1246 1213/1213/1213 1247/1247/1247
f 1213/1213/1213 1214/1214/1214 1247/1247/1247
f 1247/1247/1247 1214/1214/1214 1248/1248/1248
f 1214/1214/1214 1215/1215/1215 1248/1248/1248
f 1248/1248/1248 1215/1215/1215 1249/1249/1249
f 1215/1215/1215 1216/1216/1216 1249/1249/1249
f 1249/1249/1249 1216/1216/1216 1250/1250/1250
f 1216/1216/1216 1217/1217/1217 1250/1250/1250
f 1250/1250/1250 1217/1217/1217 1251/1251/1251
f 1217/1217/1217 1218/1218/1218 1251/1251/1251
f 1251/1251/1251 1218/1218/1218 1252/1252/1252
f 1218/1218/1218 1219/1219/1219 1252/1252/1252
f 1252/1252/1252 1219/1219/1219 1253/1253/1253
f 1219/1219/1219 1220/1220/1220 1253/1253/1253
f 1253/1253/1253 1220/1220/1220 1254/1254/1254
f 1220/1220/1220 1221/1221/1221 1254/1254/1254
f 1254/1254/1254 1221/1221/1221 1255/1255/1255
f 1221/1221/1221 1222/1222/1222 1255/1255/1255
f 1255/1255/1255 1222/1222/1222 1256/1256/1256
f 1222/1222/1222 1223/1223/1223 1256/1256/1256
f 1256/1256/1256 1223/1223/1223 1257/1257/1257
f 1223/1223/1223 1224/1224/1224 1257/1257/1257
f 1257/1257/1257 1224/1224/1224 1258/1258/1258
f 1224/1224/1224 1225/1225/1225 1258/1258/1258
f 1259/1259/1259 1226/1226/1226 1260/1260/1260
f 1226/1226/1226 1227/1227/1227 1260/1260/1260
f 1260/1260/1260 1227/1227/1227 1261/1261/1261
f 1227/1227/1227 1228/1228/1228 1261/1261/1261
f 1261/1261/1261 1228/1228/1228 1262/1262/1262
f 1228/1228/1228 1229/1229/1229 1262/1262/1262
f 1262/1262/1262 1229/1229/1229 1263/1263/1263
f 1229/1229/1229 1230/1230/1230 1263/1263/1263
f 1263/1263/1263 1230/1230/1230 1264/1264/1264
f 1230/1230/1230 1231/1231/1231 1264/1264/1264
f 1264/1264/1264 1231/1231/1231 1265/1265/1265
f 1231/1231/1231 1232/1232/1232 1265/1265/1265
f 1265/1265/1265 1232/1232/1232 1266/1266/1266
f 1232/1232/1232 1233/1233/1233 1266/1266/1266
f 1266/1266/1266 1233/1233/1233 1267/1267/1267
f 1233/1233/1233 1234/1234/1234 1267/1267/1267
f 1267/1267/1267 1234/1234/1234 1268/1268/1268
f 1234/1234/1234 1235/1235/1235 1268/1268/1268
f 1268/1268/1268 1235/1235/1235 1269/1269/1269
f 1235/1235/1235 1236/1236/1236 1269/1269/1269
f 1269/1269/1269 1236/1236/1236 1270/1270/1270
f 1236/1236/1236 1237/1237/1237 1270/1270/1270
f 1270/1270/1270 1237/1237/1237 1271/1271/1271
f 1237/1237/1237 1238/1238/1238 1271/1271/1271
f 1271/1271/1271 1238/1238/1238 1272/1272/1272
f 1238/1238/1238 1239/1239/1239 1272/1272/1272
f 1272/1272/1272 1239/1239/1239 1273/1273/1273
f 1239/1239/1239 1240/1240/1240 1273/1273/1273
f 1273/1273/1273 1240/1240/1240 1274/1274/1274
f 1240/1240/1240 1241/1241/1241 1274/1274/1274
f 1274/1274/1274 1241/1241/1241 1275/1275/1275
f 1241/1241/1241 1242/1242/1242 1275/1275/1275
f 1275/1275/1275 1242/1242/1242 1276/1276/1276
f 1242/1242/1242 1243/1243/1243 1276/1276/1276
f 1276/1276/1276 1243/1243/1243 1277/1277/1277
f 1243/1243/1243 1244/1244/1244 1277/1277/1277
f 1277/1277/1277 1244/1244/1244 1278/1278/1278
f 1244/1244/1244 1245/1245/1245 1278/1278/1278
f 1278/1278/1278 1245/1245/1245 1279/1279/1279
f 1245/1245/1245 1246/1246/1246 1279/1279/1279
f 1279/1279/1279 1246/1246/1246 1280/1280/1280
f 1246/1246/1246 1247/1247/1247 1280/1280/1280
f 1280/1280/1280 1247/1247/1247 1281/1281/1281
f 1247/1247/1247 1248/1248/1248 1281/1281/1281
f 1281/1281/1281 1248/1248/1248 1282/1282/1282
f 1248/1248/1248 1249/1249/1249 1282/1282/1282
f 1282/1282/1282 1249/1249/1249 1283/1283/1283
f 1249/1249/1249 1250/1250/1250 1283/1283/1283
f 1283/1283/1283 1250/1250/1250 1284/1284/1284
f 1250/1250/1250 1251/1251/1251 1284/1284/1284
f 1284/1284/1284 1251/1251/1251 1285/1285/1285
f 1251/1251/1251 1252/1252/1252 1285/1285/1285
f 1285/1285/1285 1252/1252/1252 1286/1286/1286
f 1252/1252/1252 1253/1253/1253 1286/1286/1286
f 1286/1286/1286 1253/1253/1253 1287/1287/1287
f 1253/1253/1253 1254/1254/1254 1287/1287/1287
f 1287/1287/1287 1254/1254/1254 1288/1288/1288
f 1254/1254/1254 1255/1255/1255 1288/1288/1288
f 1288/1288/1288 1255/1255/1255 1289/1289/1289
f 1255/1255/1255 1256/1256/1256 1289/1289/1289
f 1289/1289/1289 1256/1256/1256 1290/1290/1290
f 1256/1256/1256 1257/1257/1257 1290/1290/1290
f 1290/1290/1290 1257/1257/1257 1291/1291/1291
f 1257/1257/1257 1258/1258/1258 1291/1291/1291
f 1292/1292/1292 1259/1259/1259 1293/1293/1293
f 1259/1259/1259 1260/1260/1260 1293/1293/1293
f 1293/1293/1293 1260/1260/1260 1294/1294/1294
f 1260/1260/1260 1261/1261/1261 1294/1294/1294
f 1294/1294/1294 1261/1261/1261 1295/1295/1295
f 1261/1261/1261 1262/1262/1262 1295/1295/1295
f 1295/1295/1295 1262/1262/1262 1296/1296/1296
f 1262/1262/1262 1263/1263/1263 1296/1296/1296
f 1296/1296/1296 1263/1263/1263 1297/1297/1297
f 1263/1263/1263 1264/1264/1264 1297/1297/1297
f 1297/1297/1297 1264/1264/1264 1298/1298/1298
f 1264/1264/1264 1265/1265/1265 1298/1298/1298
f 1298/1298/1298 1265/1265/1265 1299/1299/1299
f 1265/1265/1265 1266/1266/1266 1299/1299/1299
f 1299/1299/1299 1266/1266/1266 1300/1300/1300
f 1266/1266/1266 1267/1267/1267 1300/1300/1300
f 1300/1300/1300 1267/1267/1267 1301/1301/1301
f 1267/1267/1267 1268/1268/1268 1301/1301/1301
f 1301/1301/1301 1268/1268/1268 1302/1302/1302
f 1268/1268/1268 1269/1269/1269 1302/1302/1302
f 1302/1302/1302 1269/1269/1269 1303/1303/1303
f 1269/1269/1269 1270/1270/1270 1303/1303/1303
f 1303/1303/1303 1270/1270/1270 1304/1304/1304
f 1270/1270/1270 1271/1271/1271 1304/1304/1304
f 1304/1304/1304 1271/1271/1271 1305/1305/1305
f 1271/1271/1271 1272/1272/1272 1305/1305/1305
f 1305/1305/1305 1272/1272/1272 1306/1306/1306
f 1272/1272/1272 1273/1273/1273 1306/1306/1306
f 1306/1306/1306 1273/1273/1273 1307/1307/1307
f 1273/1273/1273 1274/1274/1274 1307/1307/1307
f 1307/1307/1307 1274/1274/1274 1308/1308/1308
f 1274/1274/1274 1275/1275/1275 1308/1308/1308
f 1308/1308/1308 1275/1275/1275 1309/1309/1309
f 1275/1275/1275 1276/1276/1276 1309/1309/1309
f 1309/1309/1309 1276/1276/1276 1310/1310/1310
f 1276/1276/1276 1277/1277/1277 1310/1310/1310
f 1310/1310/1310 1277/1277/1277 1311/1311/1311
f 1277/1277/1277 1278/1278/1278 1311/1311/1311
f 1311/1311/1311 1278/1278/1278 1312/1312/1312
f 1278/1278/1278 1279/1279/1279 1312/1312/1312
f 1312/1312/1312 1279/1279/1279 1313/1313/1313
f 1279/1279/1279 1280/1280/1280 1313/1313/1313
f 1313/1313/1313 1280/1280/1280 1314/1314/1314
f 1280/1280/1280 1281/1281/1281 1314/1314/1314
f 1314/1314/1314 1281/1281/1281 1315/1315/1315
f 1281/1281/1281 1282/1282/1282 1315/1315/1315
f 1315/1315/1315 1282/1282/1282 1316/1316/1316
f 1282/1282/1282 1283/1283/1283 1316/1316/1316
f 1316/1316/1316 1283/1283/1283 1317/1317/1317
f 1283/1283/1283 1284/1284/1284 1317/1317/1317
f 1317/1317/1317 1284/1284/1284 1318/1318/1318
f 1284/1284/1284 1285/1285/1285 1318/1318/1318
f 1318/1318/1318 1285/1285/1285 1319/1319/1319
f 1285/1285/1285 1286/1286/1286 1319/1319/1319
f 1319/1319/1319 1286/1286/1286 1320/1320/1320
f 1286/1286/1286 1287/1287/1287 1320/1320/1320
f 1320/1320/1320 1287/1287/1287 1321/1321/1321
f 1287/1287/1287 1288/1288/1288 1321/1321/1321
f 1321/1321/1321 1288/1288/1288 1322/1322/1322
f 1288/1288/1288 1289/1289/1289 1322/1322/1322
f 1322/1322/1322 1289/1289/1289 1323/1323/1323
f 1289/1289/1289 1290/1290/1290 1323/1323/1323
f 1323/1323/1323 1290/1290/1290 1324/1324/1324
f 1290/1290/1290 1291/1291/1291 1324/1324/1324
f 1325/1325/1325 1292/1292/1292 1326/1326/1326
f 1292/1292/1292 1293/1293/1293 1326/1326/1326
f 1326/1326/1326 1293/1293/1293 1327/1327/1327
f 1293/1293/1293 1294/1294/1294 1327/1327/1327
f 1327/1327/1327 1294/1294/1294 1328/1328/1328
f 1294/1294/1294 1295/1295/1295 1328/1328/1328
f 1328/1328/1328 1295/1295/1295 1329/1329/1329
f 1295/1295/1295 1296/1296/1296 1329/1329/1329
f 1329/1329/1329 1296/1296/1296 1330/1330/1330
f 1296/1296/1296 1297/1297/1297 1330/1330/1330
f 1330/1330/1330 1297/1297/1297 1331/1331/1331
f 1297/1297/1297 1298/1298/1298 1331/1331/1331
f 1331/1331/1331 1298/1298/1298 1332/1332/1332
f 1298/1298/1298 1299/1299/1299 1332/1332/1332
f 1332/1332/1332 1299/1299/1299 1333/1333/1333
f 1299/1299/1299 1300/1300/1300 1333/1333/1333
f 1333/1333/1333 1300/1300/1300 1334/1334/1334
f 1300/1300/1300 1301/1301/1301 1334/1334/1334
f 1334/1334/1334 1301/1301/1301 1335/1335/1335
f 1301/1301/1301 1302/1302/1302 1335/1335/1335
f 1335/1335/1335 1302/1302/1302 1336/1336/1336
f 1302/1302/1302 1303/1303/1303 1336/1336/1336
f 1336/1336/1336 1303/1303/1303 1337/1337/1337
f 1303/1303/1303 1304/1304/1304 1337/1337/1337
f 1337/1337/1337 1304/1304/1304 1338/1338/1338
f 1304/1304/1304 1305/1305/1305 1338/1338/1338
f 1338/1338/1338 1305/1305/1305 1339/1339/1339
f 1305/1305/1305 1306/1306/1306 1339/1339/1339
f 1339/1339/1339 1306/1306/1306 1340/1340/1340
f 1306/1306/1306 1307/1307/1307 1340/1340/1340
f 1340/1340/1340 1307/1307/1307 1341/1341/1341
f 1307/1307/1307 1308/1308/1308 1341/1341/1341
f 1341/1341/1341 1308/1308/1308 1342/1342/1342
f 1308/1308/1308 1309/1309/1309 1342/1342/1342
f 1342/1342/1342 1309/1309/1309 1343/1343/1343
f 1309/1309/1309 1310/1310/1310 1343/1343/1343
f 1343/1343/1343 1310/1310/1310 1344/1344/1344
f 1310/1310/1310 1311/1311/1311 1344/1344/1344
f 1344/1344/1344 1311/1311/1311 1345/1345/1345
f 1311/1311/1311 1312/1312/1312 1345/1345/1345
f 1345/1345/1345 1312/1312/1312 1346/1346/1346
f 1312/1312/1312 1313/1313/1313 1346/1346/1346
f 1346/1346/1346 1313/1313/1313 1347/1347/1347
f 1313/1313/1313 1314/1314/1314 1347/1347/1347
f 1347/1347/1347 1314/1314/1314 1348/1348/1348
f 1314/1314/1314 1315/1315/1315 1348/1348/1348
f 1348/1348/1348 1315/1315/1315 1349/1349/1349
f 1315/1315/1315 1316/1316/1316 1349/1349/1349
f 1349/1349/1349 1316/1316/1316 1350/1350/1350
f 1316/1316/1316 1317/1317/1317 1350/1350/1350
f 1350/1350/1350 1317/1317/1317 1351/1351/1351
f 1317/1317/1317 1318/1318/1318 1351/1351/1351
f 1351/1351/1351 1318/1318/1318 1352/1352/1352
f 1318/1318/1318 1319/1319/1319 1352/1352/1352
f 1352/1352/1352 1319/1319/1319 1353/1353/1353
f 1319/1319/1319 1320/1320/1320 1353/1353/1353
f 1353/1353/1353 1320/1320/1320 1354/1354/1354
f 1320/1320/1320 1321/1321/1321 1354/1354/1354
f 1354/1354/1354 1321/1321/1321 1355/1355/1355
f 1321/1321/1321 1322/1322/1322 1355/1355/1355
f 1355/1355/1355 1322/1322/1322 1356/1356/1356
f 1322/1322/1322 1323/1323/1323 1356/1356/1356
f 1356/1356/1356 1323/1323/1323 1357/1357/1357
f 1323/1323/1323 1324/1324/1324 1357/1357/1357
f 1358/1358/1358 1325/1325/1325 1359/1359/1359
f 1325/1325/1325 1326/1326/1326 1359/1359/1359
f 1359/1359/1359 1326/1326/1326 1360/1360/1360
f 1326/1326/1326 1327/1327/1327 1360/1360/1360
f 1360/1360/1360 1327/1327/1327 1361/1361/1361
f 1327/1327/1327 1328/1328/1328 1361/1361/1361
f 1361/1361/1361 1328/1328/1328 1362/1362/1362
f 1328/1328/1328 1329/1329/1329 1362/1362/1362
f 1362/1362/1362 1329/1329/1329 1363/1363/1363
f 1329/1329/1329 1330/1330/1330 1363/1363/1363
f 1363/1363/1363 1330/1330/1330 1364/1364/1364
f 1330/1330/1330 1331/1331/1331 1364/1364/1364
f 1364/1364/1364 1331/1331/1331 1365/1365/1365
f 1331/1331/1331 1332/1332/1332 1365/1365/1365
f 1365/1365/1365 1332/1332/1332 1366/1366/1366
f 1332/1332/1332 1333/1333/1333 1366/1366/1366
f 1366/1366/1366 1333/1333/1333 1367/1367/1367
f 1333/1333/1333 1334/1334/1334 1367/1367/1367
f 1367/1367/1367 1334/1334/1334 1368/1368/1368
f 1334/1334/1334 1335/1335/1335 1368/1368/1368
f 1368/1368/1368 1335/1335/1335 1369/1369/1369
f 1335/1335/1335 1336/1336/1336 1369/1369/1369
f 1369/1369/1369 1336/1336/1336 1370/1370/1370
f 1336/1336/1336 1337/1337/1337 1370/1370/1370
f 1370/1370/1370 1337/1337/1337 1371/1371/1371
f 1337/1337/1337 1338/1338/1338 1371/1371/1371
f 1371/1371/1371 1338/1338/1338 1372/1372/1372
f 1338/1338/1338 1339/1339/1339 1372/1372/1372
f 1372/1372/1372 1339/1339/1339 1373/1373/1373
f 1339/1339/1339 1340/1340/1340 1373/1373/1373
f 1373/1373/1373 1340/1340/1340 1374/1374/1374
f 1340/1340/1340 1341/1341/1341 1374/1374/1374
f 1374/1374/1374 1341/1341/1341 1375/1375/1375
f 1341/1341/1341 1342/1342/1342 1375/1375/1375
f 1375/1375/1375 1342/1342/1342 1376/1376/1376
f 1342/1342/1342 1343/1343/1343 1376/1376/1376
f 1376/1376/1376 1343/1343/1343 1377/1377/1377
f 1343/1343/1343 1344/1344/1344 1377/1377/1377
f 1377/1377/1377 1344/1344/1344 1378/1378/1378
f 1344/1344/1344 1345/1345/1345 1378/1378/1378
f 1378/1378/1378 1345/1345/1345 1379/1379/1379
f 1345/1345/1345 1346/1346/1346 1379/1379/1379
f 1379/1379/1379 1346/1346/1346 1380/1380/1380
f 1346/1346/1346 1347/1347/1347 1380/1380/1380
f 1380/1380/1380 1347/1347/1347 1381/1381/1381
f 1347/1347/1347 1348/1348/1348 1381/1381/1381
f 1381/1381/1381 1348/1348/1348 1382/1382/1382
f 1348/1348/1348 1349/1349/1349 1382/1382/1382
f 1382/1382/1382 1349/1349/1349 1383/1383/1383
f 1349/1349/1349 1350/1350/1350 1383/1383/1383
f 1383/1383/1383 1350/1350/1350 1384/1384/1384
f 1350/1350/1350 1351/1351/1351 1384/1384/1384
f 1384/1384/1384 1351/1351/1351 1385/1385/1385
f 1351/1351/1351 1352/1352/1352 1385/1385/1385
f 1385/1385/1385 1352/1352/1352 1386/1386/1386
f 1352/1352/1352 1353/1353/1353 1386/1386/1386
f 1386/1386/1386 1353/1353/1353 1387/1387/1387
f 1353/1353/1353 1354/1354/1354 1387/1387/1387
f 1387/1387/1387 1354/1354/1354 1388/1388/1388
f 1354/1354/1354 1355/1355/1355 1388/1388/1388
f 1388/1388/1388 1355/1355/1355 1389/1389/1389
f 1355/1355/1355 1356/1356/1356 1389/1389/1389
f 1389/1389/1389 1356/1356/1356 1390/1390/1390
f 1356/1356/1356 1357/1357/1357 1390/1390/1390
f 1391/1391/1391 1358/1358/1358 1392/1392/1392
f 1358/1358/1358 1359/1359/1359 1392/1392/1392
f 1392/1392/1392 1359/1359/1359 1393/1393/1393
f 1359/1359/1359 1360/1360/1360 1393/1393/1393
f 1393/1393/1393 1360/1360/1360 1394/1394/1394
f 1360/1360/1360 1361/1361/1361 1394/1394/1394
f 1394/1394/1394 1361/1361/1361 1395/1395/1395
f 1361/1361/1361 1362/1362/1362 1395/1395/1395
f 1395/1395/1395 1362/1362/1362 1396/1396/1396
f 1362/1362/1362 1363/1363/1363 1396/1396/1396
f 1396/1396/1396 1363/1363/1363 1397/1397/1397
f 1363/1363/1363 1364/1364/1364 1397/1397/1397
f 1397/1397/1397 1364/1364/1364 1398/1398/1398
f 1364/1364/1364 1365/1365/1365 1398/1398/1398
f 1398/1398/1398 1365/1365/1365 1399/1399/1399
f 1365/1365/1365 1366/1366/1366 1399/1399/1399
f 1399/1399/1399 1366/1366/1366 1400/1400/1400
f 1366/1366/1366 1367/1367/1367 1400/1400/1400
f 1400/1400/1400 1367/1367/1367 1401/1401/1401
f 1367/1367/1367 1368/1368/1368 1401/1401/1401
f 1401/1401/1401 1368/1368/1368 1402/1402/1402
f 1368/1368/1368 1369/1369/1369 1402/1402/1402
f 1402/1402/1402 1369/1369/1369 1403/1403/1403
f 1369/1369/1369 1370/1370/1370 1403/1403/1403
f 1403/1403/1403 1370/1370/1370 1404/1404/1404
f 1370/1370/1370 1371/1371/1371 1404/1404/1404
f 1404/1404/1404 1371/1371/1371 1405/1405/1405
f 1371/1371/1371 1372/1372/1372 1405/1405/1405
f 1405/1405/1405 1372/1372/1372 1406/1406/1406
f 1372/1372/1372 1373/1373/1373 1406/1406/1406
f 1406/1406/1406 1373/1373/1373 1407/1407/1407
f 1373/1373/1373 1374/1374/1374 1407/1407/1407
f 1407/1407/1407 1374/1374/1374 1408/1408/1408
f 1374/1374/1374 1375/1375/1375 1408/1408/1408
f 1408/1408/1408 1375/1375/1375 1409/1409/1409
f 1375/1375/1375 1376/1376/1376 1409/1409/1409
f 1409/1409/1409 1376/1376/1376 1410/1410/1410
f 1376/1376/1376 1377/1377/1377 1410/1410/1410
f 1410/1410/1410 1377/1377/1377 1411/1411/1411
f 1377/1377/1377 1378/1378/1378 1411/1411/1411
f 1411/1411/1411 1378/1378/1378 1412/1412/1412
f 1378/1378/1378 1379/1379/1379 1412/1412/1412
f 1412/1412/1412 1379/1379/1379 1413/1413/1413
f 1379/1379/1379 1380/1380/1380 1413/1413/1413
f 1413/1413/1413 1380/1380/1380 1414/1414/1414
f 1380/1380/1380 1381/1381/1381 1414/1414/1414
f 1414/1414/1414 1381/1381/1381 1415/1415/1415
f 1381/1381/1381 1382/1382/1382 1415/1415/1415
f 1415/1415/1415 1382/1382/1382 1416/1416/1416
f 1382/1382/1382 1383/1383/1383 1416/1416/1416
f 1416/1416/1416 1383/1383/1383 1417/1417/1417
f 1383/1383/1383 1384/1384/1384 1417/1417/1417
f 1417/1417/1417 1384/1384/1384 1418/1418/1418
f 1384/1384/1384 1385/1385/1385 1418/1418/1418
f 1418/1418/1418 1385/1385/1385 1419/1419/1419
f 1385/1385/1385 1386/1386/1386 1419/1419/1419
f 1419/1419/1419 1386/1386/1386 1420/1420/1420
f 1386/1386/1386 1387/1387/1387 1420/1420/1420
f 1420/1420/1420 1387/1387/1387 1421/1421/1421
f 1387/1387/1387 1388/1388/1388 1421/1421/1421
f 1421/1421/1421 1388/1388/1388 1422/1422/1422
f 1388/1388/1388 1389/1389/1389 1422/1422/1422
f 1422/1422/1422 1389/1389/1389 1423/1423/1423
f 1389/1389/1389 1390/1390/1390 1423/1423/1423
f 1424/1424/1424 1391/1391/1391 1425/1425/1425
f 1391/1391/1391 1392/1392/1392 1425/1425/1425
f 1425/1425/1425 1392/1392/1392 1426/1426/1426
f 1392/1392/1392 1393/1393/1393 1426/1426/1426
f 1426/1426/1426 1393/1393/1393 1427/1427/1427
f 1393/1393/1393 1394/1394/1394 1427/1427/1427
f 1427/1427/1427 1394/1394/1394 1428/1428/1428
f 1394/1394/1394 1395/1395/1395 1428/1428/1428
f 1428/1428/1428 1395/1395/1395 1429/1429/1429
f 1395/1395/1395 1396/1396/1396 1429/1429/1429
f 1429/1429/1429 1396/1396/1396 1430/1430/1430
f 1396/1396/1396 1397/1397/1397 1430/1430/1430
f 1430/1430/1430 1397/1397/1397 1431/1431/1431
f 1397/1397/1397 1398/1398/1398 1431/1431/1431
f 1431/1431/1431 1398/1398/1398 1432/1432/1432
f 1398/1398/1398 1399/1399/1399 1432/1432/1432
f 1432/1432/1432 1399/1399/1399 1433/1433/1433
f 1399/1399/1399 1400/1400/1400 1433/1433/1433
f 1433/1433/1433 1400/1400/1400 1434/1434/1434
f 1400/1400/1400 1401/1401/1401 1434/1434/1434
f 1434/1434/1434 1401/1401/1401 1435/1435/1435
f 1401/1401/1401 1402/1402/1402 1435/1435/1435
f 1435/1435/1435 1402/1402/1402 1436/1436/1436
f 1402/1402/1402 1403/1403/1403 1436/1436/1436
f 1436/1436/1436 1403/1403/1403 1437/1437/1437
f 1403/1403/1403 1404/1404/1404 1437/1437/1437
f 1437/1437/1437 1404/1404/1404 1438/1438/1438
f 1404/1404/1404 1405/1405/1405 1438/1438/1438
f 1438/1438/1438 1405/1405/1405 1439/1439/1439
f 1405/1405/1405 1406/1406/1406 1439/1439/1439
f 1439/1439/1439 1406/1406/1406 1440/1440/1440
f 1406/1406/1406 1407/1407/1407 1440/1440/1440
f 1440/1440/1440 1407/1407/1407 1441/1441/1441
f 1407/1407/1407 1408/1408/1408 1441/1441/1441
f 1441/1441/1441 1408/1408/1408 1442/1442/1442
f 1408/1408/1408 1409/1409/1409 1442/1442/1442
f 1442/1442/1442 1409/1409/1409 1443/1443/1443
f 1409/1409/1409 1410/1410/1410 1443/1443/1443
f 1443/1443/1443 1410/1410/1410 1444/1444/1444
f 1410/1410/1410 1411/1411/1411 1444/1444/1444
f 1444/1444/1444 1411/1411/1411 1445/1445/1445
f 1411/1411/1411 1412/1412/1412 1445/1445/1445
f 1445/1445/1445 1412/1412/1412 1446/1446/1446
f 1412/1412/1412 1413/1413/1413 1446/1446/1446
f 1446/1446/1446 1413/1413/1413 1447/1447/1447
f 1413/1413/1413 1414/1414/1414 1447/1447/1447
f 1447/1447/1447 1414/1414/1414 1448/1448/1448
f 1414/1414/1414 1415/1415/1415 1448/1448/1448
f 1448/1448/1448 1415/1415/1415 1449/1449/1449
f 1415/1415/1415 1416/1416/1416 1449/1449/1449
f 1449/1449/1449 1416/1416/1416 1450/1450/1450
f 1416/1416/1416 1417/1417/1417 1450/1450/1450
f 1450/1450/1450 1417/1417/1417 1451/1451/1451
f 1417/1417/1417 1418/1418/1418 1451/1451/1451
f 1451/1451/1451 1418/1418/1418 1452/1452/1452
f 1418/1418/1418 1419/1419/1419 1452/1452/1452
f 1452/1452/1452 1419/1419/1419 1453/1453/1453
f 1419/1419/1419 1420/1420/1420 1453/1453/1453
f 1453/1453/1453 1420/1420/1420 1454/1454/1454
f 1420/1420/1420 1421/1421/1421 1454/1454/1454
f 1454/1454/1454 1421/1421/1421 1455/1455/1455
f 1421/1421/1421 1422/1422/1422 1455/1455/1455
f 1455/1455/1455 1422/1422/1422 1456/1456/1456
f 1422/1422/1422 1423/1423/1423 1456/1456/1456
f 1457/1457/1457 1424/1424/1424 1458/1458/1458
f 1424/1424/1424 1425/1425/1425 1458/1458/1458
f 1458/1458/1458 1425/1425/1425 1459/1459/1459
f 1425/1425/1425 1426/1426/1426 1459/1459/1459
f 1459/1459/1459 1426/1426/1426 1460/1460/1460
f 1426/1426/1426 1427/1427/1427 1460/1460/1460
f 1460/1460/1460 1427/1427/1427 1461/1461/1461
f 1427/1427/1427 1428/1428/1428 1461/1461/1461
f 1461/1461/1461 1428/1428/1428 1462/1462/1462
f 1428/1428/1428 1429/1429/1429 1462/1462/1462
f 1462/1462/1462 1429/1429/1429 1463/1463/1463
f 1429/1429/1429 1430/1430/1430 1463/1463/1463
f 1463/1463/1463 1430/1430/1430 1464/1464/1464
f 1430/1430/1430 1431/1431/1431 1464/1464/1464
f 1464/1464/1464 1431/1431/1431 1465/1465/1465
f 1431/1431/1431 1432/1432/1432 1465/1465/1465
f 1465/1465/1465 1432/1432/1432 1466/1466/1466
f 1432/1432/1432 1433/1433/1433 1466/1466/1466
f 1466/1466/1466 1433/1433/1433 1467/1467/1467
f 1433/1433/1433 1434/1434/1434 1467/1467/1467
f 1467/1467/1467 1434/1434/1434 1468/1468/1468
f 1434/1434/1434 1435/1435/1435 1468/1468/1468
f 1468/1468/1468 1435/1435/1435 1469/1469/1469
f 1435/1435/1435 1436/1436/1436 1469/1469/1469
f 1469/1469/1469 1436/1436/1436 1470/1470/1470
f 1436/1436/1436 1437/1437/1437 1470/1470/1470
f 1470/1470/1470 1437/1437/1437 1471/1471/1471
f 1437/1437/1437 1438/1438/1438 1471/1471/1471
f 1471/1471/1471 1438/1438/1438 1472/1472/1472
f 1438/1438/1438 1439/1439/1439 1472/1472/1472
f 1472/1472/1472 1439/1439/1439 1473/1473/1473
f 1439/1439/1439 1440/1440/1440 1473/1473/1473
f 1473/1473/1473 1440/1440/1440 1474/1474/1474
f 1440/1440/1440 1441/1441/1441 1474/1474/1474
f 1474/1474/1474 1441/1441/1441 1475/1475/1475
f 1441/1441/1441 1442/1442/1442 1475/1475/1475
f 1475/1475/1475 1442/1442/1442 1476/1476/1476
f 1442/1442/1442 1443/1443/1443 1476/1476/1476
f 1476/1476/1476 1443/1443/1443 1477/1477/1477
f 1443/1443/1443 1444/1444/1444 1477/1477/1477
f 1477/1477/1477 1444/1444/1444 1478/1478/1478
f 1444/1444/1444 1445/1445/1445 1478/1478/1478
f 1478/1478/1478 1445/1445/1445 1479/1479/1479
f 1445/1445/1445 1446/1446/1446 1479/1479/1479
f 1479/1479/1479 1446/1446/1446 1480/1480/1480
f 1446/1446/1446 1447/1447/1447 1480/1480/1480
f 1480/1480/1480 1447/1447/1447 1481/1481/1481
f 1447/1447/1447 1448/1448/1448 1481/1481/1481
f 1481/1481/1481 1448/1448/1448 1482/1482/1482
f 1448/1448/1448 1449/1449/1449 1482/1482/1482
f 1482/1482/1482 1449/1449/1449 1483/1483/1483
f 1449/1449/1449 1450/1450/1450 1483/1483/1483
f 1483/1483/1483 1450/1450/1450 1484/1484/1484
f 1450/1450/1450 1451/1451/1451 1484/1484/1484
f 1484/1484/1484 1451/1451/1451 1485/1485/1485
f 1451/1451/1451 1452/1452/1452 1485/1485/1485
f 1485/1485/1485 1452/1452/1452 1486/1486/1486
f 1452/1452/1452 1453/1453/1453 1486/1486/1486
f 1486/1486/1486 1453/1453/1453 1487/1487/1487
f 1453/1453/1453 1454/1454/1454 1487/1487/1487
f 1487/1487/1487 1454/1454/1454 1488/1488/1488
f 1454/1454/1454 1455/1455/1455 1488/1488/1488
f 1488/1488/1488 1455/1455/1455 1489/1489/1489
f 1455/1455/1455 1456/1456/1456 1489/1489/1489
f 1490/1490/1490 1457/1457/1457 1491/1491/1491
f 1457/1457/1457 1458/1458/1458 1491/1491/1491
f 1491/1491/1491 1458/1458/1458 1492/1492/1492
f 1458/1458/1458 1459/1459/1459 1492/1492/1492
f 1492/1492/1492 1459/1459/1459 1493/1493/1493
f 1459/1459/1459 1460/1460/1460 1493/1493/1493
f 1493/1493/1493 1460/1460/1460 1494/1494/1494
f 1460/1460/1460 1461/1461/1461 1494/1494/1494
f 1494/1494/1494 1461/1461/1461 1495/1495/1495
f 1461/1461/1461 1462/1462/1462 1495/1495/1495
f 1495/1495/1495 1462/1462/1462 1496/1496/1496
f 1462/1462/1462 1463/1463/1463 1496/1496/1496
f 1496/1496/1496 1463/1463/1463 1497/1497/1497
f 1463/1463/1463 1464/1464/1464 1497/1497/1497
f 1497/1497/1497 1464/1464/1464 1498/1498/1498
f 1464/1464/1464 1465/1465/1465 1498/1498/1498
f 1498/1498/1498 1465/1465/1465 1499/1499/1499
f 1465/1465/1465 1466/1466/1466 1499/1499/1499
f 1499/1499/1499 1466/1466/1466 1500/1500/1500
f 1466/1466/1466 1467/1467/1467 1500/1500/1500
f 1500/1500/1500 1467/1467/1467 1501/1501/1501
f 1467/1467/1467 1468/1468/1468 1501/1501/1501
f 1501/1501/1501 1468/1468/1468 1502/1502/1502
f 1468/1468/1468 1469/1469/1469 1502/1502/1502
f 1502/1502/1502 1469/1469/1469 1503/1503/1503
f 1469/1469/1469 1470/1470/1470 1503/1503/1503
f 1503/1503/1503 1470/1470/1470 1504/1504/1504
f 1470/1470/1470 1471/1471/1471 1504/1504/1504
f 1504/1504/1504 1471/1471/1471 1505/1505/1505
f 1471/1471/1471 1472/1472/1472 1505/1505/1505
f 1505/1505/1505 1472/1472/1472 1506/1506/1506
f 1472/1472/1472 1473/1473/1473 1506/1506/1506
f 1506/1506/1506 1473/1473/1473 1507/1507/1507
f 1473/1473/1473 1474/1474/1474 1507/1507/1507
f 1507/1507/1507 1474/1474/1474 1508/1508/1508
f 1474/1474/1474 1475/1475/1475 1508/1508/1508
f 1508/1508/1508 1475/1475/1475 1509/1509/1509
f 1475/1475/1475 1476/1476/1476 1509/1509/1509
f 1509/1509/1509 1476/1476/1476 1510/1510/1510
f 1476/1476/1476 1477/1477/1477 1510/1510/1510
f 1510/1510/1510 1477/1477/1477 1511/1511/1511
f 1477/1477/1477 1478/1478/1478 1511/1511/1511
f 1511/1511/1511 1478/1478/1478 1512/1512/1512
f 1478/1478/1478 1479/1479/1479 1512/1512/1512
f 1512/1512/1512 1479/1479/1479 1513/1513/1513
f 1479/1479/1479 1480/1480/1480 1513/1513/1513
f 1513/1513/1513 1480/1480/1480 1514/1514/1514
f 1480/1480/1480 1481/1481/1481 1514/1514/1514
f 1514/1514/1514 1481/1481/1481 1515/1515/1515
f 1481/1481/1481 1482/1482/1482 1515/1515/1515
f 1515/1515/1515 1482/1482/1482 1516/1516/1516
f 1482/1482/1482 1483/1483/1483 1516/1516/1516
f 1516/1516/1516 1483/1483/1483 1517/1517/1517
f 1483/1483/1483 1484/1484/1484 1517/1517/1517
f 1517/1517/1517 1484/1484/1484 1518/1518/1518
f 1484/1484/1484 1485/1485/1485 1518/1518/1518
f 1518/1518/1518 1485/1485/1485 1519/1519/1519
f 1485/1485/1485 1486/1486/1486 1519/1519/1519
f 1519/1519/1519 1486/1486/1486 1520/1520/1520
f 1486/1486/1486 1487/1487/1487 1520/1520/1520
f 1520/1520/1520 1487/1487/1487 1521/1521/1521
f 1487/1487/1487 1488/1488/1488 1521/1521/1521
f 1521/1521/1521 1488/1488/1488 1522/1522/1522
f 1488/1488/1488 1489/1489/1489 1522/1522/1522
f 1523/1523/1523 1490/1490/1490 1524/1524/1524
f 1490/1490/1490 1491/1491/1491 1524/1524/1524
f 1524/1524/1524 1491/1491/1491 1525/1525/1525
f 1491/1491/1491 1492/1492/1492 1525/1525/1525
f 1525/1525/1525 1492/1492/1492 1526/1526/1526
f 1492/1492/1492 1493/1493/1493 1526/1526/1526
f 1526/1526/1526 1493/1493/1493 1527/1527/1527
f 1493/1493/1493 1494/1494/1494 1527/1527/1527
f 1527/1527/1527 1494/1494/1494 1528/1528/1528
f 1494/1494/1494 1495/1495/1495 1528/1528/1528
f 1528/1528/1528 1495/1495/1495 1529/1529/1529
f 1495/1495/1495 1496/1496/1496 1529/1529/1529
f 1529/1529/1529 1496/1496/1496 1530/1530/1530
f 1496/1496/1496 1497/1497/1497 1530/1530/1530
f 1530/1530/1530 1497/1497/1497 1531/1531/1531
f 1497/1497/1497 1498/1498/1498 1531/1531/1531
f 1531/1531/1531 1498/1498/1498 1532/1532/1532
f 1498/1498/1498 1499/1499/1499 1532/1532/1532
f 1532/1532/1532 1499/1499/1499 1533/1533/1533
f 1499/1499/1499 1500/1500/1500 1533/1533/1533
f 1533/1533/1533 1500/1500/1500 1534/1534/1534
f 1500/1500/1500 1501/1501/1501 1534/1534/1534
f 1534/1534/1534 1501/1501/1501 1535/1535/1535
f 1501/1501/1501 1502/1502/1502 1535/1535/1535
f 1535/1535/1535 1502/1502/1502 1536/1536/1536
f 1502/1502/1502 1503/1503/1503 1536/1536/1536
f 1536/1536/1536 1503/1503/1503 1537/1537/1537
f 1503/1503/1503 1504/1504/1504 1537/1537/1537
f 1537/1537/1537 1504/1504/1504 1538/1538/1538
f 1504/1504/1504 1505/1505/1505 1538/1538/1538
f 1538/1538/1538 1505/1505/1505 1539/1539/1539
f 1505/1505/1505 1506/1506/1506 1539/1539/1539
f 1539/1539/1539 1506/1506/1506 1540/1540/1540
f 1506/1506/1506 1507/1507/1507 1540/1540/1540
f 1540/1540/1540 1507/1507/1507 1541/1541/1541
f 1507/1507/1507 1508/1508/1508 1541/1541/1541
f 1541/1541/1541 1508/1508/1508 1542/1542/1542
f 1508/1508/1508 1509/1509/1509 1542/1542/1542
f 1542/1542/1542 1509/1509/1509 1543/1543/1543
f 1509/1509/1509 1510/1510/1510 1543/1543/1543
f 1543/1543/1543 1510/1510/1510 1544/1544/1544
f 1510/1510/1510 1511/1511/1511 1544/1544/1544
f 1544/1544/1544 1511/1511/1511 1545/1545/1545
f 1511/1511/1511 1512/1512/1512 1545/1545/1545
f 1545/1545/1545 1512/1512/1512 1546/1546/1546
f 1512/1512/1512 1513/1513/1513 1546/1546/1546
f 1546/1546/1546 1513/1513/1513 1547/1547/1547
f 1513/1513/1513 1514/1514/1514 1547/1547/1547
f 1547/1547/1547 1514/1514/1514 1548/1548/1548
f 1514/1514/1514 1515/1515/1515 1548/1548/1548
f 1548/1548/1548 1515/1515/1515 1549/1549/1549
f 1515/1515/1515 1516/1516/1516 1549/1549/1549
f 1549/1549/1549 1516/1516/1516 1550/1550/1550
f 1516/1516/1516 1517/1517/1517 1550/1550/1550
f 1550/1550/1550 1517/1517/1517 1551/1551/1551
f 1517/1517/1517 1518/1518/1518 1551/1551/1551
f 1551/1551/1551 1518/1518/1518 1552/1552/1552
f 1518/1518/1518 1519/1519/1519 1552/1552/1552
f 1552/1552/1552 1519/1519/1519 1553/1553/1553
f 1519/1519/1519 1520/1520/1520 1553/1553/1553
f 1553/1553/1553 1520/1520/1520 1554/1554/1554
f 1520/1520/1520 1521/1521/1521 1554/1554/1554
f 1554/1554/1554 1521/1521/1521 1555/1555/1555
f 1521/1521/1521 1522/1522/1522 1555/1555/1555
f 1556/1556/1556 1523/1523/1523 1557/1557/1557
f 1523/1523/1523 1524/1524/1524 1557/1557/1557
f 1557/1557/1557 1524/1524/1524 1558/1558/1558
f 1524/1524/1524 1525/1525/1525 1558/1558/1558
f 1558/1558/1558 1525/1525/1525 1559/1559/1559
f 1525/1525/1525 1526/1526/1526 1559/1559/1559
f 1559/1559/1559 1526/1526/1526 1560/1560/1560
f 1526/1526/1526 1527/1527/1527 1560/1560/1560
f 1560/1560/1560 1527/1527/1527 1561/1561/1561
f 1527/1527/1527 1528/1528/1528 1561/1561/1561
f 1561/1561/1561 1528/1528/1528 1562/1562/1562
f 1528/1528/1528 1529/1529/1529 1562/1562/1562
f 1562/1562/1562 1529/1529/1529 1563/1563/1563
f 1529/1529/1529 1530/1530/1530 1563/1563/1563
f 1563/1563/1563 1530/1530/1530 1564/1564/1564
f 1530/1530/1530 1531/1531/1531 1564/1564/1564
f 1564/1564/1564 1531/1531/1531 1565/1565/1565
f 1531/1531/1531 1532/1532/1532 1565/1565/1565
f 1565/1565/1565 1532/1532/1532 1566/1566/1566
f 1532/1532/1532 1533/1533/1533 1566/1566/1566
f 1566/1566/1566 1533/1533/1533 1567/1567/1567
f 1533/1533/1533 1534/1534/1534 1567/1567/1567
f 1567/1567/1567 1534/1534/1534 1568/1568/1568
f 1534/1534/1534 1535/1535/1535 1568/1568/1568
f 1568/1568/1568 1535/1535/1535 1569/1569/1569
f 1535/1535/1535 1536/1536/1536 1569/1569/1569
f 1569/1569/1569 1536/1536/1536 1570/1570/1570
f 1536/1536/1536 1537/1537/1537 1570/1570/1570
f 1570/1570/1570 1537/1537/1537 1571/1571/1571
f 1537/1537/1537 1538/1538/1538 1571/1571/1571
f 1571/1571/1571 1538/1538/1538 1572/1572/1572
f 1538/1538/1538 1539/1539/1539 1572/1572/1572
f 1572/1572/1572 1539/1539/1539 1573/1573/1573
f 1539/1539/1539 1540/1540/1540 1573/1573/1573
f 1573/1573/1573 1540/1540/1540 1574/1574/1574
f 1540/1540/1540 1541/1541/1541 1574/1574/1574
f 1574/1574/1574 1541/1541/1541 1575/1575/1575
f 1541/1541/1541 1542/1542/1542 1575/1575/1575
f 1575/1575/1575 1542/1542/1542 1576/1576/1576
f 1542/1542/1542 1543/1543/1543 1576/1576/1576
f 1576/1576/1576 1543/1543/1543 1577/1577/1577
f 1543/1543/1543 1544/1544/1544 1577/1577/1577
f 1577/1577/1577 1544/1544/1544 1578/1578/1578
f 1544/1544/1544 1545/1545/1545 1578/1578/1578
f 1578/1578/1578 1545/1545/1545 1579/1579/1579
f 1545/1545/1545 1546/1546/1546 1579/1579/1579
f 1579/1579/1579 1546/1546/1546 1580/1580/1580
f 1546/1546/1546 1547/1547/1547 1580/1580/1580
f 1580/1580/1580 1547/1547/1547 1581/1581/1581
f 1547/1547/1547 1548/1548/1548 1581/1581/1581
f 1581/1581/1581 1548/1548/1548 1582/1582/1582
f 1548/1548/1548 1549/1549/1549 1582/1582/1582
f 1582/1582/1582 1549/1549/1549 1583/1583/1583
f 1549/1549/1549 1550/1550/1550 1583/1583/1583
f 1583/1583/1583 1550/1550/1550 1584/1584/1584
f 1550/1550/1550 1551/1551/1551 1584/1584/1584
f 1584/1584/1584 1551/1551/1551 1585/1585/1585
f 1551/1551/1551 1552/1552/1552 1585/1585/1585
f 1585/1585/1585 1552/1552/1552 1586/1586/1586
f 1552/1552/1552 1553/1553/1553 1586/1586/1586
f 1586/1586/1586 1553/1553/1553 1587/1587/1587
f 1553/1553/1553 1554/1554/1554 1587/1587/1587
f 1587/1587/1587 1554/1554/1554 1588/1588/1588
f 1554/1554/1554 1555/1555/1555 1588/1588/1588
o stones_primary__bar
v 0.05656854063272476 0.05656854063272476 0
v 0.05656854063272476 0 0.05656854063272476
v 0.07999999821186066 0 0
v 0.05656854063272476 0.05656854063272476 0
v 0 0.05656854063272476 0.05656854063272476
v 0.05656854063272476 0 0.05656854063272476
v 0 0.07999999821186066 0
v 0 0.05656854063272476 0.05656854063272476
v 0.05656854063272476 0.05656854063272476 0
v 0 0.05656854063272476 0.05656854063272476
v 0 0 0.07999999821186066
v 0.05656854063272476 0 0.05656854063272476
v 0.05656854063272476 0 0.05656854063272476
v 0.05656854063272476 -0.05656854063272476 0
v 0.07999999821186066 0 0
v 0.05656854063272476 0 0.05656854063272476
v 0 -0.05656854063272476 0.05656854063272476
v 0.05656854063272476 -0.05656854063272476 0
v 0 0 0.07999999821186066
v 0 -0.05656854063272476 0.05656854063272476
v 0.05656854063272476 0 0.05656854063272476
v 0 -0.05656854063272476 0.05656854063272476
v 0 -0.07999999821186066 0
v 0.05656854063272476 -0.05656854063272476 0
v 0.05656854063272476 -0.05656854063272476 0
v 0.05656854063272476 0 -0.05656854063272476
v 0.07999999821186066 0 0
v 0.05656854063272476 -0.05656854063272476 0
v 0 -0.05656854063272476 -0.05656854063272476
v 0.05656854063272476 0 -0.05656854063272476
v 0 -0.07999999821186066 0
v 0 -0.05656854063272476 -0.05656854063272476
v 0.05656854063272476 -0.05656854063272476 0
v 0 -0.05656854063272476 -0.05656854063272476
v 0 0 -0.07999999821186066
v 0.05656854063272476 0 -0.05656854063272476
v 0.05656854063272476 0 -0.05656854063272476
v 0.05656854063272476 0.05656854063272476 0
v 0.07999999821186066 0 0
v 0.05656854063272476 0 -0.05656854063272476
v 0 0.05656854063272476 -0.05656854063272476
v 0.05656854063272476 0.05656854063272476 0
v 0 0 -0.07999999821186066
v 0 0.05656854063272476 -0.05656854063272476
v 0.05656854063272476 0 -0.05656854063272476
v 0 0.05656854063272476 -0.05656854063272476
v 0 0.07999999821186066 0
v 0.05656854063272476 0.05656854063272476 0
v -0.05656854063272476 0.05656854063272476 0
v -0.05656854063272476 0 -0.05656854063272476
v -0.07999999821186066 0 0
v -0.05656854063272476 0.05656854063272476 0
v 0 0.05656854063272476 -0.05656854063272476
v -0.05656854063272476 0 -0.05656854063272476
v 0 0.07999999821186066 0
v 0 0.05656854063272476 -0.05656854063272476
v -0.05656854063272476 0.05656854063272476 0
v 0 0.05656854063272476 -0.05656854063272476
v 0 0 -0.07999999821186066
v -0.05656854063272476 0 -0.05656854063272476
v -0.05656854063272476 0 -0.05656854063272476
v -0.05656854063272476 -0.05656854063272476 0
v -0.07999999821186066 0 0
v -0.05656854063272476 0 -0.05656854063272476
v 0 -0.05656854063272476 -0.05656854063272476
v -0.05656854063272476 -0.05656854063272476 0
v 0 0 -0.07999999821186066
v 0 -0.05656854063272476 -0.05656854063272476
v -0.05656854063272476 0 -0.05656854063272476
v 0 -0.05656854063272476 -0.05656854063272476
v 0 -0.07999999821186066 0
v -0.05656854063272476 -0.05656854063272476 0
v -0.05656854063272476 -0.05656854063272476 0
v -0.05656854063272476 0 0.05656854063272476
v -0.07999999821186066 0 0
v -0.05656854063272476 -0.05656854063272476 0
v 0 -0.05656854063272476 0.05656854063272476
v -0.05656854063272476 0 0.05656854063272476
v 0 -0.07999999821186066 0
v 0 -0.05656854063272476 0.05656854063272476
v -0.05656854063272476 -0.05656854063272476 0
v 0 -0.05656854063272476 0.05656854063272476
v 0 0 0.07999999821186066
v -0.05656854063272476 0 0.05656854063272476
v -0.05656854063272476 0 0.05656854063272476
v -0.05656854063272476 0.05656854063272476 0
v -0.07999999821186066 0 0
v -0.05656854063272476 0 0.05656854063272476
v 0 0.05656854063272476 0.05656854063272476
v -0.05656854063272476 0.05656854063272476 0
v 0 0 0.07999999821186066
v 0 0.05656854063272476 0.05656854063272476
v -0.05656854063272476 0 0.05656854063272476
v 0 0.05656854063272476 0.05656854063272476
v 0 0.07999999821186066 0
v -0.05656854063272476 0.05656854063272476 0
vt 1 0.75
vt 0.875 0.5
vt 1 0.5
vt 1 0.75
vt 0.75 0.75
vt 0.875 0.5
vt 0.875 1
vt 0.75 0.75
vt 1 0.75
vt 0.75 0.75
vt 0.75 0.5
vt 0.875 0.5
vt 0.875 0.5
vt 1 0.25
vt 1 0.5
vt 0.875 0.5
vt 0.75 0.25
vt 1 0.25
vt 0.75 0.5
vt 0.75 0.25
vt 0.875 0.5
vt 0.75 0.25
vt 0.875 0
vt 1 0.25
vt 0 0.25
vt 0.125 0.5
vt 0 0.5
vt 0 0.25
vt 0.25 0.25
vt 0.125 0.5
vt 0.125 0
vt 0.25 0.25
vt 0 0.25
vt 0.25 0.25
vt 0.25 0.5
vt 0.125 0.5
vt 0.125 0.5
vt 0 0.75
vt 0 0.5
vt 0.125 0.5
vt 0.25 0.75
vt 0 0.75
vt 0.25 0.5
vt 0.25 0.75
vt 0.125 0.5
vt 0.25 0.75
vt 0.125 1
vt 0 0.75
vt 0.5 0.75
vt 0.375 0.5
vt 0.5 0.5
vt 0.5 0.75
vt 0.25 0.75
vt 0.375 0.5
vt 0.375 1
vt 0.25 0.75
vt 0.5 0.75
vt 0.25 0.75
vt 0.25 0.5
vt 0.375 0.5
vt 0.375 0.5
vt 0.5 0.25
vt 0.5 0.5
vt 0.375 0.5
vt 0.25 0.25
vt 0.5 0.25
vt 0.25 0.5
vt 0.25 0.25
vt 0.375 0.5
vt 0.25 0.25
vt 0.375 0
vt 0.5 0.25
vt 0.5 0.25
vt 0.625 0.5
vt 0.5 0.5
vt 0.5 0.25
vt 0.75 0.25
vt 0.625 0.5
vt 0.625 0
vt 0.75 0.25
vt 0.5 0.25
vt 0.75 0.25
vt 0.75 0.5
vt 0.625 0.5
vt 0.625 0.5
vt 0.5 0.75
vt 0.5 0.5
vt 0.625 0.5
vt 0.75 0.75
vt 0.5 0.75
vt 0.75 0.5
vt 0.75 0.75
vt 0.625 0.5
vt 0.75 0.75
vt 0.625 1
vt 0.5 0.75
vn 0.7071067811865476 0.7071067811865476 0
vn 0.7071067811865476 0 0.7071067811865476
vn 1 0 0
vn 0.7071067811865476 0.7071067811865476 0
vn 0 0.7071067811865476 0.7071067811865476
vn 0.7071067811865476 0 0.7071067811865476
vn 0 1 0
vn 0 0.7071067811865476 0.7071067811865476
vn 0.7071067811865476 0.7071067811865476 0
vn 0 0.7071067811865476 0.7071067811865476
vn 0 0 1
vn 0.7071067811865476 0 0.7071067811865476
vn 0.7071067811865476 0 0.7071067811865476
vn 0.7071067811865476 -0.7071067811865476 0
vn 1 0 0
vn 0.7071067811865476 0 0.7071067811865476
vn 0 -0.7071067811865476 0.7071067811865476
vn 0.7071067811865476 -0.7071067811865476 0
vn 0 0 1
vn 0 -0.7071067811865476 0.7071067811865476
vn 0.7071067811865476 0 0.7071067811865476
vn 0 -0.7071067811865476 0.7071067811865476
vn 0 -1 0
vn 0.7071067811865476 -0.7071067811865476 0
vn 0.7071067811865476 -0.7071067811865476 0
vn 0.7071067811865476 0 -0.7071067811865476
vn 1 0 0
vn 0.7071067811865476 -0.7071067811865476 0
vn 0 -0.7071067811865476 -0.7071067811865476
vn 0.7071067811865476 0 -0.7071067811865476
vn 0 -1 0
vn 0 -0.7071067811865476 -0.7071067811865476
vn 0.7071067811865476 -0.7071067811865476 0
vn 0 -0.7071067811865476 -0.7071067811865476
vn 0 0 -1
vn 0.7071067811865476 0 -0.7071067811865476
vn 0.7071067811865476 0 -0.7071067811865476
vn 0.7071067811865476 0.7071067811865476 0
vn 1 0 0
vn 0.7071067811865476 0 -0.7071067811865476
vn 0 0.7071067811865476 -0.7071067811865476
vn 0.7071067811865476 0.7071067811865476 0
vn 0 0 -1
vn 0 0.7071067811865476 -0.7071067811865476
vn 0.7071067811865476 0 -0.7071067811865476
vn 0 0.7071067811865476 -0.7071067811865476
vn 0 1 0
vn 0.7071067811865476 0.7071067811865476 0
vn -0.7071067811865476 0.7071067811865476 0
vn -0.7071067811865476 0 -0.7071067811865476
vn -1 0 0
vn -0.7071067811865476 0.7071067811865476 0
vn 0 0.7071067811865476 -0.7071067811865476
vn -0.7071067811865476 0 -0.7071067811865476
vn 0 1 0
vn 0 0.7071067811865476 -0.7071067811865476
vn -0.7071067811865476 0.7071067811865476 0
vn 0 0.7071067811865476 -0.7071067811865476
vn 0 0 -1
vn -0.7071067811865476 0 -0.7071067811865476
vn -0.7071067811865476 0 -0.7071067811865476
vn -0.7071067811865476 -0.7071067811865476 0
vn -1 0 0
vn -0.7071067811865476 0 -0.7071067811865476
vn 0 -0.7071067811865476 -0.7071067811865476
vn -0.7071067811865476 -0.7071067811865476 0
vn 0 0 -1
vn 0 -0.7071067811865476 -0.7071067811865476
vn -0.7071067811865476 0 -0.7071067811865476
vn 0 -0.7071067811865476 -0.7071067811865476
vn 0 -1 0
vn -0.7071067811865476 -0.7071067811865476 0
vn -0.7071067811865476 -0.7071067811865476 0
vn -0.7071067811865476 0 0.7071067811865476
vn -1 0 0
vn -0.7071067811865476 -0.7071067811865476 0
vn 0 -0.7071067811865476 0.7071067811865476
vn -0.7071067811865476 0 0.7071067811865476
vn 0 -1 0
vn 0 -0.7071067811865476 0.7071067811865476
vn -0.7071067811865476 -0.7071067811865476 0
vn 0 -0.7071067811865476 0.7071067811865476
vn 0 0 1
vn -0.7071067811865476 0 0.7071067811865476
vn -0.7071067811865476 0 0.7071067811865476
vn -0.7071067811865476 0.7071067811865476 0
vn -1 0 0
vn -0.7071067811865476 0 0.7071067811865476
vn 0 0.7071067811865476 0.7071067811865476
vn -0.7071067811865476 0.7071067811865476 0
vn 0 0 1
vn 0 0.7071067811865476 0.7071067811865476
vn -0.7071067811865476 0 0.7071067811865476
vn 0 0.7071067811865476 0.7071067811865476
vn 0 1 0
vn -0.7071067811865476 0.7071067811865476 0
f 1589/1589/1589 1590/1590/1590 1591/1591/1591
f 1592/1592/1592 1593/1593/1593 1594/1594/1594
f 1595/1595/1595 1596/1596/1596 1597/1597/1597
f 1598/1598/1598 1599/1599/1599 1600/1600/1600
f 1601/1601/1601 1602/1602/1602 1603/1603/1603
f 1604/1604/1604 1605/1605/1605 1606/1606/1606
f 1607/1607/1607 1608/1608/1608 1609/1609/1609
f 1610/1610/1610 1611/1611/1611 1612/1612/1612
f 1613/1613/1613 1614/1614/1614 1615/1615/1615
f 1616/1616/1616 1617/1617/1617 1618/1618/1618
f 1619/1619/1619 1620/1620/1620 1621/1621/1621
f 1622/1622/1622 1623/1623/1623 1624/1624/1624
f 1625/1625/1625 1626/1626/1626 1627/1627/1627
f 1628/1628/1628 1629/1629/1629 1630/1630/1630
f 1631/1631/1631 1632/1632/1632 1633/1633/1633
f 1634/1634/1634 1635/1635/1635 1636/1636/1636
f 1637/1637/1637 1638/1638/1638 1639/1639/1639
f 1640/1640/1640 1641/1641/1641 1642/1642/1642
f 1643/1643/1643 1644/1644/1644 1645/1645/1645
f 1646/1646/1646 1647/1647/1647 1648/1648/1648
f 1649/1649/1649 1650/1650/1650 1651/1651/1651
f 1652/1652/1652 1653/1653/1653 1654/1654/1654
f 1655/1655/1655 1656/1656/1656 1657/1657/1657
f 1658/1658/1658 1659/1659/1659 1660/1660/1660
f 1661/1661/1661 1662/1662/1662 1663/1663/1663
f 1664/1664/1664 1665/1665/1665 1666/1666/1666
f 1667/1667/1667 1668/1668/1668 1669/1669/1669
f 1670/1670/1670 1671/1671/1671 1672/1672/1672
f 1673/1673/1673 1674/1674/1674 1675/1675/1675
f 1676/1676/1676 1677/1677/1677 1678/1678/1678
f 1679/1679/1679 1680/1680/1680 1681/1681/1681
f 1682/1682/1682 1683/1683/1683 1684/1684/1684
o metal_bands__pendant_heart
v 0 0.20000000298023224 0
v 0 0.20000000298023224 0
v 0 0.20000000298023224 0
v 0 0.20000000298023224 0
v 0 0.20000000298023224 0
v 0 0.20000000298023224 0
v 0 0.20000000298023224 0
v 0 0.20000000298023224 0
v 0 0.20000000298023224 0
v 0 0.20000000298023224 0
v 0 0.20000000298023224 0
v 0 0.20000000298023224 0
v 0 0.20000000298023224 0
v 0 0.20000000298023224 0
v 0 0.20000000298023224 0
v 0 0.20000000298023224 0
v 0 0.20000000298023224 0
v 0 0.20000000298023224 0
v 0 0.20000000298023224 0
v 0 0.20000000298023224 0
v 0 0.20000000298023224 0
v 0 0.20000000298023224 0
v 0 0.20000000298023224 0
v 0 0.20000000298023224 0
v 0 0.20000000298023224 0
v -0.026105238124728203 0.19828897714614868 0
v -0.025215724483132362 0.19828897714614868 0.006756532937288284
v -0.022607799619436264 0.19828897714614868 0.013052619062364101
v -0.018459191545844078 0.19828897714614868 0.018459191545844078
v -0.013052619062364101 0.19828897714614868 0.022607799619436264
v -0.006756532937288284 0.19828897714614868 0.025215724483132362
v -1.5984848645353686e-18 0.19828897714614868 0.026105238124728203
v 0.006756532937288284 0.19828897714614868 0.025215724483132362
v 0.013052619062364101 0.19828897714614868 0.022607799619436264
v 0.018459191545844078 0.19828897714614868 0.018459191545844078
v 0.022607799619436264 0.19828897714614868 0.013052619062364101
v 0.025215724483132362 0.19828897714614868 0.006756532937288284
v 0.026105238124728203 0.19828897714614868 3.1969697290707372e-18
v 0.025215724483132362 0.19828897714614868 -0.006756532937288284
v 0.022607799619436264 0.19828897714614868 -0.013052619062364101
v 0.018459191545844078 0.19828897714614868 -0.018459191545844078
v 0.013052619062364101 0.19828897714614868 -0.022607799619436264
v 0.006756532937288284 0.19828897714614868 -0.025215724483132362
v 4.7954546970036824e-18 0.19828897714614868 -0.026105238124728203
v -0.006756532937288284 0.19828897714614868 -0.025215724483132362
v -0.013052619062364101 0.19828897714614868 -0.022607799619436264
v -0.018459191545844078 0.19828897714614868 -0.018459191545844078
v -0.022607799619436264 0.19828897714614868 -0.013052619062364101
v -0.025215724483132362 0.19828897714614868 -0.006756532937288284
v -0.026105238124728203 0.19828897714614868 -6.3939394581414745e-18
v -0.051763810217380524 0.19318516552448273 0
v -0.05000000074505806 0.19318516552448273 0.013397459872066975
v -0.04482877254486084 0.19318516552448273 0.025881905108690262
v -0.03660254180431366 0.19318516552448273 0.03660254180431366
v -0.025881905108690262 0.19318516552448273 0.04482877254486084
v -0.013397459872066975 0.19318516552448273 0.05000000074505806
v -3.1696192089118245e-18 0.19318516552448273 0.051763810217380524
v 0.013397459872066975 0.19318516552448273 0.05000000074505806
v 0.025881905108690262 0.19318516552448273 0.04482877254486084
v 0.03660254180431366 0.19318516552448273 0.03660254180431366
v 0.04482877254486084 0.19318516552448273 0.025881905108690262
v 0.05000000074505806 0.19318516552448273 0.013397459872066975
v 0.051763810217380524 0.19318516552448273 6.339238417823649e-18
v 0.05000000074505806 0.19318516552448273 -0.013397459872066975
v 0.04482877254486084 0.19318516552448273 -0.025881905108690262
v 0.03660254180431366 0.19318516552448273 -0.03660254180431366
v 0.025881905108690262 0.19318516552448273 -0.04482877254486084
v 0.013397459872066975 0.19318516552448273 -0.05000000074505806
v 9.508857213145167e-18 0.19318516552448273 -0.051763810217380524
v -0.013397459872066975 0.19318516552448273 -0.05000000074505806
v -0.025881905108690262 0.19318516552448273 -0.04482877254486084
v -0.03660254180431366 0.19318516552448273 -0.03660254180431366
v -0.04482877254486084 0.19318516552448273 -0.025881905108690262
v -0.05000000074505806 0.19318516552448273 -0.013397459872066975
v -0.051763810217380524 0.19318516552448273 -1.2678476835647298e-17
v -0.07653668522834778 0.18477590382099152 0
v -0.07392875850200653 0.18477590382099152 0.01980915293097496
v -0.0662827119231224 0.18477590382099152 0.03826834261417389
v -0.05411960929632187 0.18477590382099152 0.05411960929632187
v -0.03826834261417389 0.18477590382099152 0.0662827119231224
v -0.01980915293097496 0.18477590382099152 0.07392875850200653
v -4.68652038700443e-18 0.18477590382099152 0.07653668522834778
v 0.01980915293097496 0.18477590382099152 0.07392875850200653
v 0.03826834261417389 0.18477590382099152 0.0662827119231224
v 0.05411960929632187 0.18477590382099152 0.05411960929632187
v 0.0662827119231224 0.18477590382099152 0.03826834261417389
v 0.07392875850200653 0.18477590382099152 0.01980915293097496
v 0.07653668522834778 0.18477590382099152 9.37304077400886e-18
v 0.07392875850200653 0.18477590382099152 -0.01980915293097496
v 0.0662827119231224 0.18477590382099152 -0.03826834261417389
v 0.05411960929632187 0.18477590382099152 -0.05411960929632187
v 0.03826834261417389 0.18477590382099152 -0.0662827119231224
v 0.01980915293097496 0.18477590382099152 -0.07392875850200653
v 1.4059560747422985e-17 0.18477590382099152 -0.07653668522834778
v -0.01980915293097496 0.18477590382099152 -0.07392875850200653
v -0.03826834261417389 0.18477590382099152 -0.0662827119231224
v -0.05411960929632187 0.18477590382099152 -0.05411960929632187
v -0.0662827119231224 0.18477590382099152 -0.03826834261417389
v -0.07392875850200653 0.18477590382099152 -0.01980915293097496
v -0.07653668522834778 0.18477590382099152 -1.874608154801772e-17
v -0.10000000149011612 0.17320507764816284 0
v -0.09659258276224136 0.17320507764816284 0.025881905108690262
v -0.08660253882408142 0.17320507764816284 0.05000000074505806
v -0.0707106813788414 0.17320507764816284 0.0707106813788414
v -0.05000000074505806 0.17320507764816284 0.08660253882408142
v -0.025881905108690262 0.17320507764816284 0.09659258276224136
v -6.123233849335533e-18 0.17320507764816284 0.10000000149011612
v 0.025881905108690262 0.17320507764816284 0.09659258276224136
v 0.05000000074505806 0.17320507764816284 0.08660253882408142
v 0.0707106813788414 0.17320507764816284 0.0707106813788414
v 0.08660253882408142 0.17320507764816284 0.05000000074505806
v 0.09659258276224136 0.17320507764816284 0.025881905108690262
v 0.10000000149011612 0.17320507764816284 1.2246467698671066e-17
v 0.09659258276224136 0.17320507764816284 -0.025881905108690262
v 0.08660253882408142 0.17320507764816284 -0.05000000074505806
v 0.0707106813788414 0.17320507764816284 -0.0707106813788414
v 0.05000000074505806 0.17320507764816284 -0.08660253882408142
v 0.025881905108690262 0.17320507764816284 -0.09659258276224136
v 1.8369702788777518e-17 0.17320507764816284 -0.10000000149011612
v -0.025881905108690262 0.17320507764816284 -0.09659258276224136
v -0.05000000074505806 0.17320507764816284 -0.08660253882408142
v -0.0707106813788414 0.17320507764816284 -0.0707106813788414
v -0.08660253882408142 0.17320507764816284 -0.05000000074505806
v -0.09659258276224136 0.17320507764816284 -0.025881905108690262
v -0.10000000149011612 0.17320507764816284 -2.4492935397342132e-17
v -0.1217522844672203 0.15867066383361816 0
v -0.11760367453098297 0.15867066383361816 0.031511809676885605
v -0.10544057190418243 0.15867066383361816 0.06087614223361015
v -0.08609186857938766 0.15867066383361816 0.08609186857938766
v -0.06087614223361015 0.15867066383361816 0.10544057190418243
v -0.031511809676885605 0.15867066383361816 0.11760367453098297
v -7.455177028870975e-18 0.15867066383361816 0.1217522844672203
v 0.031511809676885605 0.15867066383361816 0.11760367453098297
v 0.06087614223361015 0.15867066383361816 0.10544057190418243
v 0.08609186857938766 0.15867066383361816 0.08609186857938766
v 0.10544057190418243 0.15867066383361816 0.06087614223361015
v 0.11760367453098297 0.15867066383361816 0.031511809676885605
v 0.1217522844672203 0.15867066383361816 1.491035405774195e-17
v 0.11760367453098297 0.15867066383361816 -0.031511809676885605
v 0.10544057190418243 0.15867066383361816 -0.06087614223361015
v 0.08609186857938766 0.15867066383361816 -0.08609186857938766
v 0.06087614223361015 0.15867066383361816 -0.10544057190418243
v 0.031511809676885605 0.15867066383361816 -0.11760367453098297
v 2.2365532740974152e-17 0.15867066383361816 -0.1217522844672203
v -0.031511809676885605 0.15867066383361816 -0.11760367453098297
v -0.06087614223361015 0.15867066383361816 -0.10544057190418243
v -0.08609186857938766 0.15867066383361816 -0.08609186857938766
v -0.10544057190418243 0.15867066383361816 -0.06087614223361015
v -0.11760367453098297 0.15867066383361816 -0.031511809676885605
v -0.1217522844672203 0.15867066383361816 -2.98207081154839e-17
v -0.1414213627576828 0.1414213627576828 0
v -0.13660253584384918 0.1414213627576828 0.03660254180431366
v -0.12247448414564133 0.1414213627576828 0.0707106813788414
v -0.10000000149011612 0.1414213627576828 0.10000000149011612
v -0.0707106813788414 0.1414213627576828 0.12247448414564133
v -0.03660254180431366 0.1414213627576828 0.13660253584384918
v -8.65956027255431e-18 0.1414213627576828 0.1414213627576828
v 0.03660254180431366 0.1414213627576828 0.13660253584384918
v 0.0707106813788414 0.1414213627576828 0.12247448414564133
v 0.10000000149011612 0.1414213627576828 0.10000000149011612
v 0.12247448414564133 0.1414213627576828 0.0707106813788414
v 0.13660253584384918 0.1414213627576828 0.03660254180431366
v 0.1414213627576828 0.1414213627576828 1.731912054510862e-17
v 0.13660253584384918 0.1414213627576828 -0.03660254180431366
v 0.12247448414564133 0.1414213627576828 -0.0707106813788414
v 0.10000000149011612 0.1414213627576828 -0.10000000149011612
v 0.0707106813788414 0.1414213627576828 -0.12247448414564133
v 0.03660254180431366 0.1414213627576828 -0.13660253584384918
v 2.5978682472024153e-17 0.1414213627576828 -0.1414213627576828
v -0.03660254180431366 0.1414213627576828 -0.13660253584384918
v -0.0707106813788414 0.1414213627576828 -0.12247448414564133
v -0.10000000149011612 0.1414213627576828 -0.10000000149011612
v -0.12247448414564133 0.1414213627576828 -0.0707106813788414
v -0.13660253584384918 0.1414213627576828 -0.03660254180431366
v -0.1414213627576828 0.1414213627576828 -3.463824109021724e-17
v -0.15867066383361816 0.1217522844672203 0
v -0.1532640904188156 0.1217522844672203 0.04106698930263519
v -0.13741283118724823 0.1217522844672203 0.07933533191680908
v -0.11219710856676102 0.1217522844672203 0.11219710856676102
v -0.07933533191680908 0.1217522844672203 0.13741283118724823
v -0.04106698930263519 0.1217522844672203 0.1532640904188156
v -9.715776443375307e-18 0.1217522844672203 0.15867066383361816
v 0.04106698930263519 0.1217522844672203 0.1532640904188156
v 0.07933533191680908 0.1217522844672203 0.13741283118724823
v 0.11219710856676102 0.1217522844672203 0.11219710856676102
v 0.13741283118724823 0.1217522844672203 0.07933533191680908
v 0.1532640904188156 0.1217522844672203 0.04106698930263519
v 0.15867066383361816 0.1217522844672203 1.9431552886750614e-17
v 0.1532640904188156 0.1217522844672203 -0.04106698930263519
v 0.13741283118724823 0.1217522844672203 -0.07933533191680908
v 0.11219710856676102 0.1217522844672203 -0.11219710856676102
v 0.07933533191680908 0.1217522844672203 -0.13741283118724823
v 0.04106698930263519 0.1217522844672203 -0.1532640904188156
v 2.9147330157306534e-17 0.1217522844672203 -0.15867066383361816
v -0.04106698930263519 0.1217522844672203 -0.1532640904188156
v -0.07933533191680908 0.1217522844672203 -0.13741283118724823
v -0.11219710856676102 0.1217522844672203 -0.11219710856676102
v -0.13741283118724823 0.1217522844672203 -0.07933533191680908
v -0.1532640904188156 0.1217522844672203 -0.04106698930263519
v -0.15867066383361816 0.1217522844672203 -3.886310577350123e-17
v -0.17320507764816284 0.10000000149011612 0
v -0.16730326414108276 0.10000000149011612 0.04482877254486084
v -0.15000000596046448 0.10000000149011612 0.08660253882408142
v -0.12247448414564133 0.10000000149011612 0.12247448414564133
v -0.08660253882408142 0.10000000149011612 0.15000000596046448
v -0.04482877254486084 0.10000000149011612 0.16730326414108276
v -1.0605752472130298e-17 0.10000000149011612 0.17320507764816284
v 0.04482877254486084 0.10000000149011612 0.16730326414108276
v 0.08660253882408142 0.10000000149011612 0.15000000596046448
v 0.12247448414564133 0.10000000149011612 0.12247448414564133
v 0.15000000596046448 0.10000000149011612 0.08660253882408142
v 0.16730326414108276 0.10000000149011612 0.04482877254486084
v 0.17320507764816284 0.10000000149011612 2.1211504944260596e-17
v 0.16730326414108276 0.10000000149011612 -0.04482877254486084
v 0.15000000596046448 0.10000000149011612 -0.08660253882408142
v 0.12247448414564133 0.10000000149011612 -0.12247448414564133
v 0.08660253882408142 0.10000000149011612 -0.15000000596046448
v 0.04482877254486084 0.10000000149011612 -0.16730326414108276
v 3.1817257416390894e-17 0.10000000149011612 -0.17320507764816284
v -0.04482877254486084 0.10000000149011612 -0.16730326414108276
v -0.08660253882408142 0.10000000149011612 -0.15000000596046448
v -0.12247448414564133 0.10000000149011612 -0.12247448414564133
v -0.15000000596046448 0.10000000149011612 -0.08660253882408142
v -0.16730326414108276 0.10000000149011612 -0.04482877254486084
v -0.17320507764816284 0.10000000149011612 -4.242300988852119e-17
v -0.18477590382099152 0.07653668522834778 0
v -0.17847982048988342 0.07653668522834778 0.04782352223992348
v -0.1600206345319748 0.07653668522834778 0.09238795191049576
v -0.13065630197525024 0.07653668522834778 0.13065630197525024
v -0.09238795191049576 0.07653668522834778 0.1600206345319748
v -0.04782352223992348 0.07653668522834778 0.17847982048988342
v -1.1314260790922793e-17 0.07653668522834778 0.18477590382099152
v 0.04782352223992348 0.07653668522834778 0.17847982048988342
v 0.09238795191049576 0.07653668522834778 0.1600206345319748
v 0.13065630197525024 0.07653668522834778 0.13065630197525024
v 0.1600206345319748 0.07653668522834778 0.09238795191049576
v 0.17847982048988342 0.07653668522834778 0.04782352223992348
v 0.18477590382099152 0.07653668522834778 2.2628521581845586e-17
v 0.17847982048988342 0.07653668522834778 -0.04782352223992348
v 0.1600206345319748 0.07653668522834778 -0.09238795191049576
v 0.13065630197525024 0.07653668522834778 -0.13065630197525024
v 0.09238795191049576 0.07653668522834778 -0.1600206345319748
v 0.04782352223992348 0.07653668522834778 -0.17847982048988342
v 3.3942784027129604e-17 0.07653668522834778 -0.18477590382099152
v -0.04782352223992348 0.07653668522834778 -0.17847982048988342
v -0.09238795191049576 0.07653668522834778 -0.1600206345319748
v -0.13065630197525024 0.07653668522834778 -0.13065630197525024
v -0.1600206345319748 0.07653668522834778 -0.09238795191049576
v -0.17847982048988342 0.07653668522834778 -0.04782352223992348
v -0.18477590382099152 0.07653668522834778 -4.525704316369117e-17
v -0.19318516552448273 0.051763810217380524 0
v -0.18660254776477814 0.051763810217380524 0.05000000074505806
v -0.16730326414108276 0.051763810217380524 0.09659258276224136
v -0.13660253584384918 0.051763810217380524 0.13660253584384918
v -0.09659258276224136 0.051763810217380524 0.16730326414108276
v -0.05000000074505806 0.051763810217380524 0.18660254776477814
v -1.182917989505644e-17 0.051763810217380524 0.19318516552448273
v 0.05000000074505806 0.051763810217380524 0.18660254776477814
v 0.09659258276224136 0.051763810217380524 0.16730326414108276
v 0.13660253584384918 0.051763810217380524 0.13660253584384918
v 0.16730326414108276 0.051763810217380524 0.09659258276224136
v 0.18660254776477814 0.051763810217380524 0.05000000074505806
v 0.19318516552448273 0.051763810217380524 2.365835979011288e-17
v 0.18660254776477814 0.051763810217380524 -0.05000000074505806
v 0.16730326414108276 0.051763810217380524 -0.09659258276224136
v 0.13660253584384918 0.051763810217380524 -0.13660253584384918
v 0.09659258276224136 0.051763810217380524 -0.16730326414108276
v 0.05000000074505806 0.051763810217380524 -0.18660254776477814
v 3.548754051234993e-17 0.051763810217380524 -0.19318516552448273
v -0.05000000074505806 0.051763810217380524 -0.18660254776477814
v -0.09659258276224136 0.051763810217380524 -0.16730326414108276
v -0.13660253584384918 0.051763810217380524 -0.13660253584384918
v -0.16730326414108276 0.051763810217380524 -0.09659258276224136
v -0.18660254776477814 0.051763810217380524 -0.05000000074505806
v -0.19318516552448273 0.051763810217380524 -4.731671958022576e-17
v -0.19828897714614868 0.026105238124728203 0
v -0.1915324330329895 0.026105238124728203 0.051320962607860565
v -0.17172329127788544 0.026105238124728203 0.09914448857307434
v -0.14021147787570953 0.026105238124728203 0.14021147787570953
v -0.09914448857307434 0.026105238124728203 0.17172329127788544
v -0.051320962607860565 0.026105238124728203 0.1915324330329895
v -1.2141697829465712e-17 0.026105238124728203 0.19828897714614868
v 0.051320962607860565 0.026105238124728203 0.1915324330329895
v 0.09914448857307434 0.026105238124728203 0.17172329127788544
v 0.14021147787570953 0.026105238124728203 0.14021147787570953
v 0.17172329127788544 0.026105238124728203 0.09914448857307434
v 0.1915324330329895 0.026105238124728203 0.051320962607860565
v 0.19828897714614868 0.026105238124728203 2.4283395658931424e-17
v 0.1915324330329895 0.026105238124728203 -0.051320962607860565
v 0.17172329127788544 0.026105238124728203 -0.09914448857307434
v 0.14021147787570953 0.026105238124728203 -0.14021147787570953
v 0.09914448857307434 0.026105238124728203 -0.17172329127788544
v 0.051320962607860565 0.026105238124728203 -0.1915324330329895
v 3.6425093488397136e-17 0.026105238124728203 -0.19828897714614868
v -0.051320962607860565 0.026105238124728203 -0.1915324330329895
v -0.09914448857307434 0.026105238124728203 -0.17172329127788544
v -0.14021147787570953 0.026105238124728203 -0.14021147787570953
v -0.17172329127788544 0.026105238124728203 -0.09914448857307434
v -0.1915324330329895 0.026105238124728203 -0.051320962607860565
v -0.19828897714614868 0.026105238124728203 -4.856679131786285e-17
v -0.20000000298023224 1.2246467698671066e-17 0
v -0.19318516552448273 1.2246467698671066e-17 0.051763810217380524
v -0.17320507764816284 1.2246467698671066e-17 0.10000000149011612
v -0.1414213627576828 1.2246467698671066e-17 0.1414213627576828
v -0.10000000149011612 1.2246467698671066e-17 0.17320507764816284
v -0.051763810217380524 1.2246467698671066e-17 0.19318516552448273
v -1.2246467698671066e-17 1.2246467698671066e-17 0.20000000298023224
v 0.051763810217380524 1.2246467698671066e-17 0.19318516552448273
v 0.10000000149011612 1.2246467698671066e-17 0.17320507764816284
v 0.1414213627576828 1.2246467698671066e-17 0.1414213627576828
v 0.17320507764816284 1.2246467698671066e-17 0.10000000149011612
v 0.19318516552448273 1.2246467698671066e-17 0.051763810217380524
v 0.20000000298023224 1.2246467698671066e-17 2.4492935397342132e-17
v 0.19318516552448273 1.2246467698671066e-17 -0.051763810217380524
v 0.17320507764816284 1.2246467698671066e-17 -0.10000000149011612
v 0.1414213627576828 1.2246467698671066e-17 -0.1414213627576828
v 0.10000000149011612 1.2246467698671066e-17 -0.17320507764816284
v 0.051763810217380524 1.2246467698671066e-17 -0.19318516552448273
v 3.6739405577555036e-17 1.2246467698671066e-17 -0.20000000298023224
v -0.051763810217380524 1.2246467698671066e-17 -0.19318516552448273
v -0.10000000149011612 1.2246467698671066e-17 -0.17320507764816284
v -0.1414213627576828 1.2246467698671066e-17 -0.1414213627576828
v -0.17320507764816284 1.2246467698671066e-17 -0.10000000149011612
v -0.19318516552448273 1.2246467698671066e-17 -0.051763810217380524
v -0.20000000298023224 1.2246467698671066e-17 -4.8985870794684264e-17
v -0.19828897714614868 -0.026105238124728203 0
v -0.1915324330329895 -0.026105238124728203 0.051320962607860565
v -0.17172329127788544 -0.026105238124728203 0.09914448857307434
v -0.14021147787570953 -0.026105238124728203 0.14021147787570953
v -0.09914448857307434 -0.026105238124728203 0.17172329127788544
v -0.051320962607860565 -0.026105238124728203 0.1915324330329895
v -1.2141697829465712e-17 -0.026105238124728203 0.19828897714614868
v 0.051320962607860565 -0.026105238124728203 0.1915324330329895
v 0.09914448857307434 -0.026105238124728203 0.17172329127788544
v 0.14021147787570953 -0.026105238124728203 0.14021147787570953
v 0.17172329127788544 -0.026105238124728203 0.09914448857307434
v 0.1915324330329895 -0.026105238124728203 0.051320962607860565
v 0.19828897714614868 -0.026105238124728203 2.4283395658931424e-17
v 0.1915324330329895 -0.026105238124728203 -0.051320962607860565
v 0.17172329127788544 -0.026105238124728203 -0.09914448857307434
v 0.14021147787570953 -0.026105238124728203 -0.14021147787570953
v 0.09914448857307434 -0.026105238124728203 -0.17172329127788544
v 0.051320962607860565 -0.026105238124728203 -0.1915324330329895
v 3.6425093488397136e-17 -0.026105238124728203 -0.19828897714614868
v -0.051320962607860565 -0.026105238124728203 -0.1915324330329895
v -0.09914448857307434 -0.026105238124728203 -0.17172329127788544
v -0.14021147787570953 -0.026105238124728203 -0.14021147787570953
v -0.17172329127788544 -0.026105238124728203 -0.09914448857307434
v -0.1915324330329895 -0.026105238124728203 -0.051320962607860565
v -0.19828897714614868 -0.026105238124728203 -4.856679131786285e-17
v -0.19318516552448273 -0.051763810217380524 0
v -0.18660254776477814 -0.051763810217380524 0.05000000074505806
v -0.16730326414108276 -0.051763810217380524 0.09659258276224136
v -0.13660253584384918 -0.051763810217380524 0.13660253584384918
v -0.09659258276224136 -0.051763810217380524 0.16730326414108276
v -0.05000000074505806 -0.051763810217380524 0.18660254776477814
v -1.182917989505644e-17 -0.051763810217380524 0.19318516552448273
v 0.05000000074505806 -0.051763810217380524 0.18660254776477814
v 0.09659258276224136 -0.051763810217380524 0.16730326414108276
v 0.13660253584384918 -0.051763810217380524 0.13660253584384918
v 0.16730326414108276 -0.051763810217380524 0.09659258276224136
v 0.18660254776477814 -0.051763810217380524 0.05000000074505806
v 0.19318516552448273 -0.051763810217380524 2.365835979011288e-17
v 0.18660254776477814 -0.051763810217380524 -0.05000000074505806
v 0.16730326414108276 -0.051763810217380524 -0.09659258276224136
v 0.13660253584384918 -0.051763810217380524 -0.13660253584384918
v 0.09659258276224136 -0.051763810217380524 -0.16730326414108276
v 0.05000000074505806 -0.051763810217380524 -0.18660254776477814
v 3.548754051234993e-17 -0.051763810217380524 -0.19318516552448273
v -0.05000000074505806 -0.051763810217380524 -0.18660254776477814
v -0.09659258276224136 -0.051763810217380524 -0.16730326414108276
v -0.13660253584384918 -0.051763810217380524 -0.13660253584384918
v -0.16730326414108276 -0.051763810217380524 -0.09659258276224136
v -0.18660254776477814 -0.051763810217380524 -0.05000000074505806
v -0.19318516552448273 -0.051763810217380524 -4.731671958022576e-17
v -0.18477590382099152 -0.07653668522834778 0
v -0.17847982048988342 -0.07653668522834778 0.04782352223992348
v -0.1600206345319748 -0.07653668522834778 0.09238795191049576
v -0.13065630197525024 -0.07653668522834778 0.13065630197525024
v -0.09238795191049576 -0.07653668522834778 0.1600206345319748
v -0.04782352223992348 -0.07653668522834778 0.17847982048988342
v -1.1314260790922793e-17 -0.07653668522834778 0.18477590382099152
v 0.04782352223992348 -0.07653668522834778 0.17847982048988342
v 0.09238795191049576 -0.07653668522834778 0.1600206345319748
v 0.13065630197525024 -0.07653668522834778 0.13065630197525024
v 0.1600206345319748 -0.07653668522834778 0.09238795191049576
v 0.17847982048988342 -0.07653668522834778 0.04782352223992348
v 0.18477590382099152 -0.07653668522834778 2.2628521581845586e-17
v 0.17847982048988342 -0.07653668522834778 -0.04782352223992348
v 0.1600206345319748 -0.07653668522834778 -0.09238795191049576
v 0.13065630197525024 -0.07653668522834778 -0.13065630197525024
v 0.09238795191049576 -0.07653668522834778 -0.1600206345319748
v 0.04782352223992348 -0.07653668522834778 -0.17847982048988342
v 3.3942784027129604e-17 -0.07653668522834778 -0.18477590382099152
v -0.04782352223992348 -0.07653668522834778 -0.17847982048988342
v -0.09238795191049576 -0.07653668522834778 -0.1600206345319748
v -0.13065630197525024 -0.07653668522834778 -0.13065630197525024
v -0.1600206345319748 -0.07653668522834778 -0.09238795191049576
v -0.17847982048988342 -0.07653668522834778 -0.04782352223992348
v -0.18477590382099152 -0.07653668522834778 -4.525704316369117e-17
v -0.17320507764816284 -0.10000000149011612 0
v -0.16730326414108276 -0.10000000149011612 0.04482877254486084
v -0.15000000596046448 -0.10000000149011612 0.08660253882408142
v -0.12247448414564133 -0.10000000149011612 0.12247448414564133
v -0.08660253882408142 -0.10000000149011612 0.15000000596046448
v -0.04482877254486084 -0.10000000149011612 0.16730326414108276
v -1.0605752472130298e-17 -0.10000000149011612 0.17320507764816284
v 0.04482877254486084 -0.10000000149011612 0.16730326414108276
v 0.08660253882408142 -0.10000000149011612 0.15000000596046448
v 0.12247448414564133 -0.10000000149011612 0.12247448414564133
v 0.15000000596046448 -0.10000000149011612 0.08660253882408142
v 0.16730326414108276 -0.10000000149011612 0.04482877254486084
v 0.17320507764816284 -0.10000000149011612 2.1211504944260596e-17
v 0.16730326414108276 -0.10000000149011612 -0.04482877254486084
v 0.15000000596046448 -0.10000000149011612 -0.08660253882408142
v 0.12247448414564133 -0.10000000149011612 -0.12247448414564133
v 0.08660253882408142 -0.10000000149011612 -0.15000000596046448
v 0.04482877254486084 -0.10000000149011612 -0.16730326414108276
v 3.1817257416390894e-17 -0.10000000149011612 -0.17320507764816284
v -0.04482877254486084 -0.10000000149011612 -0.16730326414108276
v -0.08660253882408142 -0.10000000149011612 -0.15000000596046448
v -0.12247448414564133 -0.10000000149011612 -0.12247448414564133
v -0.15000000596046448 -0.10000000149011612 -0.08660253882408142
v -0.16730326414108276 -0.10000000149011612 -0.04482877254486084
v -0.17320507764816284 -0.10000000149011612 -4.242300988852119e-17
v -0.15867066383361816 -0.1217522844672203 0
v -0.1532640904188156 -0.1217522844672203 0.04106698930263519
v -0.13741283118724823 -0.1217522844672203 0.07933533191680908
v -0.11219710856676102 -0.1217522844672203 0.11219710856676102
v -0.07933533191680908 -0.1217522844672203 0.13741283118724823
v -0.04106698930263519 -0.1217522844672203 0.1532640904188156
v -9.715776443375307e-18 -0.1217522844672203 0.15867066383361816
v 0.04106698930263519 -0.1217522844672203 0.1532640904188156
v 0.07933533191680908 -0.1217522844672203 0.13741283118724823
v 0.11219710856676102 -0.1217522844672203 0.11219710856676102
v 0.13741283118724823 -0.1217522844672203 0.07933533191680908
v 0.1532640904188156 -0.1217522844672203 0.04106698930263519
v 0.15867066383361816 -0.1217522844672203 1.9431552886750614e-17
v 0.1532640904188156 -0.1217522844672203 -0.04106698930263519
v 0.13741283118724823 -0.1217522844672203 -0.07933533191680908
v 0.11219710856676102 -0.1217522844672203 -0.11219710856676102
v 0.07933533191680908 -0.1217522844672203 -0.13741283118724823
v 0.04106698930263519 -0.1217522844672203 -0.1532640904188156
v 2.9147330157306534e-17 -0.1217522844672203 -0.15867066383361816
v -0.04106698930263519 -0.1217522844672203 -0.1532640904188156
v -0.07933533191680908 -0.1217522844672203 -0.13741283118724823
v -0.11219710856676102 -0.1217522844672203 -0.11219710856676102
v -0.13741283118724823 -0.1217522844672203 -0.07933533191680908
v -0.1532640904188156 -0.1217522844672203 -0.04106698930263519
v -0.15867066383361816 -0.1217522844672203 -3.886310577350123e-17
v -0.1414213627576828 -0.1414213627576828 0
v -0.13660253584384918 -0.1414213627576828 0.03660254180431366
v -0.12247448414564133 -0.1414213627576828 0.0707106813788414
v -0.10000000149011612 -0.1414213627576828 0.10000000149011612
v -0.0707106813788414 -0.1414213627576828 0.12247448414564133
v -0.03660254180431366 -0.1414213627576828 0.13660253584384918
v -8.65956027255431e-18 -0.1414213627576828 0.1414213627576828
v 0.03660254180431366 -0.1414213627576828 0.13660253584384918
v 0.0707106813788414 -0.1414213627576828 0.12247448414564133
v 0.10000000149011612 -0.1414213627576828 0.10000000149011612
v 0.12247448414564133 -0.1414213627576828 0.0707106813788414
v 0.13660253584384918 -0.1414213627576828 0.03660254180431366
v 0.1414213627576828 -0.1414213627576828 1.731912054510862e-17
v 0.13660253584384918 -0.1414213627576828 -0.03660254180431366
v 0.12247448414564133 -0.1414213627576828 -0.0707106813788414
v 0.10000000149011612 -0.1414213627576828 -0.10000000149011612
v 0.0707106813788414 -0.1414213627576828 -0.12247448414564133
v 0.03660254180431366 -0.1414213627576828 -0.13660253584384918
v 2.5978682472024153e-17 -0.1414213627576828 -0.1414213627576828
v -0.03660254180431366 -0.1414213627576828 -0.13660253584384918
v -0.0707106813788414 -0.1414213627576828 -0.12247448414564133
v -0.10000000149011612 -0.1414213627576828 -0.10000000149011612
v -0.12247448414564133 -0.1414213627576828 -0.0707106813788414
v -0.13660253584384918 -0.1414213627576828 -0.03660254180431366
v -0.1414213627576828 -0.1414213627576828 -3.463824109021724e-17
v -0.1217522844672203 -0.15867066383361816 0
v -0.11760367453098297 -0.15867066383361816 0.031511809676885605
v -0.10544057190418243 -0.15867066383361816 0.06087614223361015
v -0.08609186857938766 -0.15867066383361816 0.08609186857938766
v -0.06087614223361015 -0.15867066383361816 0.10544057190418243
v -0.031511809676885605 -0.15867066383361816 0.11760367453098297
v -7.455177028870975e-18 -0.15867066383361816 0.1217522844672203
v 0.031511809676885605 -0.15867066383361816 0.11760367453098297
v 0.06087614223361015 -0.15867066383361816 0.10544057190418243
v 0.08609186857938766 -0.15867066383361816 0.08609186857938766
v 0.10544057190418243 -0.15867066383361816 0.06087614223361015
v 0.11760367453098297 -0.15867066383361816 0.031511809676885605
v 0.1217522844672203 -0.15867066383361816 1.491035405774195e-17
v 0.11760367453098297 -0.15867066383361816 -0.031511809676885605
v 0.10544057190418243 -0.15867066383361816 -0.06087614223361015
v 0.08609186857938766 -0.15867066383361816 -0.08609186857938766
v 0.06087614223361015 -0.15867066383361816 -0.10544057190418243
v 0.031511809676885605 -0.15867066383361816 -0.11760367453098297
v 2.2365532740974152e-17 -0.15867066383361816 -0.1217522844672203
v -0.031511809676885605 -0.15867066383361816 -0.11760367453098297
v -0.06087614223361015 -0.15867066383361816 -0.10544057190418243
v -0.08609186857938766 -0.15867066383361816 -0.08609186857938766
v -0.10544057190418243 -0.15867066383361816 -0.06087614223361015
v -0.11760367453098297 -0.15867066383361816 -0.031511809676885605
v -0.1217522844672203 -0.15867066383361816 -2.98207081154839e-17
v -0.10000000149011612 -0.17320507764816284 0
v -0.09659258276224136 -0.17320507764816284 0.025881905108690262
v -0.08660253882408142 -0.17320507764816284 0.05000000074505806
v -0.0707106813788414 -0.17320507764816284 0.0707106813788414
v -0.05000000074505806 -0.17320507764816284 0.08660253882408142
v -0.025881905108690262 -0.17320507764816284 0.09659258276224136
v -6.123233849335533e-18 -0.17320507764816284 0.10000000149011612
v 0.025881905108690262 -0.17320507764816284 0.09659258276224136
v 0.05000000074505806 -0.17320507764816284 0.08660253882408142
v 0.0707106813788414 -0.17320507764816284 0.0707106813788414
v 0.08660253882408142 -0.17320507764816284 0.05000000074505806
v 0.09659258276224136 -0.17320507764816284 0.025881905108690262
v 0.10000000149011612 -0.17320507764816284 1.2246467698671066e-17
v 0.09659258276224136 -0.17320507764816284 -0.025881905108690262
v 0.08660253882408142 -0.17320507764816284 -0.05000000074505806
v 0.0707106813788414 -0.17320507764816284 -0.0707106813788414
v 0.05000000074505806 -0.17320507764816284 -0.08660253882408142
v 0.025881905108690262 -0.17320507764816284 -0.09659258276224136
v 1.8369702788777518e-17 -0.17320507764816284 -0.10000000149011612
v -0.025881905108690262 -0.17320507764816284 -0.09659258276224136
v -0.05000000074505806 -0.17320507764816284 -0.08660253882408142
v -0.0707106813788414 -0.17320507764816284 -0.0707106813788414
v -0.08660253882408142 -0.17320507764816284 -0.05000000074505806
v -0.09659258276224136 -0.17320507764816284 -0.025881905108690262
v -0.10000000149011612 -0.17320507764816284 -2.4492935397342132e-17
v -0.07653668522834778 -0.18477590382099152 0
v -0.07392875850200653 -0.18477590382099152 0.01980915293097496
v -0.0662827119231224 -0.18477590382099152 0.03826834261417389
v -0.05411960929632187 -0.18477590382099152 0.05411960929632187
v -0.03826834261417389 -0.18477590382099152 0.0662827119231224
v -0.01980915293097496 -0.18477590382099152 0.07392875850200653
v -4.68652038700443e-18 -0.18477590382099152 0.07653668522834778
v 0.01980915293097496 -0.18477590382099152 0.07392875850200653
v 0.03826834261417389 -0.18477590382099152 0.0662827119231224
v 0.05411960929632187 -0.18477590382099152 0.05411960929632187
v 0.0662827119231224 -0.18477590382099152 0.03826834261417389
v 0.07392875850200653 -0.18477590382099152 0.01980915293097496
v 0.07653668522834778 -0.18477590382099152 9.37304077400886e-18
v 0.07392875850200653 -0.18477590382099152 -0.01980915293097496
v 0.0662827119231224 -0.18477590382099152 -0.03826834261417389
v 0.05411960929632187 -0.18477590382099152 -0.05411960929632187
v 0.03826834261417389 -0.18477590382099152 -0.0662827119231224
v 0.01980915293097496 -0.18477590382099152 -0.07392875850200653
v 1.4059560747422985e-17 -0.18477590382099152 -0.07653668522834778
v -0.01980915293097496 -0.18477590382099152 -0.07392875850200653
v -0.03826834261417389 -0.18477590382099152 -0.0662827119231224
v -0.05411960929632187 -0.18477590382099152 -0.05411960929632187
v -0.0662827119231224 -0.18477590382099152 -0.03826834261417389
v -0.07392875850200653 -0.18477590382099152 -0.01980915293097496
v -0.07653668522834778 -0.18477590382099152 -1.874608154801772e-17
v -0.051763810217380524 -0.19318516552448273 0
v -0.05000000074505806 -0.19318516552448273 0.013397459872066975
v -0.04482877254486084 -0.19318516552448273 0.025881905108690262
v -0.03660254180431366 -0.19318516552448273 0.03660254180431366
v -0.025881905108690262 -0.19318516552448273 0.04482877254486084
v -0.013397459872066975 -0.19318516552448273 0.05000000074505806
v -3.1696192089118245e-18 -0.19318516552448273 0.051763810217380524
v 0.013397459872066975 -0.19318516552448273 0.05000000074505806
v 0.025881905108690262 -0.19318516552448273 0.04482877254486084
v 0.03660254180431366 -0.19318516552448273 0.03660254180431366
v 0.04482877254486084 -0.19318516552448273 0.025881905108690262
v 0.05000000074505806 -0.19318516552448273 0.013397459872066975
v 0.051763810217380524 -0.19318516552448273 6.339238417823649e-18
v 0.05000000074505806 -0.19318516552448273 -0.013397459872066975
v 0.04482877254486084 -0.19318516552448273 -0.025881905108690262
v 0.03660254180431366 -0.19318516552448273 -0.03660254180431366
v 0.025881905108690262 -0.19318516552448273 -0.04482877254486084
v 0.013397459872066975 -0.19318516552448273 -0.05000000074505806
v 9.508857213145167e-18 -0.19318516552448273 -0.051763810217380524
v -0.013397459872066975 -0.19318516552448273 -0.05000000074505806
v -0.025881905108690262 -0.19318516552448273 -0.04482877254486084
v -0.03660254180431366 -0.19318516552448273 -0.03660254180431366
v -0.04482877254486084 -0.19318516552448273 -0.025881905108690262
v -0.05000000074505806 -0.19318516552448273 -0.013397459872066975
v -0.051763810217380524 -0.19318516552448273 -1.2678476835647298e-17
v -0.026105238124728203 -0.19828897714614868 0
v -0.025215724483132362 -0.19828897714614868 0.006756532937288284
v -0.022607799619436264 -0.19828897714614868 0.013052619062364101
v -0.018459191545844078 -0.19828897714614868 0.018459191545844078
v -0.013052619062364101 -0.19828897714614868 0.022607799619436264
v -0.006756532937288284 -0.19828897714614868 0.025215724483132362
v -1.5984848645353686e-18 -0.19828897714614868 0.026105238124728203
v 0.006756532937288284 -0.19828897714614868 0.025215724483132362
v 0.013052619062364101 -0.19828897714614868 0.022607799619436264
v 0.018459191545844078 -0.19828897714614868 0.018459191545844078
v 0.022607799619436264 -0.19828897714614868 0.013052619062364101
v 0.025215724483132362 -0.19828897714614868 0.006756532937288284
v 0.026105238124728203 -0.19828897714614868 3.1969697290707372e-18
v 0.025215724483132362 -0.19828897714614868 -0.006756532937288284
v 0.022607799619436264 -0.19828897714614868 -0.013052619062364101
v 0.018459191545844078 -0.19828897714614868 -0.018459191545844078
v 0.013052619062364101 -0.19828897714614868 -0.022607799619436264
v 0.006756532937288284 -0.19828897714614868 -0.025215724483132362
v 4.7954546970036824e-18 -0.19828897714614868 -0.026105238124728203
v -0.006756532937288284 -0.19828897714614868 -0.025215724483132362
v -0.013052619062364101 -0.19828897714614868 -0.022607799619436264
v -0.018459191545844078 -0.19828897714614868 -0.018459191545844078
v -0.022607799619436264 -0.19828897714614868 -0.013052619062364101
v -0.025215724483132362 -0.19828897714614868 -0.006756532937288284
v -0.026105238124728203 -0.19828897714614868 -6.3939394581414745e-18
v 0 -0.20000000298023224 0
v 0 -0.20000000298023224 0
v 0 -0.20000000298023224 0
v 0 -0.20000000298023224 0
v 0 -0.20000000298023224 0
v 0 -0.20000000298023224 0
v 0 -0.20000000298023224 0
v 0 -0.20000000298023224 0
v 0 -0.20000000298023224 0
v 0 -0.20000000298023224 0
v 0 -0.20000000298023224 0
v 0 -0.20000000298023224 0
v 0 -0.20000000298023224 0
v 0 -0.20000000298023224 0
v 0 -0.20000000298023224 0
v 0 -0.20000000298023224 0
v 0 -0.20000000298023224 0
v 0 -0.20000000298023224 0
v 0 -0.20000000298023224 0
v 0 -0.20000000298023224 0
v 0 -0.20000000298023224 0
v 0 -0.20000000298023224 0
v 0 -0.20000000298023224 0
v 0 -0.20000000298023224 0
v 0 -0.20000000298023224 0
vt 0.02083333395421505 1
vt 0.0625 1
vt 0.1041666641831398 1
vt 0.1458333283662796 1
vt 0.1875 1
vt 0.2291666716337204 1
vt 0.2708333432674408 1
vt 0.3125 1
vt 0.3541666567325592 1
vt 0.3958333432674408 1
vt 0.4375 1
vt 0.4791666567325592 1
vt 0.5208333134651184 1
vt 0.5625 1
vt 0.6041666865348816 1
vt 0.6458333134651184 1
vt 0.6875 1
vt 0.7291666865348816 1
vt 0.7708333134651184 1
vt 0.8125 1
vt 0.8541666865348816 1
vt 0.8958333134651184 1
vt 0.9375 1
vt 0.9791666865348816 1
vt 1.0208333730697632 1
vt 0 0.9583333134651184
vt 0.0416666679084301 0.9583333134651184
vt 0.0833333358168602 0.9583333134651184
vt 0.125 0.9583333134651184
vt 0.1666666716337204 0.9583333134651184
vt 0.2083333283662796 0.9583333134651184
vt 0.25 0.9583333134651184
vt 0.2916666567325592 0.9583333134651184
vt 0.3333333432674408 0.9583333134651184
vt 0.375 0.9583333134651184
vt 0.4166666567325592 0.9583333134651184
vt 0.4583333432674408 0.9583333134651184
vt 0.5 0.9583333134651184
vt 0.5416666865348816 0.9583333134651184
vt 0.5833333134651184 0.9583333134651184
vt 0.625 0.9583333134651184
vt 0.6666666865348816 0.9583333134651184
vt 0.7083333134651184 0.9583333134651184
vt 0.75 0.9583333134651184
vt 0.7916666865348816 0.9583333134651184
vt 0.8333333134651184 0.9583333134651184
vt 0.875 0.9583333134651184
vt 0.9166666865348816 0.9583333134651184
vt 0.9583333134651184 0.9583333134651184
vt 1 0.9583333134651184
vt 0 0.9166666865348816
vt 0.0416666679084301 0.9166666865348816
vt 0.0833333358168602 0.9166666865348816
vt 0.125 0.9166666865348816
vt 0.1666666716337204 0.9166666865348816
vt 0.2083333283662796 0.9166666865348816
vt 0.25 0.9166666865348816
vt 0.2916666567325592 0.9166666865348816
vt 0.3333333432674408 0.9166666865348816
vt 0.375 0.9166666865348816
vt 0.4166666567325592 0.9166666865348816
vt 0.4583333432674408 0.9166666865348816
vt 0.5 0.9166666865348816
vt 0.5416666865348816 0.9166666865348816
vt 0.5833333134651184 0.9166666865348816
vt 0.625 0.9166666865348816
vt 0.6666666865348816 0.9166666865348816
vt 0.7083333134651184 0.9166666865348816
vt 0.75 0.9166666865348816
vt 0.7916666865348816 0.9166666865348816
vt 0.8333333134651184 0.9166666865348816
vt 0.875 0.9166666865348816
vt 0.9166666865348816 0.9166666865348816
vt 0.9583333134651184 0.9166666865348816
vt 1 0.9166666865348816
vt 0 0.875
vt 0.0416666679084301 0.875
vt 0.0833333358168602 0.875
vt 0.125 0.875
vt 0.1666666716337204 0.875
vt 0.2083333283662796 0.875
vt 0.25 0.875
vt 0.2916666567325592 0.875
vt 0.3333333432674408 0.875
vt 0.375 0.875
vt 0.4166666567325592 0.875
vt 0.4583333432674408 0.875
vt 0.5 0.875
vt 0.5416666865348816 0.875
vt 0.5833333134651184 0.875
vt 0.625 0.875
vt 0.6666666865348816 0.875
vt 0.7083333134651184 0.875
vt 0.75 0.875
vt 0.7916666865348816 0.875
vt 0.8333333134651184 0.875
vt 0.875 0.875
vt 0.9166666865348816 0.875
vt 0.9583333134651184 0.875
vt 1 0.875
vt 0 0.8333333134651184
vt 0.0416666679084301 0.8333333134651184
vt 0.0833333358168602 0.8333333134651184
vt 0.125 0.8333333134651184
vt 0.1666666716337204 0.8333333134651184
vt 0.2083333283662796 0.8333333134651184
vt 0.25 0.8333333134651184
vt 0.2916666567325592 0.8333333134651184
vt 0.3333333432674408 0.8333333134651184
vt 0.375 0.8333333134651184
vt 0.4166666567325592 0.8333333134651184
vt 0.4583333432674408 0.8333333134651184
vt 0.5 0.8333333134651184
vt 0.5416666865348816 0.8333333134651184
vt 0.5833333134651184 0.8333333134651184
vt 0.625 0.8333333134651184
vt 0.6666666865348816 0.8333333134651184
vt 0.7083333134651184 0.8333333134651184
vt 0.75 0.8333333134651184
vt 0.7916666865348816 0.8333333134651184
vt 0.8333333134651184 0.8333333134651184
vt 0.875 0.8333333134651184
vt 0.9166666865348816 0.8333333134651184
vt 0.9583333134651184 0.8333333134651184
vt 1 0.8333333134651184
vt 0 0.7916666865348816
vt 0.0416666679084301 0.7916666865348816
vt 0.0833333358168602 0.7916666865348816
vt 0.125 0.7916666865348816
vt 0.1666666716337204 0.7916666865348816
vt 0.2083333283662796 0.7916666865348816
vt 0.25 0.7916666865348816
vt 0.2916666567325592 0.7916666865348816
vt 0.3333333432674408 0.7916666865348816
vt 0.375 0.7916666865348816
vt 0.4166666567325592 0.7916666865348816
vt 0.4583333432674408 0.7916666865348816
vt 0.5 0.7916666865348816
vt 0.5416666865348816 0.7916666865348816
vt 0.5833333134651184 0.7916666865348816
vt 0.625 0.7916666865348816
vt 0.6666666865348816 0.7916666865348816
vt 0.7083333134651184 0.7916666865348816
vt 0.75 0.7916666865348816
vt 0.7916666865348816 0.7916666865348816
vt 0.8333333134651184 0.7916666865348816
vt 0.875 0.7916666865348816
vt 0.9166666865348816 0.7916666865348816
vt 0.9583333134651184 0.7916666865348816
vt 1 0.7916666865348816
vt 0 0.75
vt 0.0416666679084301 0.75
vt 0.0833333358168602 0.75
vt 0.125 0.75
vt 0.1666666716337204 0.75
vt 0.2083333283662796 0.75
vt 0.25 0.75
vt 0.2916666567325592 0.75
vt 0.3333333432674408 0.75
vt 0.375 0.75
vt 0.4166666567325592 0.75
vt 0.4583333432674408 0.75
vt 0.5 0.75
vt 0.5416666865348816 0.75
vt 0.5833333134651184 0.75
vt 0.625 0.75
vt 0.6666666865348816 0.75
vt 0.7083333134651184 0.75
vt 0.75 0.75
vt 0.7916666865348816 0.75
vt 0.8333333134651184 0.75
vt 0.875 0.75
vt 0.9166666865348816 0.75
vt 0.9583333134651184 0.75
vt 1 0.75
vt 0 0.7083333134651184
vt 0.0416666679084301 0.7083333134651184
vt 0.0833333358168602 0.7083333134651184
vt 0.125 0.7083333134651184
vt 0.1666666716337204 0.7083333134651184
vt 0.2083333283662796 0.7083333134651184
vt 0.25 0.7083333134651184
vt 0.2916666567325592 0.7083333134651184
vt 0.3333333432674408 0.7083333134651184
vt 0.375 0.7083333134651184
vt 0.4166666567325592 0.7083333134651184
vt 0.4583333432674408 0.7083333134651184
vt 0.5 0.7083333134651184
vt 0.5416666865348816 0.7083333134651184
vt 0.5833333134651184 0.7083333134651184
vt 0.625 0.7083333134651184
vt 0.6666666865348816 0.7083333134651184
vt 0.7083333134651184 0.7083333134651184
vt 0.75 0.7083333134651184
vt 0.7916666865348816 0.7083333134651184
vt 0.8333333134651184 0.7083333134651184
vt 0.875 0.7083333134651184
vt 0.9166666865348816 0.7083333134651184
vt 0.9583333134651184 0.7083333134651184
vt 1 0.7083333134651184
vt 0 0.6666666865348816
vt 0.0416666679084301 0.6666666865348816
vt 0.0833333358168602 0.6666666865348816
vt 0.125 0.6666666865348816
vt 0.1666666716337204 0.6666666865348816
vt 0.2083333283662796 0.6666666865348816
vt 0.25 0.6666666865348816
vt 0.2916666567325592 0.6666666865348816
vt 0.3333333432674408 0.6666666865348816
vt 0.375 0.6666666865348816
vt 0.4166666567325592 0.6666666865348816
vt 0.4583333432674408 0.6666666865348816
vt 0.5 0.6666666865348816
vt 0.5416666865348816 0.6666666865348816
vt 0.5833333134651184 0.6666666865348816
vt 0.625 0.6666666865348816
vt 0.6666666865348816 0.6666666865348816
vt 0.7083333134651184 0.6666666865348816
vt 0.75 0.6666666865348816
vt 0.7916666865348816 0.6666666865348816
vt 0.8333333134651184 0.6666666865348816
vt 0.875 0.6666666865348816
vt 0.9166666865348816 0.6666666865348816
vt 0.9583333134651184 0.6666666865348816
vt 1 0.6666666865348816
vt 0 0.625
vt 0.0416666679084301 0.625
vt 0.0833333358168602 0.625
vt 0.125 0.625
vt 0.1666666716337204 0.625
vt 0.2083333283662796 0.625
vt 0.25 0.625
vt 0.2916666567325592 0.625
vt 0.3333333432674408 0.625
vt 0.375 0.625
vt 0.4166666567325592 0.625
vt 0.4583333432674408 0.625
vt 0.5 0.625
vt 0.5416666865348816 0.625
vt 0.5833333134651184 0.625
vt 0.625 0.625
vt 0.6666666865348816 0.625
vt 0.7083333134651184 0.625
vt 0.75 0.625
vt 0.7916666865348816 0.625
vt 0.8333333134651184 0.625
vt 0.875 0.625
vt 0.9166666865348816 0.625
vt 0.9583333134651184 0.625
vt 1 0.625
vt 0 0.5833333134651184
vt 0.0416666679084301 0.5833333134651184
vt 0.0833333358168602 0.5833333134651184
vt 0.125 0.5833333134651184
vt 0.1666666716337204 0.5833333134651184
vt 0.2083333283662796 0.5833333134651184
vt 0.25 0.5833333134651184
vt 0.2916666567325592 0.5833333134651184
vt 0.3333333432674408 0.5833333134651184
vt 0.375 0.5833333134651184
vt 0.4166666567325592 0.5833333134651184
vt 0.4583333432674408 0.5833333134651184
vt 0.5 0.5833333134651184
vt 0.5416666865348816 0.5833333134651184
vt 0.5833333134651184 0.5833333134651184
vt 0.625 0.5833333134651184
vt 0.6666666865348816 0.5833333134651184
vt 0.7083333134651184 0.5833333134651184
vt 0.75 0.5833333134651184
vt 0.7916666865348816 0.5833333134651184
vt 0.8333333134651184 0.5833333134651184
vt 0.875 0.5833333134651184
vt 0.9166666865348816 0.5833333134651184
vt 0.9583333134651184 0.5833333134651184
vt 1 0.5833333134651184
vt 0 0.5416666865348816
vt 0.0416666679084301 0.5416666865348816
vt 0.0833333358168602 0.5416666865348816
vt 0.125 0.5416666865348816
vt 0.1666666716337204 0.5416666865348816
vt 0.2083333283662796 0.5416666865348816
vt 0.25 0.5416666865348816
vt 0.2916666567325592 0.5416666865348816
vt 0.3333333432674408 0.5416666865348816
vt 0.375 0.5416666865348816
vt 0.4166666567325592 0.5416666865348816
vt 0.4583333432674408 0.5416666865348816
vt 0.5 0.5416666865348816
vt 0.5416666865348816 0.5416666865348816
vt 0.5833333134651184 0.5416666865348816
vt 0.625 0.5416666865348816
vt 0.6666666865348816 0.5416666865348816
vt 0.7083333134651184 0.5416666865348816
vt 0.75 0.5416666865348816
vt 0.7916666865348816 0.5416666865348816
vt 0.8333333134651184 0.5416666865348816
vt 0.875 0.5416666865348816
vt 0.9166666865348816 0.5416666865348816
vt 0.9583333134651184 0.5416666865348816
vt 1 0.5416666865348816
vt 0 0.5
vt 0.0416666679084301 0.5
vt 0.0833333358168602 0.5
vt 0.125 0.5
vt 0.1666666716337204 0.5
vt 0.2083333283662796 0.5
vt 0.25 0.5
vt 0.2916666567325592 0.5
vt 0.3333333432674408 0.5
vt 0.375 0.5
vt 0.4166666567325592 0.5
vt 0.4583333432674408 0.5
vt 0.5 0.5
vt 0.5416666865348816 0.5
vt 0.5833333134651184 0.5
vt 0.625 0.5
vt 0.6666666865348816 0.5
vt 0.7083333134651184 0.5
vt 0.75 0.5
vt 0.7916666865348816 0.5
vt 0.8333333134651184 0.5
vt 0.875 0.5
vt 0.9166666865348816 0.5
vt 0.9583333134651184 0.5
vt 1 0.5
vt 0 0.4583333432674408
vt 0.0416666679084301 0.4583333432674408
vt 0.0833333358168602 0.4583333432674408
vt 0.125 0.4583333432674408
vt 0.1666666716337204 0.4583333432674408
vt 0.2083333283662796 0.4583333432674408
vt 0.25 0.4583333432674408
vt 0.2916666567325592 0.4583333432674408
vt 0.3333333432674408 0.4583333432674408
vt 0.375 0.4583333432674408
vt 0.4166666567325592 0.4583333432674408
vt 0.4583333432674408 0.4583333432674408
vt 0.5 0.4583333432674408
vt 0.5416666865348816 0.4583333432674408
vt 0.5833333134651184 0.4583333432674408
vt 0.625 0.4583333432674408
vt 0.6666666865348816 0.4583333432674408
vt 0.7083333134651184 0.4583333432674408
vt 0.75 0.4583333432674408
vt 0.7916666865348816 0.4583333432674408
vt 0.8333333134651184 0.4583333432674408
vt 0.875 0.4583333432674408
vt 0.9166666865348816 0.4583333432674408
vt 0.9583333134651184 0.4583333432674408
vt 1 0.4583333432674408
vt 0 0.4166666567325592
vt 0.0416666679084301 0.4166666567325592
vt 0.0833333358168602 0.4166666567325592
vt 0.125 0.4166666567325592
vt 0.1666666716337204 0.4166666567325592
vt 0.2083333283662796 0.4166666567325592
vt 0.25 0.4166666567325592
vt 0.2916666567325592 0.4166666567325592
vt 0.3333333432674408 0.4166666567325592
vt 0.375 0.4166666567325592
vt 0.4166666567325592 0.4166666567325592
vt 0.4583333432674408 0.4166666567325592
vt 0.5 0.4166666567325592
vt 0.5416666865348816 0.4166666567325592
vt 0.5833333134651184 0.4166666567325592
vt 0.625 0.4166666567325592
vt 0.6666666865348816 0.4166666567325592
vt 0.7083333134651184 0.4166666567325592
vt 0.75 0.4166666567325592
vt 0.7916666865348816 0.4166666567325592
vt 0.8333333134651184 0.4166666567325592
vt 0.875 0.4166666567325592
vt 0.9166666865348816 0.4166666567325592
vt 0.9583333134651184 0.4166666567325592
vt 1 0.4166666567325592
vt 0 0.375
vt 0.0416666679084301 0.375
vt 0.0833333358168602 0.375
vt 0.125 0.375
vt 0.1666666716337204 0.375
vt 0.2083333283662796 0.375
vt 0.25 0.375
vt 0.2916666567325592 0.375
vt 0.3333333432674408 0.375
vt 0.375 0.375
vt 0.4166666567325592 0.375
vt 0.4583333432674408 0.375
vt 0.5 0.375
vt 0.5416666865348816 0.375
vt 0.5833333134651184 0.375
vt 0.625 0.375
vt 0.6666666865348816 0.375
vt 0.7083333134651184 0.375
vt 0.75 0.375
vt 0.7916666865348816 0.375
vt 0.8333333134651184 0.375
vt 0.875 0.375
vt 0.9166666865348816 0.375
vt 0.9583333134651184 0.375
vt 1 0.375
vt 0 0.3333333432674408
vt 0.0416666679084301 0.3333333432674408
vt 0.0833333358168602 0.3333333432674408
vt 0.125 0.3333333432674408
vt 0.1666666716337204 0.3333333432674408
vt 0.2083333283662796 0.3333333432674408
vt 0.25 0.3333333432674408
vt 0.2916666567325592 0.3333333432674408
vt 0.3333333432674408 0.3333333432674408
vt 0.375 0.3333333432674408
vt 0.4166666567325592 0.3333333432674408
vt 0.4583333432674408 0.3333333432674408
vt 0.5 0.3333333432674408
vt 0.5416666865348816 0.3333333432674408
vt 0.5833333134651184 0.3333333432674408
vt 0.625 0.3333333432674408
vt 0.6666666865348816 0.3333333432674408
vt 0.7083333134651184 0.3333333432674408
vt 0.75 0.3333333432674408
vt 0.7916666865348816 0.3333333432674408
vt 0.8333333134651184 0.3333333432674408
vt 0.875 0.3333333432674408
vt 0.9166666865348816 0.3333333432674408
vt 0.9583333134651184 0.3333333432674408
vt 1 0.3333333432674408
vt 0 0.2916666567325592
vt 0.0416666679084301 0.2916666567325592
vt 0.0833333358168602 0.2916666567325592
vt 0.125 0.2916666567325592
vt 0.1666666716337204 0.2916666567325592
vt 0.2083333283662796 0.2916666567325592
vt 0.25 0.2916666567325592
vt 0.2916666567325592 0.2916666567325592
vt 0.3333333432674408 0.2916666567325592
vt 0.375 0.2916666567325592
vt 0.4166666567325592 0.2916666567325592
vt 0.4583333432674408 0.2916666567325592
vt 0.5 0.2916666567325592
vt 0.5416666865348816 0.2916666567325592
vt 0.5833333134651184 0.2916666567325592
vt 0.625 0.2916666567325592
vt 0.6666666865348816 0.2916666567325592
vt 0.7083333134651184 0.2916666567325592
vt 0.75 0.2916666567325592
vt 0.7916666865348816 0.2916666567325592
vt 0.8333333134651184 0.2916666567325592
vt 0.875 0.2916666567325592
vt 0.9166666865348816 0.2916666567325592
vt 0.9583333134651184 0.2916666567325592
vt 1 0.2916666567325592
vt 0 0.25
vt 0.0416666679084301 0.25
vt 0.0833333358168602 0.25
vt 0.125 0.25
vt 0.1666666716337204 0.25
vt 0.2083333283662796 0.25
vt 0.25 0.25
vt 0.2916666567325592 0.25
vt 0.3333333432674408 0.25
vt 0.375 0.25
vt 0.4166666567325592 0.25
vt 0.4583333432674408 0.25
vt 0.5 0.25
vt 0.5416666865348816 0.25
vt 0.5833333134651184 0.25
vt 0.625 0.25
vt 0.6666666865348816 0.25
vt 0.7083333134651184 0.25
vt 0.75 0.25
vt 0.7916666865348816 0.25
vt 0.8333333134651184 0.25
vt 0.875 0.25
vt 0.9166666865348816 0.25
vt 0.9583333134651184 0.25
vt 1 0.25
vt 0 0.2083333283662796
vt 0.0416666679084301 0.2083333283662796
vt 0.0833333358168602 0.2083333283662796
vt 0.125 0.2083333283662796
vt 0.1666666716337204 0.2083333283662796
vt 0.2083333283662796 0.2083333283662796
vt 0.25 0.2083333283662796
vt 0.2916666567325592 0.2083333283662796
vt 0.3333333432674408 0.2083333283662796
vt 0.375 0.2083333283662796
vt 0.4166666567325592 0.2083333283662796
vt 0.4583333432674408 0.2083333283662796
vt 0.5 0.2083333283662796
vt 0.5416666865348816 0.2083333283662796
vt 0.5833333134651184 0.2083333283662796
vt 0.625 0.2083333283662796
vt 0.6666666865348816 0.2083333283662796
vt 0.7083333134651184 0.2083333283662796
vt 0.75 0.2083333283662796
vt 0.7916666865348816 0.2083333283662796
vt 0.8333333134651184 0.2083333283662796
vt 0.875 0.2083333283662796
vt 0.9166666865348816 0.2083333283662796
vt 0.9583333134651184 0.2083333283662796
vt 1 0.2083333283662796
vt 0 0.1666666716337204
vt 0.0416666679084301 0.1666666716337204
vt 0.0833333358168602 0.1666666716337204
vt 0.125 0.1666666716337204
vt 0.1666666716337204 0.1666666716337204
vt 0.2083333283662796 0.1666666716337204
vt 0.25 0.1666666716337204
vt 0.2916666567325592 0.1666666716337204
vt 0.3333333432674408 0.1666666716337204
vt 0.375 0.1666666716337204
vt 0.4166666567325592 0.1666666716337204
vt 0.4583333432674408 0.1666666716337204
vt 0.5 0.1666666716337204
vt 0.5416666865348816 0.1666666716337204
vt 0.5833333134651184 0.1666666716337204
vt 0.625 0.1666666716337204
vt 0.6666666865348816 0.1666666716337204
vt 0.7083333134651184 0.1666666716337204
vt 0.75 0.1666666716337204
vt 0.7916666865348816 0.1666666716337204
vt 0.8333333134651184 0.1666666716337204
vt 0.875 0.1666666716337204
vt 0.9166666865348816 0.1666666716337204
vt 0.9583333134651184 0.1666666716337204
vt 1 0.1666666716337204
vt 0 0.125
vt 0.0416666679084301 0.125
vt 0.0833333358168602 0.125
vt 0.125 0.125
vt 0.1666666716337204 0.125
vt 0.2083333283662796 0.125
vt 0.25 0.125
vt 0.2916666567325592 0.125
vt 0.3333333432674408 0.125
vt 0.375 0.125
vt 0.4166666567325592 0.125
vt 0.4583333432674408 0.125
vt 0.5 0.125
vt 0.5416666865348816 0.125
vt 0.5833333134651184 0.125
vt 0.625 0.125
vt 0.6666666865348816 0.125
vt 0.7083333134651184 0.125
vt 0.75 0.125
vt 0.7916666865348816 0.125
vt 0.8333333134651184 0.125
vt 0.875 0.125
vt 0.9166666865348816 0.125
vt 0.9583333134651184 0.125
vt 1 0.125
vt 0 0.0833333358168602
vt 0.0416666679084301 0.0833333358168602
vt 0.0833333358168602 0.0833333358168602
vt 0.125 0.0833333358168602
vt 0.1666666716337204 0.0833333358168602
vt 0.2083333283662796 0.0833333358168602
vt 0.25 0.0833333358168602
vt 0.2916666567325592 0.0833333358168602
vt 0.3333333432674408 0.0833333358168602
vt 0.375 0.0833333358168602
vt 0.4166666567325592 0.0833333358168602
vt 0.4583333432674408 0.0833333358168602
vt 0.5 0.0833333358168602
vt 0.5416666865348816 0.0833333358168602
vt 0.5833333134651184 0.0833333358168602
vt 0.625 0.0833333358168602
vt 0.6666666865348816 0.0833333358168602
vt 0.7083333134651184 0.0833333358168602
vt 0.75 0.0833333358168602
vt 0.7916666865348816 0.0833333358168602
vt 0.8333333134651184 0.0833333358168602
vt 0.875 0.0833333358168602
vt 0.9166666865348816 0.0833333358168602
vt 0.9583333134651184 0.0833333358168602
vt 1 0.0833333358168602
vt 0 0.0416666679084301
vt 0.0416666679084301 0.0416666679084301
vt 0.0833333358168602 0.0416666679084301
vt 0.125 0.0416666679084301
vt 0.1666666716337204 0.0416666679084301
vt 0.2083333283662796 0.0416666679084301
vt 0.25 0.0416666679084301
vt 0.2916666567325592 0.0416666679084301
vt 0.3333333432674408 0.0416666679084301
vt 0.375 0.0416666679084301
vt 0.4166666567325592 0.0416666679084301
vt 0.4583333432674408 0.0416666679084301
vt 0.5 0.0416666679084301
vt 0.5416666865348816 0.0416666679084301
vt 0.5833333134651184 0.0416666679084301
vt 0.625 0.0416666679084301
vt 0.6666666865348816 0.0416666679084301
vt 0.7083333134651184 0.0416666679084301
vt 0.75 0.0416666679084301
vt 0.7916666865348816 0.0416666679084301
vt 0.8333333134651184 0.0416666679084301
vt 0.875 0.0416666679084301
vt 0.9166666865348816 0.0416666679084301
vt 0.9583333134651184 0.0416666679084301
vt 1 0.0416666679084301
vt -0.02083333395421505 0
vt 0.02083333395421505 0
vt 0.0625 0
vt 0.1041666641831398 0
vt 0.1458333283662796 0
vt 0.1875 0
vt 0.2291666716337204 0
vt 0.2708333432674408 0
vt 0.3125 0
vt 0.3541666567325592 0
vt 0.3958333432674408 0
vt 0.4375 0
vt 0.4791666567325592 0
vt 0.5208333134651184 0
vt 0.5625 0
vt 0.6041666865348816 0
vt 0.6458333134651184 0
vt 0.6875 0
vt 0.7291666865348816 0
vt 0.7708333134651184 0
vt 0.8125 0
vt 0.8541666865348816 0
vt 0.8958333134651184 0
vt 0.9375 0
vt 0.9791666865348816 0
vn 0 1 0
vn 0 1 0
vn 0 1 0
vn 0 1 0
vn 0 1 0
vn 0 1 0
vn 0 1 0
vn 0 1 0
vn 0 1 0
vn 0 1 0
vn 0 1 0
vn 0 1 0
vn 0 1 0
vn 0 1 0
vn 0 1 0
vn 0 1 0
vn 0 1 0
vn 0 1 0
vn 0 1 0
vn 0 1 0
vn 0 1 0
vn 0 1 0
vn 0 1 0
vn 0 1 0
vn 0 1 0
vn -0.13052618200608704 0.9914448627185043 0
vn -0.12607861749967533 0.9914448617201725 0.033782663868301074
vn -0.11303899907451272 0.991444861628887 0.06526309093131812
vn -0.09229594997210035 0.991444862429321 0.09229594997210035
vn -0.06526309093131812 0.991444861628887 0.11303899907451272
vn -0.033782663868301074 0.9914448617201725 0.12607861749967533
vn -7.992424033768624e-18 0.9914448627185043 0.13052618200608704
vn 0.033782663868301074 0.9914448617201725 0.12607861749967533
vn 0.06526309093131812 0.991444861628887 0.11303899907451272
vn 0.09229594997210035 0.991444862429321 0.09229594997210035
vn 0.11303899907451272 0.991444861628887 0.06526309093131812
vn 0.12607861749967533 0.9914448617201725 0.033782663868301074
vn 0.13052618200608704 0.9914448627185043 1.5984848067537247e-17
vn 0.12607861749967533 0.9914448617201725 -0.033782663868301074
vn 0.11303899907451272 0.991444861628887 -0.06526309093131812
vn 0.09229594997210035 0.991444862429321 -0.09229594997210035
vn 0.06526309093131812 0.991444861628887 -0.11303899907451272
vn 0.033782663868301074 0.9914448617201725 -0.12607861749967533
vn 2.3977272101305873e-17 0.9914448627185043 -0.13052618200608704
vn -0.033782663868301074 0.9914448617201725 -0.12607861749967533
vn -0.06526309093131812 0.991444861628887 -0.11303899907451272
vn -0.09229594997210035 0.991444862429321 -0.09229594997210035
vn -0.11303899907451272 0.991444861628887 -0.06526309093131812
vn -0.12607861749967533 0.9914448617201725 -0.033782663868301074
vn -0.13052618200608704 0.9914448627185043 -3.1969696135074495e-17
vn -0.2588190471264927 0.9659258257467466 0
vn -0.25000000327099636 0.9659258253594117 0.06698729930547313
vn -0.2241438659502512 0.9659258266231521 0.1294095236806624
vn -0.18301271094246616 0.9659258228595912 0.18301271094246616
vn -0.1294095236806624 0.9659258266231521 0.2241438659502512
vn -0.06698729930547313 0.9659258253594117 0.25000000327099636
vn -1.5848095844680132e-17 0.9659258257467466 0.2588190471264927
vn 0.06698729930547313 0.9659258253594117 0.25000000327099636
vn 0.1294095236806624 0.9659258266231521 0.2241438659502512
vn 0.18301271094246616 0.9659258228595912 0.18301271094246616
vn 0.2241438659502512 0.9659258266231521 0.1294095236806624
vn 0.25000000327099636 0.9659258253594117 0.06698729930547313
vn 0.2588190471264927 0.9659258257467466 3.1696191689360264e-17
vn 0.25000000327099636 0.9659258253594117 -0.06698729930547313
vn 0.2241438659502512 0.9659258266231521 -0.1294095236806624
vn 0.18301271094246616 0.9659258228595912 -0.18301271094246616
vn 0.1294095236806624 0.9659258266231521 -0.2241438659502512
vn 0.06698729930547313 0.9659258253594117 -0.25000000327099636
vn 4.75442875340404e-17 0.9659258257467466 -0.2588190471264927
vn -0.06698729930547313 0.9659258253594117 -0.25000000327099636
vn -0.1294095236806624 0.9659258266231521 -0.2241438659502512
vn -0.18301271094246616 0.9659258228595912 -0.18301271094246616
vn -0.2241438659502512 0.9659258266231521 -0.1294095236806624
vn -0.25000000327099636 0.9659258253594117 -0.06698729930547313
vn -0.2588190471264927 0.9659258257467466 -6.339238337872053e-17
vn -0.3826834370613369 0.9238795305660377 0
vn -0.3696438175018387 0.9238795294241295 0.09904576363336468
vn -0.3314135766963612 0.9238795310497564 0.1913417186308499
vn -0.2705980604439119 0.9238795264362049 0.2705980604439119
vn -0.1913417186308499 0.9238795310497564 0.3314135766963612
vn -0.09904576363336468 0.9238795294241295 0.3696438175018387
vn -2.3432603017245014e-17 0.9238795305660377 0.3826834370613369
vn 0.09904576363336468 0.9238795294241295 0.3696438175018387
vn 0.1913417186308499 0.9238795310497564 0.3314135766963612
vn 0.2705980604439119 0.9238795264362049 0.2705980604439119
vn 0.3314135766963612 0.9238795310497564 0.1913417186308499
vn 0.3696438175018387 0.9238795294241295 0.09904576363336468
vn 0.3826834370613369 0.9238795305660377 4.686520603449003e-17
vn 0.3696438175018387 0.9238795294241295 -0.09904576363336468
vn 0.3314135766963612 0.9238795310497564 -0.1913417186308499
vn 0.2705980604439119 0.9238795264362049 -0.2705980604439119
vn 0.1913417186308499 0.9238795310497564 -0.3314135766963612
vn 0.09904576363336468 0.9238795294241295 -0.3696438175018387
vn 7.029780739737377e-17 0.9238795305660377 -0.3826834370613369
vn -0.09904576363336468 0.9238795294241295 -0.3696438175018387
vn -0.1913417186308499 0.9238795310497564 -0.3314135766963612
vn -0.2705980604439119 0.9238795264362049 -0.2705980604439119
vn -0.3314135766963612 0.9238795310497564 -0.1913417186308499
vn -0.3696438175018387 0.9238795294241295 -0.09904576363336468
vn -0.3826834370613369 0.9238795305660377 -9.373041206898005e-17
vn -0.5000000067305869 0.8660253998985324 0
vn -0.4829629144900607 0.8660254028181172 0.12940952399643643
vn -0.43301270140648107 0.8660254028129621 0.25000000420661683
vn -0.3535533908144109 0.8660254036038809 0.3535533908144109
vn -0.25000000420661683 0.8660254028129621 0.43301270140648107
vn -0.12940952399643643 0.8660254028181172 0.4829629144900607
vn -3.06161717267588e-17 0.8660253998985324 0.5000000067305869
vn 0.12940952399643643 0.8660254028181172 0.4829629144900607
vn 0.25000000420661683 0.8660254028129621 0.43301270140648107
vn 0.3535533908144109 0.8660254036038809 0.3535533908144109
vn 0.43301270140648107 0.8660254028129621 0.25000000420661683
vn 0.4829629144900607 0.8660254028181172 0.12940952399643643
vn 0.5000000067305869 0.8660253998985324 6.12323434535176e-17
vn 0.4829629144900607 0.8660254028181172 -0.12940952399643643
vn 0.43301270140648107 0.8660254028129621 -0.25000000420661683
vn 0.3535533908144109 0.8660254036038809 -0.3535533908144109
vn 0.25000000420661683 0.8660254028129621 -0.43301270140648107
vn 0.12940952399643643 0.8660254028181172 -0.4829629144900607
vn 9.18485085628314e-17 0.8660253998985324 -0.5000000067305869
vn -0.12940952399643643 0.8660254028181172 -0.4829629144900607
vn -0.25000000420661683 0.8660254028129621 -0.43301270140648107
vn -0.3535533908144109 0.8660254036038809 -0.3535533908144109
vn -0.43301270140648107 0.8660254028129621 -0.25000000420661683
vn -0.4829629144900607 0.8660254028181172 -0.12940952399643643
vn -0.5000000067305869 0.8660253998985324 -1.224646869070352e-16
vn -0.6087614397000725 0.7933533320874723 0
vn -0.5880183774546743 0.7933533457485379 0.15755905738856438
vn -0.5272028583246096 0.7933533397916424 0.3043807228058451
vn -0.43045933295889255 0.7933533420470168 0.43045933295889255
vn -0.3043807228058451 0.7933533397916424 0.5272028583246096
vn -0.15755905738856438 0.7933533457485379 0.5880183774546743
vn -3.727588575137494e-17 0.7933533320874723 0.6087614397000725
vn 0.15755905738856438 0.7933533457485379 0.5880183774546743
vn 0.3043807228058451 0.7933533397916424 0.5272028583246096
vn 0.43045933295889255 0.7933533420470168 0.43045933295889255
vn 0.5272028583246096 0.7933533397916424 0.3043807228058451
vn 0.5880183774546743 0.7933533457485379 0.15755905738856438
vn 0.6087614397000725 0.7933533320874723 7.455177150274988e-17
vn 0.5880183774546743 0.7933533457485379 -0.15755905738856438
vn 0.5272028583246096 0.7933533397916424 -0.3043807228058451
vn 0.43045933295889255 0.7933533420470168 -0.43045933295889255
vn 0.3043807228058451 0.7933533397916424 -0.5272028583246096
vn 0.15755905738856438 0.7933533457485379 -0.5880183774546743
vn 1.1182766056284731e-16 0.7933533320874723 -0.6087614397000725
vn -0.15755905738856438 0.7933533457485379 -0.5880183774546743
vn -0.3043807228058451 0.7933533397916424 -0.5272028583246096
vn -0.43045933295889255 0.7933533420470168 -0.43045933295889255
vn -0.5272028583246096 0.7933533397916424 -0.3043807228058451
vn -0.5880183774546743 0.7933533457485379 -0.15755905738856438
vn -0.6087614397000725 0.7933533320874723 -1.4910354300549975e-16
vn -0.7071067811865476 0.7071067811865476 0
vn -0.68301271859882 0.707106763573214 0.18301270759503102
vn -0.6123724561743086 0.7071067669986164 0.3535533834993082
vn -0.5000000042785677 0.7071067751357388 0.5000000042785677
vn -0.3535533834993082 0.7071067669986164 0.6123724561743086
vn -0.18301270759503102 0.707106763573214 0.68301271859882
vn -4.329780375814312e-17 0.7071067811865476 0.7071067811865476
vn 0.18301270759503102 0.707106763573214 0.68301271859882
vn 0.3535533834993082 0.7071067669986164 0.6123724561743086
vn 0.5000000042785677 0.7071067751357388 0.5000000042785677
vn 0.6123724561743086 0.7071067669986164 0.3535533834993082
vn 0.68301271859882 0.707106763573214 0.18301270759503102
vn 0.7071067811865476 0.7071067811865476 8.659560751628624e-17
vn 0.68301271859882 0.707106763573214 -0.18301270759503102
vn 0.6123724561743086 0.7071067669986164 -0.3535533834993082
vn 0.5000000042785677 0.7071067751357388 -0.5000000042785677
vn 0.3535533834993082 0.7071067669986164 -0.6123724561743086
vn 0.18301270759503102 0.707106763573214 -0.68301271859882
vn 1.2989340465698435e-16 0.7071067811865476 -0.7071067811865476
vn -0.18301270759503102 0.707106763573214 -0.68301271859882
vn -0.3535533834993082 0.7071067669986164 -0.6123724561743086
vn -0.5000000042785677 0.7071067751357388 -0.5000000042785677
vn -0.6123724561743086 0.7071067669986164 -0.3535533834993082
vn -0.68301271859882 0.707106763573214 -0.18301270759503102
vn -0.7071067811865476 0.7071067811865476 -1.7319121503257247e-16
vn -0.7933533320874723 0.6087614397000725 0
vn -0.766320475887892 0.6087614368509643 0.20533494889595505
vn -0.6870641620762454 0.6087614220240093 0.39667665452578943
vn -0.5609855186687935 0.6087614439891944 0.5609855186687935
vn -0.39667665452578943 0.6087614220240093 0.6870641620762454
vn -0.20533494889595505 0.6087614368509643 0.766320475887892
vn -4.85788821807799e-17 0.6087614397000725 0.7933533320874723
vn 0.20533494889595505 0.6087614368509643 0.766320475887892
vn 0.39667665452578943 0.6087614220240093 0.6870641620762454
vn 0.5609855186687935 0.6087614439891944 0.5609855186687935
vn 0.6870641620762454 0.6087614220240093 0.39667665452578943
vn 0.766320475887892 0.6087614368509643 0.20533494889595505
vn 0.7933533320874723 0.6087614397000725 9.71577643615598e-17
vn 0.766320475887892 0.6087614368509643 -0.20533494889595505
vn 0.6870641620762454 0.6087614220240093 -0.39667665452578943
vn 0.5609855186687935 0.6087614439891944 -0.5609855186687935
vn 0.39667665452578943 0.6087614220240093 -0.6870641620762454
vn 0.20533494889595505 0.6087614368509643 -0.766320475887892
vn 1.457366531597847e-16 0.6087614397000725 -0.7933533320874723
vn -0.20533494889595505 0.6087614368509643 -0.766320475887892
vn -0.39667665452578943 0.6087614220240093 -0.6870641620762454
vn -0.5609855186687935 0.6087614439891944 -0.5609855186687935
vn -0.6870641620762454 0.6087614220240093 -0.39667665452578943
vn -0.766320475887892 0.6087614368509643 -0.20533494889595505
vn -0.7933533320874723 0.6087614397000725 -1.943155287231196e-16
vn -0.8660253998985324 0.5000000067305869 0
vn -0.8365163098292402 0.4999999934991265 0.2241438598100424
vn -0.75000000252397 0.5000000016826467 0.43301269557762184
vn -0.6123724412671231 0.4999999863530877 0.6123724412671231
vn -0.43301269557762184 0.5000000016826467 0.75000000252397
vn -0.2241438598100424 0.4999999934991265 0.8365163098292402
vn -5.302876307448087e-17 0.5000000067305869 0.8660253998985324
vn 0.2241438598100424 0.4999999934991265 0.8365163098292402
vn 0.43301269557762184 0.5000000016826467 0.75000000252397
vn 0.6123724412671231 0.4999999863530877 0.6123724412671231
vn 0.75000000252397 0.5000000016826467 0.43301269557762184
vn 0.8365163098292402 0.4999999934991265 0.2241438598100424
vn 0.8660253998985324 0.5000000067305869 1.0605752614896174e-16
vn 0.8365163098292402 0.4999999934991265 -0.2241438598100424
vn 0.75000000252397 0.5000000016826467 -0.43301269557762184
vn 0.6123724412671231 0.4999999863530877 -0.6123724412671231
vn 0.43301269557762184 0.5000000016826467 -0.75000000252397
vn 0.2241438598100424 0.4999999934991265 -0.8365163098292402
vn 1.5908628922344263e-16 0.5000000067305869 -0.8660253998985324
vn -0.2241438598100424 0.4999999934991265 -0.8365163098292402
vn -0.43301269557762184 0.5000000016826467 -0.75000000252397
vn -0.6123724412671231 0.4999999863530877 -0.6123724412671231
vn -0.75000000252397 0.5000000016826467 -0.43301269557762184
vn -0.8365163098292402 0.4999999934991265 -0.2241438598100424
vn -0.8660253998985324 0.5000000067305869 -2.1211505229792348e-16
vn -0.9238795305660377 0.3826834370613369 0
vn -0.8923990963690794 0.38268343631432944 0.23911762873177525
vn -0.8001031461262758 0.3826834348322611 0.4619397625922863
vn -0.653281488012237 0.38268341333409667 0.653281488012237
vn -0.4619397625922863 0.3826834348322611 0.8001031461262758
vn -0.23911762873177525 0.38268343631432944 0.8923990963690794
vn -5.657130722319695e-17 0.3826834370613369 0.9238795305660377
vn 0.23911762873177525 0.38268343631432944 0.8923990963690794
vn 0.4619397625922863 0.3826834348322611 0.8001031461262758
vn 0.653281488012237 0.38268341333409667 0.653281488012237
vn 0.8001031461262758 0.3826834348322611 0.4619397625922863
vn 0.8923990963690794 0.38268343631432944 0.23911762873177525
vn 0.9238795305660377 0.3826834370613369 1.131426144463939e-16
vn 0.8923990963690794 0.38268343631432944 -0.23911762873177525
vn 0.8001031461262758 0.3826834348322611 -0.4619397625922863
vn 0.653281488012237 0.38268341333409667 -0.653281488012237
vn 0.4619397625922863 0.3826834348322611 -0.8001031461262758
vn 0.23911762873177525 0.38268343631432944 -0.8923990963690794
vn 1.6971392166959086e-16 0.3826834370613369 -0.9238795305660377
vn -0.23911762873177525 0.38268343631432944 -0.8923990963690794
vn -0.4619397625922863 0.3826834348322611 -0.8001031461262758
vn -0.653281488012237 0.38268341333409667 -0.653281488012237
vn -0.8001031461262758 0.3826834348322611 -0.4619397625922863
vn -0.8923990963690794 0.38268343631432944 -0.23911762873177525
vn -0.9238795305660377 0.3826834370613369 -2.262852288927878e-16
vn -0.9659258257467466 0.2588190471264927 0
vn -0.9330127050989503 0.25881903841457915 0.2499999949561837
vn -0.8365163118903529 0.25881904090893276 0.48296290127124863
vn -0.6830127036271734 0.2588190359455774 0.6830127036271734
vn -0.48296290127124863 0.25881904090893276 0.8365163118903529
vn -0.2499999949561837 0.25881903841457915 0.9330127050989503
vn -5.914589613696059e-17 0.2588190471264927 0.9659258257467466
vn 0.2499999949561837 0.25881903841457915 0.9330127050989503
vn 0.48296290127124863 0.25881904090893276 0.8365163118903529
vn 0.6830127036271734 0.2588190359455774 0.6830127036271734
vn 0.8365163118903529 0.25881904090893276 0.48296290127124863
vn 0.9330127050989503 0.25881903841457915 0.2499999949561837
vn 0.9659258257467466 0.2588190471264927 1.1829179227392118e-16
vn 0.9330127050989503 0.25881903841457915 -0.2499999949561837
vn 0.8365163118903529 0.25881904090893276 -0.48296290127124863
vn 0.6830127036271734 0.2588190359455774 -0.6830127036271734
vn 0.48296290127124863 0.25881904090893276 -0.8365163118903529
vn 0.2499999949561837 0.25881903841457915 -0.9330127050989503
vn 1.7743769502832676e-16 0.2588190471264927 -0.9659258257467466
vn -0.2499999949561837 0.25881903841457915 -0.9330127050989503
vn -0.48296290127124863 0.25881904090893276 -0.8365163118903529
vn -0.6830127036271734 0.2588190359455774 -0.6830127036271734
vn -0.8365163118903529 0.25881904090893276 -0.48296290127124863
vn -0.9330127050989503 0.25881903841457915 -0.2499999949561837
vn -0.9659258257467466 0.2588190471264927 -2.3658358454784237e-16
vn -0.9914448627185043 0.13052618200608704 0
vn -0.9576621981325703 0.1305261814051678 0.2566048133525149
vn -0.8586164255282003 0.13052618713999442 0.49572245085720273
vn -0.7010573851340799 0.13052618701981927 0.7010573851340799
vn -0.49572245085720273 0.13052618713999442 0.8586164255282003
vn -0.2566048133525149 0.1305261814051678 0.9576621981325703
vn -6.070848442951297e-17 0.13052618200608704 0.9914448627185043
vn 0.2566048133525149 0.1305261814051678 0.9576621981325703
vn 0.49572245085720273 0.13052618713999442 0.8586164255282003
vn 0.7010573851340799 0.13052618701981927 0.7010573851340799
vn 0.8586164255282003 0.13052618713999442 0.49572245085720273
vn 0.9576621981325703 0.1305261814051678 0.2566048133525149
vn 0.9914448627185043 0.13052618200608704 1.2141696885902594e-16
vn 0.9576621981325703 0.1305261814051678 -0.2566048133525149
vn 0.8586164255282003 0.13052618713999442 -0.49572245085720273
vn 0.7010573851340799 0.13052618701981927 -0.7010573851340799
vn 0.49572245085720273 0.13052618713999442 -0.8586164255282003
vn 0.2566048133525149 0.1305261814051678 -0.9576621981325703
vn 1.8212545990598365e-16 0.13052618200608704 -0.9914448627185043
vn -0.2566048133525149 0.1305261814051678 -0.9576621981325703
vn -0.49572245085720273 0.13052618713999442 -0.8586164255282003
vn -0.7010573851340799 0.13052618701981927 -0.7010573851340799
vn -0.8586164255282003 0.13052618713999442 -0.49572245085720273
vn -0.9576621981325703 0.1305261814051678 -0.2566048133525149
vn -0.9914448627185043 0.13052618200608704 -2.428339377180519e-16
vn -1 6.123234262925839e-17 0
vn -0.9659258257467466 6.123234345497556e-17 0.2588190471264927
vn -0.8660253998985324 6.12323434535176e-17 0.5000000067305869
vn -0.7071067811865476 6.123234367720532e-17 0.7071067811865476
vn -0.5000000067305869 6.12323434535176e-17 0.8660253998985324
vn -0.2588190471264927 6.123234345497556e-17 0.9659258257467466
vn -6.123234262925839e-17 6.123234262925839e-17 1
vn 0.2588190471264927 6.123234345497556e-17 0.9659258257467466
vn 0.5000000067305869 6.12323434535176e-17 0.8660253998985324
vn 0.7071067811865476 6.123234367720532e-17 0.7071067811865476
vn 0.8660253998985324 6.12323434535176e-17 0.5000000067305869
vn 0.9659258257467466 6.123234345497556e-17 0.2588190471264927
vn 1 6.123234262925839e-17 1.2246468525851679e-16
vn 0.9659258257467466 6.123234345497556e-17 -0.2588190471264927
vn 0.8660253998985324 6.12323434535176e-17 -0.5000000067305869
vn 0.7071067811865476 6.123234367720532e-17 -0.7071067811865476
vn 0.5000000067305869 6.12323434535176e-17 -0.8660253998985324
vn 0.2588190471264927 6.123234345497556e-17 -0.9659258257467466
vn 1.8369701465288538e-16 6.123234262925839e-17 -1
vn -0.2588190471264927 6.123234345497556e-17 -0.9659258257467466
vn -0.5000000067305869 6.12323434535176e-17 -0.8660253998985324
vn -0.7071067811865476 6.123234367720532e-17 -0.7071067811865476
vn -0.8660253998985324 6.12323434535176e-17 -0.5000000067305869
vn -0.9659258257467466 6.123234345497556e-17 -0.2588190471264927
vn -1 6.123234262925839e-17 -2.4492937051703357e-16
vn -0.9914448627185043 -0.13052618200608704 0
vn -0.9576621981325703 -0.1305261814051678 0.2566048133525149
vn -0.8586164255282003 -0.13052618713999442 0.49572245085720273
vn -0.7010573851340799 -0.13052618701981927 0.7010573851340799
vn -0.49572245085720273 -0.13052618713999442 0.8586164255282003
vn -0.2566048133525149 -0.1305261814051678 0.9576621981325703
vn -6.070848442951297e-17 -0.13052618200608704 0.9914448627185043
vn 0.2566048133525149 -0.1305261814051678 0.9576621981325703
vn 0.49572245085720273 -0.13052618713999442 0.8586164255282003
vn 0.7010573851340799 -0.13052618701981927 0.7010573851340799
vn 0.8586164255282003 -0.13052618713999442 0.49572245085720273
vn 0.9576621981325703 -0.1305261814051678 0.2566048133525149
vn 0.9914448627185043 -0.13052618200608704 1.2141696885902594e-16
vn 0.9576621981325703 -0.1305261814051678 -0.2566048133525149
vn 0.8586164255282003 -0.13052618713999442 -0.49572245085720273
vn 0.7010573851340799 -0.13052618701981927 -0.7010573851340799
vn 0.49572245085720273 -0.13052618713999442 -0.8586164255282003
vn 0.2566048133525149 -0.1305261814051678 -0.9576621981325703
vn 1.8212545990598365e-16 -0.13052618200608704 -0.9914448627185043
vn -0.2566048133525149 -0.1305261814051678 -0.9576621981325703
vn -0.49572245085720273 -0.13052618713999442 -0.8586164255282003
vn -0.7010573851340799 -0.13052618701981927 -0.7010573851340799
vn -0.8586164255282003 -0.13052618713999442 -0.49572245085720273
vn -0.9576621981325703 -0.1305261814051678 -0.2566048133525149
vn -0.9914448627185043 -0.13052618200608704 -2.428339377180519e-16
vn -0.9659258257467466 -0.2588190471264927 0
vn -0.9330127050989503 -0.25881903841457915 0.2499999949561837
vn -0.8365163118903529 -0.25881904090893276 0.48296290127124863
vn -0.6830127036271734 -0.2588190359455774 0.6830127036271734
vn -0.48296290127124863 -0.25881904090893276 0.8365163118903529
vn -0.2499999949561837 -0.25881903841457915 0.9330127050989503
vn -5.914589613696059e-17 -0.2588190471264927 0.9659258257467466
vn 0.2499999949561837 -0.25881903841457915 0.9330127050989503
vn 0.48296290127124863 -0.25881904090893276 0.8365163118903529
vn 0.6830127036271734 -0.2588190359455774 0.6830127036271734
vn 0.8365163118903529 -0.25881904090893276 0.48296290127124863
vn 0.9330127050989503 -0.25881903841457915 0.2499999949561837
vn 0.9659258257467466 -0.2588190471264927 1.1829179227392118e-16
vn 0.9330127050989503 -0.25881903841457915 -0.2499999949561837
vn 0.8365163118903529 -0.25881904090893276 -0.48296290127124863
vn 0.6830127036271734 -0.2588190359455774 -0.6830127036271734
vn 0.48296290127124863 -0.25881904090893276 -0.8365163118903529
vn 0.2499999949561837 -0.25881903841457915 -0.9330127050989503
vn 1.7743769502832676e-16 -0.2588190471264927 -0.9659258257467466
vn -0.2499999949561837 -0.25881903841457915 -0.9330127050989503
vn -0.48296290127124863 -0.25881904090893276 -0.8365163118903529
vn -0.6830127036271734 -0.2588190359455774 -0.6830127036271734
vn -0.8365163118903529 -0.25881904090893276 -0.48296290127124863
vn -0.9330127050989503 -0.25881903841457915 -0.2499999949561837
vn -0.9659258257467466 -0.2588190471264927 -2.3658358454784237e-16
vn -0.9238795305660377 -0.3826834370613369 0
vn -0.8923990963690794 -0.38268343631432944 0.23911762873177525
vn -0.8001031461262758 -0.3826834348322611 0.4619397625922863
vn -0.653281488012237 -0.38268341333409667 0.653281488012237
vn -0.4619397625922863 -0.3826834348322611 0.8001031461262758
vn -0.23911762873177525 -0.38268343631432944 0.8923990963690794
vn -5.657130722319695e-17 -0.3826834370613369 0.9238795305660377
vn 0.23911762873177525 -0.38268343631432944 0.8923990963690794
vn 0.4619397625922863 -0.3826834348322611 0.8001031461262758
vn 0.653281488012237 -0.38268341333409667 0.653281488012237
vn 0.8001031461262758 -0.3826834348322611 0.4619397625922863
vn 0.8923990963690794 -0.38268343631432944 0.23911762873177525
vn 0.9238795305660377 -0.3826834370613369 1.131426144463939e-16
vn 0.8923990963690794 -0.38268343631432944 -0.23911762873177525
vn 0.8001031461262758 -0.3826834348322611 -0.4619397625922863
vn 0.653281488012237 -0.38268341333409667 -0.653281488012237
vn 0.4619397625922863 -0.3826834348322611 -0.8001031461262758
vn 0.23911762873177525 -0.38268343631432944 -0.8923990963690794
vn 1.6971392166959086e-16 -0.3826834370613369 -0.9238795305660377
vn -0.23911762873177525 -0.38268343631432944 -0.8923990963690794
vn -0.4619397625922863 -0.3826834348322611 -0.8001031461262758
vn -0.653281488012237 -0.38268341333409667 -0.653281488012237
vn -0.8001031461262758 -0.3826834348322611 -0.4619397625922863
vn -0.8923990963690794 -0.38268343631432944 -0.23911762873177525
vn -0.9238795305660377 -0.3826834370613369 -2.262852288927878e-16
vn -0.8660253998985324 -0.5000000067305869 0
vn -0.8365163098292402 -0.4999999934991265 0.2241438598100424
vn -0.75000000252397 -0.5000000016826467 0.43301269557762184
vn -0.6123724412671231 -0.4999999863530877 0.6123724412671231
vn -0.43301269557762184 -0.5000000016826467 0.75000000252397
vn -0.2241438598100424 -0.4999999934991265 0.8365163098292402
vn -5.302876307448087e-17 -0.5000000067305869 0.8660253998985324
vn 0.2241438598100424 -0.4999999934991265 0.8365163098292402
vn 0.43301269557762184 -0.5000000016826467 0.75000000252397
vn 0.6123724412671231 -0.4999999863530877 0.6123724412671231
vn 0.75000000252397 -0.5000000016826467 0.43301269557762184
vn 0.8365163098292402 -0.4999999934991265 0.2241438598100424
vn 0.8660253998985324 -0.5000000067305869 1.0605752614896174e-16
vn 0.8365163098292402 -0.4999999934991265 -0.2241438598100424
vn 0.75000000252397 -0.5000000016826467 -0.43301269557762184
vn 0.6123724412671231 -0.4999999863530877 -0.6123724412671231
vn 0.43301269557762184 -0.5000000016826467 -0.75000000252397
vn 0.2241438598100424 -0.4999999934991265 -0.8365163098292402
vn 1.5908628922344263e-16 -0.5000000067305869 -0.8660253998985324
vn -0.2241438598100424 -0.4999999934991265 -0.8365163098292402
vn -0.43301269557762184 -0.5000000016826467 -0.75000000252397
vn -0.6123724412671231 -0.4999999863530877 -0.6123724412671231
vn -0.75000000252397 -0.5000000016826467 -0.43301269557762184
vn -0.8365163098292402 -0.4999999934991265 -0.2241438598100424
vn -0.8660253998985324 -0.5000000067305869 -2.1211505229792348e-16
vn -0.7933533320874723 -0.6087614397000725 0
vn -0.766320475887892 -0.6087614368509643 0.20533494889595505
vn -0.6870641620762454 -0.6087614220240093 0.39667665452578943
vn -0.5609855186687935 -0.6087614439891944 0.5609855186687935
vn -0.39667665452578943 -0.6087614220240093 0.6870641620762454
vn -0.20533494889595505 -0.6087614368509643 0.766320475887892
vn -4.85788821807799e-17 -0.6087614397000725 0.7933533320874723
vn 0.20533494889595505 -0.6087614368509643 0.766320475887892
vn 0.39667665452578943 -0.6087614220240093 0.6870641620762454
vn 0.5609855186687935 -0.6087614439891944 0.5609855186687935
vn 0.6870641620762454 -0.6087614220240093 0.39667665452578943
vn 0.766320475887892 -0.6087614368509643 0.20533494889595505
vn 0.7933533320874723 -0.6087614397000725 9.71577643615598e-17
vn 0.766320475887892 -0.6087614368509643 -0.20533494889595505
vn 0.6870641620762454 -0.6087614220240093 -0.39667665452578943
vn 0.5609855186687935 -0.6087614439891944 -0.5609855186687935
vn 0.39667665452578943 -0.6087614220240093 -0.6870641620762454
vn 0.20533494889595505 -0.6087614368509643 -0.766320475887892
vn 1.457366531597847e-16 -0.6087614397000725 -0.7933533320874723
vn -0.20533494889595505 -0.6087614368509643 -0.766320475887892
vn -0.39667665452578943 -0.6087614220240093 -0.6870641620762454
vn -0.5609855186687935 -0.6087614439891944 -0.5609855186687935
vn -0.6870641620762454 -0.6087614220240093 -0.39667665452578943
vn -0.766320475887892 -0.6087614368509643 -0.20533494889595505
vn -0.7933533320874723 -0.6087614397000725 -1.943155287231196e-16
vn -0.7071067811865476 -0.7071067811865476 0
vn -0.68301271859882 -0.707106763573214 0.18301270759503102
vn -0.6123724561743086 -0.7071067669986164 0.3535533834993082
vn -0.5000000042785677 -0.7071067751357388 0.5000000042785677
vn -0.3535533834993082 -0.7071067669986164 0.6123724561743086
vn -0.18301270759503102 -0.707106763573214 0.68301271859882
vn -4.329780375814312e-17 -0.7071067811865476 0.7071067811865476
vn 0.18301270759503102 -0.707106763573214 0.68301271859882
vn 0.3535533834993082 -0.7071067669986164 0.6123724561743086
vn 0.5000000042785677 -0.7071067751357388 0.5000000042785677
vn 0.6123724561743086 -0.7071067669986164 0.3535533834993082
vn 0.68301271859882 -0.707106763573214 0.18301270759503102
vn 0.7071067811865476 -0.7071067811865476 8.659560751628624e-17
vn 0.68301271859882 -0.707106763573214 -0.18301270759503102
vn 0.6123724561743086 -0.7071067669986164 -0.3535533834993082
vn 0.5000000042785677 -0.7071067751357388 -0.5000000042785677
vn 0.3535533834993082 -0.7071067669986164 -0.6123724561743086
vn 0.18301270759503102 -0.707106763573214 -0.68301271859882
vn 1.2989340465698435e-16 -0.7071067811865476 -0.7071067811865476
vn -0.18301270759503102 -0.707106763573214 -0.68301271859882
vn -0.3535533834993082 -0.7071067669986164 -0.6123724561743086
vn -0.5000000042785677 -0.7071067751357388 -0.5000000042785677
vn -0.6123724561743086 -0.7071067669986164 -0.3535533834993082
vn -0.68301271859882 -0.707106763573214 -0.18301270759503102
vn -0.7071067811865476 -0.7071067811865476 -1.7319121503257247e-16
vn -0.6087614397000725 -0.7933533320874723 0
vn -0.5880183774546743 -0.7933533457485379 0.15755905738856438
vn -0.5272028583246096 -0.7933533397916424 0.3043807228058451
vn -0.43045933295889255 -0.7933533420470168 0.43045933295889255
vn -0.3043807228058451 -0.7933533397916424 0.5272028583246096
vn -0.15755905738856438 -0.7933533457485379 0.5880183774546743
vn -3.727588575137494e-17 -0.7933533320874723 0.6087614397000725
vn 0.15755905738856438 -0.7933533457485379 0.5880183774546743
vn 0.3043807228058451 -0.7933533397916424 0.5272028583246096
vn 0.43045933295889255 -0.7933533420470168 0.43045933295889255
vn 0.5272028583246096 -0.7933533397916424 0.3043807228058451
vn 0.5880183774546743 -0.7933533457485379 0.15755905738856438
vn 0.6087614397000725 -0.7933533320874723 7.455177150274988e-17
vn 0.5880183774546743 -0.7933533457485379 -0.15755905738856438
vn 0.5272028583246096 -0.7933533397916424 -0.3043807228058451
vn 0.43045933295889255 -0.7933533420470168 -0.43045933295889255
vn 0.3043807228058451 -0.7933533397916424 -0.5272028583246096
vn 0.15755905738856438 -0.7933533457485379 -0.5880183774546743
vn 1.1182766056284731e-16 -0.7933533320874723 -0.6087614397000725
vn -0.15755905738856438 -0.7933533457485379 -0.5880183774546743
vn -0.3043807228058451 -0.7933533397916424 -0.5272028583246096
vn -0.43045933295889255 -0.7933533420470168 -0.43045933295889255
vn -0.5272028583246096 -0.7933533397916424 -0.3043807228058451
vn -0.5880183774546743 -0.7933533457485379 -0.15755905738856438
vn -0.6087614397000725 -0.7933533320874723 -1.4910354300549975e-16
vn -0.5000000067305869 -0.8660253998985324 0
vn -0.4829629144900607 -0.8660254028181172 0.12940952399643643
vn -0.43301270140648107 -0.8660254028129621 0.25000000420661683
vn -0.3535533908144109 -0.8660254036038809 0.3535533908144109
vn -0.25000000420661683 -0.8660254028129621 0.43301270140648107
vn -0.12940952399643643 -0.8660254028181172 0.4829629144900607
vn -3.06161717267588e-17 -0.8660253998985324 0.5000000067305869
vn 0.12940952399643643 -0.8660254028181172 0.4829629144900607
vn 0.25000000420661683 -0.8660254028129621 0.43301270140648107
vn 0.3535533908144109 -0.8660254036038809 0.3535533908144109
vn 0.43301270140648107 -0.8660254028129621 0.25000000420661683
vn 0.4829629144900607 -0.8660254028181172 0.12940952399643643
vn 0.5000000067305869 -0.8660253998985324 6.12323434535176e-17
vn 0.4829629144900607 -0.8660254028181172 -0.12940952399643643
vn 0.43301270140648107 -0.8660254028129621 -0.25000000420661683
vn 0.3535533908144109 -0.8660254036038809 -0.3535533908144109
vn 0.25000000420661683 -0.8660254028129621 -0.43301270140648107
vn 0.12940952399643643 -0.8660254028181172 -0.4829629144900607
vn 9.18485085628314e-17 -0.8660253998985324 -0.5000000067305869
vn -0.12940952399643643 -0.8660254028181172 -0.4829629144900607
vn -0.25000000420661683 -0.8660254028129621 -0.43301270140648107
vn -0.3535533908144109 -0.8660254036038809 -0.3535533908144109
vn -0.43301270140648107 -0.8660254028129621 -0.25000000420661683
vn -0.4829629144900607 -0.8660254028181172 -0.12940952399643643
vn -0.5000000067305869 -0.8660253998985324 -1.224646869070352e-16
vn -0.3826834370613369 -0.9238795305660377 0
vn -0.3696438175018387 -0.9238795294241295 0.09904576363336468
vn -0.3314135766963612 -0.9238795310497564 0.1913417186308499
vn -0.2705980604439119 -0.9238795264362049 0.2705980604439119
vn -0.1913417186308499 -0.9238795310497564 0.3314135766963612
vn -0.09904576363336468 -0.9238795294241295 0.3696438175018387
vn -2.3432603017245014e-17 -0.9238795305660377 0.3826834370613369
vn 0.09904576363336468 -0.9238795294241295 0.3696438175018387
vn 0.1913417186308499 -0.9238795310497564 0.3314135766963612
vn 0.2705980604439119 -0.9238795264362049 0.2705980604439119
vn 0.3314135766963612 -0.9238795310497564 0.1913417186308499
vn 0.3696438175018387 -0.9238795294241295 0.09904576363336468
vn 0.3826834370613369 -0.9238795305660377 4.686520603449003e-17
vn 0.3696438175018387 -0.9238795294241295 -0.09904576363336468
vn 0.3314135766963612 -0.9238795310497564 -0.1913417186308499
vn 0.2705980604439119 -0.9238795264362049 -0.2705980604439119
vn 0.1913417186308499 -0.9238795310497564 -0.3314135766963612
vn 0.09904576363336468 -0.9238795294241295 -0.3696438175018387
vn 7.029780739737377e-17 -0.9238795305660377 -0.3826834370613369
vn -0.09904576363336468 -0.9238795294241295 -0.3696438175018387
vn -0.1913417186308499 -0.9238795310497564 -0.3314135766963612
vn -0.2705980604439119 -0.9238795264362049 -0.2705980604439119
vn -0.3314135766963612 -0.9238795310497564 -0.1913417186308499
vn -0.3696438175018387 -0.9238795294241295 -0.09904576363336468
vn -0.3826834370613369 -0.9238795305660377 -9.373041206898005e-17
vn -0.2588190471264927 -0.9659258257467466 0
vn -0.25000000327099636 -0.9659258253594117 0.06698729930547313
vn -0.2241438659502512 -0.9659258266231521 0.1294095236806624
vn -0.18301271094246616 -0.9659258228595912 0.18301271094246616
vn -0.1294095236806624 -0.9659258266231521 0.2241438659502512
vn -0.06698729930547313 -0.9659258253594117 0.25000000327099636
vn -1.5848095844680132e-17 -0.9659258257467466 0.2588190471264927
vn 0.06698729930547313 -0.9659258253594117 0.25000000327099636
vn 0.1294095236806624 -0.9659258266231521 0.2241438659502512
vn 0.18301271094246616 -0.9659258228595912 0.18301271094246616
vn 0.2241438659502512 -0.9659258266231521 0.1294095236806624
vn 0.25000000327099636 -0.9659258253594117 0.06698729930547313
vn 0.2588190471264927 -0.9659258257467466 3.1696191689360264e-17
vn 0.25000000327099636 -0.9659258253594117 -0.06698729930547313
vn 0.2241438659502512 -0.9659258266231521 -0.1294095236806624
vn 0.18301271094246616 -0.9659258228595912 -0.18301271094246616
vn 0.1294095236806624 -0.9659258266231521 -0.2241438659502512
vn 0.06698729930547313 -0.9659258253594117 -0.25000000327099636
vn 4.75442875340404e-17 -0.9659258257467466 -0.2588190471264927
vn -0.06698729930547313 -0.9659258253594117 -0.25000000327099636
vn -0.1294095236806624 -0.9659258266231521 -0.2241438659502512
vn -0.18301271094246616 -0.9659258228595912 -0.18301271094246616
vn -0.2241438659502512 -0.9659258266231521 -0.1294095236806624
vn -0.25000000327099636 -0.9659258253594117 -0.06698729930547313
vn -0.2588190471264927 -0.9659258257467466 -6.339238337872053e-17
vn -0.13052618200608704 -0.9914448627185043 0
vn -0.12607861749967533 -0.9914448617201725 0.033782663868301074
vn -0.11303899907451272 -0.991444861628887 0.06526309093131812
vn -0.09229594997210035 -0.991444862429321 0.09229594997210035
vn -0.06526309093131812 -0.991444861628887 0.11303899907451272
vn -0.033782663868301074 -0.9914448617201725 0.12607861749967533
vn -7.992424033768624e-18 -0.9914448627185043 0.13052618200608704
vn 0.033782663868301074 -0.9914448617201725 0.12607861749967533
vn 0.06526309093131812 -0.991444861628887 0.11303899907451272
vn 0.09229594997210035 -0.991444862429321 0.09229594997210035
vn 0.11303899907451272 -0.991444861628887 0.06526309093131812
vn 0.12607861749967533 -0.9914448617201725 0.033782663868301074
vn 0.13052618200608704 -0.9914448627185043 1.5984848067537247e-17
vn 0.12607861749967533 -0.9914448617201725 -0.033782663868301074
vn 0.11303899907451272 -0.991444861628887 -0.06526309093131812
vn 0.09229594997210035 -0.991444862429321 -0.09229594997210035
vn 0.06526309093131812 -0.991444861628887 -0.11303899907451272
vn 0.033782663868301074 -0.9914448617201725 -0.12607861749967533
vn 2.3977272101305873e-17 -0.9914448627185043 -0.13052618200608704
vn -0.033782663868301074 -0.9914448617201725 -0.12607861749967533
vn -0.06526309093131812 -0.991444861628887 -0.11303899907451272
vn -0.09229594997210035 -0.991444862429321 -0.09229594997210035
vn -0.11303899907451272 -0.991444861628887 -0.06526309093131812
vn -0.12607861749967533 -0.9914448617201725 -0.033782663868301074
vn -0.13052618200608704 -0.9914448627185043 -3.1969696135074495e-17
vn 0 -1 0
vn 0 -1 0
vn 0 -1 0
vn 0 -1 0
vn 0 -1 0
vn 0 -1 0
vn 0 -1 0
vn 0 -1 0
vn 0 -1 0
vn 0 -1 0
vn 0 -1 0
vn 0 -1 0
vn 0 -1 0
vn 0 -1 0
vn 0 -1 0
vn 0 -1 0
vn 0 -1 0
vn 0 -1 0
vn 0 -1 0
vn 0 -1 0
vn 0 -1 0
vn 0 -1 0
vn 0 -1 0
vn 0 -1 0
vn 0 -1 0
f 1685/1685/1685 1710/1710/1710 1711/1711/1711
f 1686/1686/1686 1711/1711/1711 1712/1712/1712
f 1687/1687/1687 1712/1712/1712 1713/1713/1713
f 1688/1688/1688 1713/1713/1713 1714/1714/1714
f 1689/1689/1689 1714/1714/1714 1715/1715/1715
f 1690/1690/1690 1715/1715/1715 1716/1716/1716
f 1691/1691/1691 1716/1716/1716 1717/1717/1717
f 1692/1692/1692 1717/1717/1717 1718/1718/1718
f 1693/1693/1693 1718/1718/1718 1719/1719/1719
f 1694/1694/1694 1719/1719/1719 1720/1720/1720
f 1695/1695/1695 1720/1720/1720 1721/1721/1721
f 1696/1696/1696 1721/1721/1721 1722/1722/1722
f 1697/1697/1697 1722/1722/1722 1723/1723/1723
f 1698/1698/1698 1723/1723/1723 1724/1724/1724
f 1699/1699/1699 1724/1724/1724 1725/1725/1725
f 1700/1700/1700 1725/1725/1725 1726/1726/1726
f 1701/1701/1701 1726/1726/1726 1727/1727/1727
f 1702/1702/1702 1727/1727/1727 1728/1728/1728
f 1703/1703/1703 1728/1728/1728 1729/1729/1729
f 1704/1704/1704 1729/1729/1729 1730/1730/1730
f 1705/1705/1705 1730/1730/1730 1731/1731/1731
f 1706/1706/1706 1731/1731/1731 1732/1732/1732
f 1707/1707/1707 1732/1732/1732 1733/1733/1733
f 1708/1708/1708 1733/1733/1733 1734/1734/1734
f 1711/1711/1711 1710/1710/1710 1736/1736/1736
f 1710/1710/1710 1735/1735/1735 1736/1736/1736
f 1712/1712/1712 1711/1711/1711 1737/1737/1737
f 1711/1711/1711 1736/1736/1736 1737/1737/1737
f 1713/1713/1713 1712/1712/1712 1738/1738/1738
f 1712/1712/1712 1737/1737/1737 1738/1738/1738
f 1714/1714/1714 1713/1713/1713 1739/1739/1739
f 1713/1713/1713 1738/1738/1738 1739/1739/1739
f 1715/1715/1715 1714/1714/1714 1740/1740/1740
f 1714/1714/1714 1739/1739/1739 1740/1740/1740
f 1716/1716/1716 1715/1715/1715 1741/1741/1741
f 1715/1715/1715 1740/1740/1740 1741/1741/1741
f 1717/1717/1717 1716/1716/1716 1742/1742/1742
f 1716/1716/1716 1741/1741/1741 1742/1742/1742
f 1718/1718/1718 1717/1717/1717 1743/1743/1743
f 1717/1717/1717 1742/1742/1742 1743/1743/1743
f 1719/1719/1719 1718/1718/1718 1744/1744/1744
f 1718/1718/1718 1743/1743/1743 1744/1744/1744
f 1720/1720/1720 1719/1719/1719 1745/1745/1745
f 1719/1719/1719 1744/1744/1744 1745/1745/1745
f 1721/1721/1721 1720/1720/1720 1746/1746/1746
f 1720/1720/1720 1745/1745/1745 1746/1746/1746
f 1722/1722/1722 1721/1721/1721 1747/1747/1747
f 1721/1721/1721 1746/1746/1746 1747/1747/1747
f 1723/1723/1723 1722/1722/1722 1748/1748/1748
f 1722/1722/1722 1747/1747/1747 1748/1748/1748
f 1724/1724/1724 1723/1723/1723 1749/1749/1749
f 1723/1723/1723 1748/1748/1748 1749/1749/1749
f 1725/1725/1725 1724/1724/1724 1750/1750/1750
f 1724/1724/1724 1749/1749/1749 1750/1750/1750
f 1726/1726/1726 1725/1725/1725 1751/1751/1751
f 1725/1725/1725 1750/1750/1750 1751/1751/1751
f 1727/1727/1727 1726/1726/1726 1752/1752/1752
f 1726/1726/1726 1751/1751/1751 1752/1752/1752
f 1728/1728/1728 1727/1727/1727 1753/1753/1753
f 1727/1727/1727 1752/1752/1752 1753/1753/1753
f 1729/1729/1729 1728/1728/1728 1754/1754/1754
f 1728/1728/1728 1753/1753/1753 1754/1754/1754
f 1730/1730/1730 1729/1729/1729 1755/1755/1755
f 1729/1729/1729 1754/1754/1754 1755/1755/1755
f 1731/1731/1731 1730/1730/1730 1756/1756/1756
f 1730/1730/1730 1755/1755/1755 1756/1756/1756
f 1732/1732/1732 1731/1731/1731 1757/1757/1757
f 1731/1731/1731 1756/1756/1756 1757/1757/1757
f 1733/1733/1733 1732/1732/1732 1758/1758/1758
f 1732/1732/1732 1757/1757/1757 1758/1758/1758
f 1734/1734/1734 1733/1733/1733 1759/1759/1759
f 1733/1733/1733 1758/1758/1758 1759/1759/1759
f 1736/1736/1736 1735/1735/1735 1761/1761/1761
f 1735/1735/1735 1760/1760/1760 1761/1761/1761
f 1737/1737/1737 1736/1736/1736 1762/1762/1762
f 1736/1736/1736 1761/1761/1761 1762/1762/1762
f 1738/1738/1738 1737/1737/1737 1763/1763/1763
f 1737/1737/1737 1762/1762/1762 1763/1763/1763
f 1739/1739/1739 1738/1738/1738 1764/1764/1764
f 1738/1738/1738 1763/1763/1763 1764/1764/1764
f 1740/1740/1740 1739/1739/1739 1765/1765/1765
f 1739/1739/1739 1764/1764/1764 1765/1765/1765
f 1741/1741/1741 1740/1740/1740 1766/1766/1766
f 1740/1740/1740 1765/1765/1765 1766/1766/1766
f 1742/1742/1742 1741/1741/1741 1767/1767/1767
f 1741/1741/1741 1766/1766/1766 1767/1767/1767
f 1743/1743/1743 1742/1742/1742 1768/1768/1768
f 1742/1742/1742 1767/1767/1767 1768/1768/1768
f 1744/1744/1744 1743/1743/1743 1769/1769/1769
f 1743/1743/1743 1768/1768/1768 1769/1769/1769
f 1745/1745/1745 1744/1744/1744 1770/1770/1770
f 1744/1744/1744 1769/1769/1769 1770/1770/1770
f 1746/1746/1746 1745/1745/1745 1771/1771/1771
f 1745/1745/1745 1770/1770/1770 1771/1771/1771
f 1747/1747/1747 1746/1746/1746 1772/1772/1772
f 1746/1746/1746 1771/1771/1771 1772/1772/1772
f 1748/1748/1748 1747/1747/1747 1773/1773/1773
f 1747/1747/1747 1772/1772/1772 1773/1773/1773
f 1749/1749/1749 1748/1748/1748 1774/1774/1774
f 1748/1748/1748 1773/1773/1773 1774/1774/1774
f 1750/1750/1750 1749/1749/1749 1775/1775/1775
f 1749/1749/1749 1774/1774/1774 1775/1775/1775
f 1751/1751/1751 1750/1750/1750 1776/1776/1776
f 1750/1750/1750 1775/1775/1775 1776/1776/1776
f 1752/1752/1752 1751/1751/1751 1777/1777/1777
f 1751/1751/1751 1776/1776/1776 1777/1777/1777
f 1753/1753/1753 1752/1752/1752 1778/1778/1778
f 1752/1752/1752 1777/1777/1777 1778/1778/1778
f 1754/1754/1754 1753/1753/1753 1779/1779/1779
f 1753/1753/1753 1778/1778/1778 1779/1779/1779
f 1755/1755/1755 1754/1754/1754 1780/1780/1780
f 1754/1754/1754 1779/1779/1779 1780/1780/1780
f 1756/1756/1756 1755/1755/1755 1781/1781/1781
f 1755/1755/1755 1780/1780/1780 1781/1781/1781
f 1757/1757/1757 1756/1756/1756 1782/1782/1782
f 1756/1756/1756 1781/1781/1781 1782/1782/1782
f 1758/1758/1758 1757/1757/1757 1783/1783/1783
f 1757/1757/1757 1782/1782/1782 1783/1783/1783
f 1759/1759/1759 1758/1758/1758 1784/1784/1784
f 1758/1758/1758 1783/1783/1783 1784/1784/1784
f 1761/1761/1761 1760/1760/1760 1786/1786/1786
f 1760/1760/1760 1785/1785/1785 1786/1786/1786
f 1762/1762/1762 1761/1761/1761 1787/1787/1787
f 1761/1761/1761 1786/1786/1786 1787/1787/1787
f 1763/1763/1763 1762/1762/1762 1788/1788/1788
f 1762/1762/1762 1787/1787/1787 1788/1788/1788
f 1764/1764/1764 1763/1763/1763 1789/1789/1789
f 1763/1763/1763 1788/1788/1788 1789/1789/1789
f 1765/1765/1765 1764/1764/1764 1790/1790/1790
f 1764/1764/1764 1789/1789/1789 1790/1790/1790
f 1766/1766/1766 1765/1765/1765 1791/1791/1791
f 1765/1765/1765 1790/1790/1790 1791/1791/1791
f 1767/1767/1767 1766/1766/1766 1792/1792/1792
f 1766/1766/1766 1791/1791/1791 1792/1792/1792
f 1768/1768/1768 1767/1767/1767 1793/1793/1793
f 1767/1767/1767 1792/1792/1792 1793/1793/1793
f 1769/1769/1769 1768/1768/1768 1794/1794/1794
f 1768/1768/1768 1793/1793/1793 1794/1794/1794
f 1770/1770/1770 1769/1769/1769 1795/1795/1795
f 1769/1769/1769 1794/1794/1794 1795/1795/1795
f 1771/1771/1771 1770/1770/1770 1796/1796/1796
f 1770/1770/1770 1795/1795/1795 1796/1796/1796
f 1772/1772/1772 1771/1771/1771 1797/1797/1797
f 1771/1771/1771 1796/1796/1796 1797/1797/1797
f 1773/1773/1773 1772/1772/1772 1798/1798/1798
f 1772/1772/1772 1797/1797/1797 1798/1798/1798
f 1774/1774/1774 1773/1773/1773 1799/1799/1799
f 1773/1773/1773 1798/1798/1798 1799/1799/1799
f 1775/1775/1775 1774/1774/1774 1800/1800/1800
f 1774/1774/1774 1799/1799/1799 1800/1800/1800
f 1776/1776/1776 1775/1775/1775 1801/1801/1801
f 1775/1775/1775 1800/1800/1800 1801/1801/1801
f 1777/1777/1777 1776/1776/1776 1802/1802/1802
f 1776/1776/1776 1801/1801/1801 1802/1802/1802
f 1778/1778/1778 1777/1777/1777 1803/1803/1803
f 1777/1777/1777 1802/1802/1802 1803/1803/1803
f 1779/1779/1779 1778/1778/1778 1804/1804/1804
f 1778/1778/1778 1803/1803/1803 1804/1804/1804
f 1780/1780/1780 1779/1779/1779 1805/1805/1805
f 1779/1779/1779 1804/1804/1804 1805/1805/1805
f 1781/1781/1781 1780/1780/1780 1806/1806/1806
f 1780/1780/1780 1805/1805/1805 1806/1806/1806
f 1782/1782/1782 1781/1781/1781 1807/1807/1807
f 1781/1781/1781 1806/1806/1806 1807/1807/1807
f 1783/1783/1783 1782/1782/1782 1808/1808/1808
f 1782/1782/1782 1807/1807/1807 1808/1808/1808
f 1784/1784/1784 1783/1783/1783 1809/1809/1809
f 1783/1783/1783 1808/1808/1808 1809/1809/1809
f 1786/1786/1786 1785/1785/1785 1811/1811/1811
f 1785/1785/1785 1810/1810/1810 1811/1811/1811
f 1787/1787/1787 1786/1786/1786 1812/1812/1812
f 1786/1786/1786 1811/1811/1811 1812/1812/1812
f 1788/1788/1788 1787/1787/1787 1813/1813/1813
f 1787/1787/1787 1812/1812/1812 1813/1813/1813
f 1789/1789/1789 1788/1788/1788 1814/1814/1814
f 1788/1788/1788 1813/1813/1813 1814/1814/1814
f 1790/1790/1790 1789/1789/1789 1815/1815/1815
f 1789/1789/1789 1814/1814/1814 1815/1815/1815
f 1791/1791/1791 1790/1790/1790 1816/1816/1816
f 1790/1790/1790 1815/1815/1815 1816/1816/1816
f 1792/1792/1792 1791/1791/1791 1817/1817/1817
f 1791/1791/1791 1816/1816/1816 1817/1817/1817
f 1793/1793/1793 1792/1792/1792 1818/1818/1818
f 1792/1792/1792 1817/1817/1817 1818/1818/1818
f 1794/1794/1794 1793/1793/1793 1819/1819/1819
f 1793/1793/1793 1818/1818/1818 1819/1819/1819
f 1795/1795/1795 1794/1794/1794 1820/1820/1820
f 1794/1794/1794 1819/1819/1819 1820/1820/1820
f 1796/1796/1796 1795/1795/1795 1821/1821/1821
f 1795/1795/1795 1820/1820/1820 1821/1821/1821
f 1797/1797/1797 1796/1796/1796 1822/1822/1822
f 1796/1796/1796 1821/1821/1821 1822/1822/1822
f 1798/1798/1798 1797/1797/1797 1823/1823/1823
f 1797/1797/1797 1822/1822/1822 1823/1823/1823
f 1799/1799/1799 1798/1798/1798 1824/1824/1824
f 1798/1798/1798 1823/1823/1823 1824/1824/1824
f 1800/1800/1800 1799/1799/1799 1825/1825/1825
f 1799/1799/1799 1824/1824/1824 1825/1825/1825
f 1801/1801/1801 1800/1800/1800 1826/1826/1826
f 1800/1800/1800 1825/1825/1825 1826/1826/1826
f 1802/1802/1802 1801/1801/1801 1827/1827/1827
f 1801/1801/1801 1826/1826/1826 1827/1827/1827
f 1803/1803/1803 1802/1802/1802 1828/1828/1828
f 1802/1802/1802 1827/1827/1827 1828/1828/1828
f 1804/1804/1804 1803/1803/1803 1829/1829/1829
f 1803/1803/1803 1828/1828/1828 1829/1829/1829
f 1805/1805/1805 1804/1804/1804 1830/1830/1830
f 1804/1804/1804 1829/1829/1829 1830/1830/1830
f 1806/1806/1806 1805/1805/1805 1831/1831/1831
f 1805/1805/1805 1830/1830/1830 1831/1831/1831
f 1807/1807/1807 1806/1806/1806 1832/1832/1832
f 1806/1806/1806 1831/1831/1831 1832/1832/1832
f 1808/1808/1808 1807/1807/1807 1833/1833/1833
f 1807/1807/1807 1832/1832/1832 1833/1833/1833
f 1809/1809/1809 1808/1808/1808 1834/1834/1834
f 1808/1808/1808 1833/1833/1833 1834/1834/1834
f 1811/1811/1811 1810/1810/1810 1836/1836/1836
f 1810/1810/1810 1835/1835/1835 1836/1836/1836
f 1812/1812/1812 1811/1811/1811 1837/1837/1837
f 1811/1811/1811 1836/1836/1836 1837/1837/1837
f 1813/1813/1813 1812/1812/1812 1838/1838/1838
f 1812/1812/1812 1837/1837/1837 1838/1838/1838
f 1814/1814/1814 1813/1813/1813 1839/1839/1839
f 1813/1813/1813 1838/1838/1838 1839/1839/1839
f 1815/1815/1815 1814/1814/1814 1840/1840/1840
f 1814/1814/1814 1839/1839/1839 1840/1840/1840
f 1816/1816/1816 1815/1815/1815 1841/1841/1841
f 1815/1815/1815 1840/1840/1840 1841/1841/1841
f 1817/1817/1817 1816/1816/1816 1842/1842/1842
f 1816/1816/1816 1841/1841/1841 1842/1842/1842
f 1818/1818/1818 1817/1817/1817 1843/1843/1843
f 1817/1817/1817 1842/1842/1842 1843/1843/1843
f 1819/1819/1819 1818/1818/1818 1844/1844/1844
f 1818/1818/1818 1843/1843/1843 1844/1844/1844
f 1820/1820/1820 1819/1819/1819 1845/1845/1845
f 1819/1819/1819 1844/1844/1844 1845/1845/1845
f 1821/1821/1821 1820/1820/1820 1846/1846/1846
f 1820/1820/1820 1845/1845/1845 1846/1846/1846
f 1822/1822/1822 1821/1821/1821 1847/1847/1847
f 1821/1821/1821 1846/1846/1846 1847/1847/1847
f 1823/1823/1823 1822/1822/1822 1848/1848/1848
f 1822/1822/1822 1847/1847/1847 1848/1848/1848
f 1824/1824/1824 1823/1823/1823 1849/1849/1849
f 1823/1823/1823 1848/1848/1848 1849/1849/1849
f 1825/1825/1825 1824/1824/1824 1850/1850/1850
f 1824/1824/1824 1849/1849/1849 1850/1850/1850
f 1826/1826/1826 1825/1825/1825 1851/1851/1851
f 1825/1825/1825 1850/1850/1850 1851/1851/1851
f 1827/1827/1827 1826/1826/1826 1852/1852/1852
f 1826/1826/1826 1851/1851/1851 1852/1852/1852
f 1828/1828/1828 1827/1827/1827 1853/1853/1853
f 1827/1827/1827 1852/1852/1852 1853/1853/1853
f 1829/1829/1829 1828/1828/1828 1854/1854/1854
f 1828/1828/1828 1853/1853/1853 1854/1854/1854
f 1830/1830/1830 1829/1829/1829 1855/1855/1855
f 1829/1829/1829 1854/1854/1854 1855/1855/1855
f 1831/1831/1831 1830/1830/1830 1856/1856/1856
f 1830/1830/1830 1855/1855/1855 1856/1856/1856
f 1832/1832/1832 1831/1831/1831 1857/1857/1857
f 1831/1831/1831 1856/1856/1856 1857/1857/1857
f 1833/1833/1833 1832/1832/1832 1858/1858/1858
f 1832/1832/1832 1857/1857/1857 1858/1858/1858
f 1834/1834/1834 1833/1833/1833 1859/1859/1859
f 1833/1833/1833 1858/1858/1858 1859/1859/1859
f 1836/1836/1836 1835/1835/1835 1861/1861/1861
f 1835/1835/1835 1860/1860/1860 1861/1861/1861
f 1837/1837/1837 1836/1836/1836 1862/1862/1862
f 1836/1836/1836 1861/1861/1861 1862/1862/1862
f 1838/1838/1838 1837/1837/1837 1863/1863/1863
f 1837/1837/1837 1862/1862/1862 1863/1863/1863
f 1839/1839/1839 1838/1838/1838 1864/1864/1864
f 1838/1838/1838 1863/1863/1863 1864/1864/1864
f 1840/1840/1840 1839/1839/1839 1865/1865/1865
f 1839/1839/1839 1864/1864/1864 1865/1865/1865
f 1841/1841/1841 1840/1840/1840 1866/1866/1866
f 1840/1840/1840 1865/1865/1865 1866/1866/1866
f 1842/1842/1842 1841/1841/1841 1867/1867/1867
f 1841/1841/1841 1866/1866/1866 1867/1867/1867
f 1843/1843/1843 1842/1842/1842 1868/1868/1868
f 1842/1842/1842 1867/1867/1867 1868/1868/1868
f 1844/1844/1844 1843/1843/1843 1869/1869/1869
f 1843/1843/1843 1868/1868/1868 1869/1869/1869
f 1845/1845/1845 1844/1844/1844 1870/1870/1870
f 1844/1844/1844 1869/1869/1869 1870/1870/1870
f 1846/1846/1846 1845/1845/1845 1871/1871/1871
f 1845/1845/1845 1870/1870/1870 1871/1871/1871
f 1847/1847/1847 1846/1846/1846 1872/1872/1872
f 1846/1846/1846 1871/1871/1871 1872/1872/1872
f 1848/1848/1848 1847/1847/1847 1873/1873/1873
f 1847/1847/1847 1872/1872/1872 1873/1873/1873
f 1849/1849/1849 1848/1848/1848 1874/1874/1874
f 1848/1848/1848 1873/1873/1873 1874/1874/1874
f 1850/1850/1850 1849/1849/1849 1875/1875/1875
f 1849/1849/1849 1874/1874/1874 1875/1875/1875
f 1851/1851/1851 1850/1850/1850 1876/1876/1876
f 1850/1850/1850 1875/1875/1875 1876/1876/1876
f 1852/1852/1852 1851/1851/1851 1877/1877/1877
f 1851/1851/1851 1876/1876/1876 1877/1877/1877
f 1853/1853/1853 1852/1852/1852 1878/1878/1878
f 1852/1852/1852 1877/1877/1877 1878/1878/1878
f 1854/1854/1854 1853/1853/1853 1879/1879/1879
f 1853/1853/1853 1878/1878/1878 1879/1879/1879
f 1855/1855/1855 1854/1854/1854 1880/1880/1880
f 1854/1854/1854 1879/1879/1879 1880/1880/1880
f 1856/1856/1856 1855/1855/1855 1881/1881/1881
f 1855/1855/1855 1880/1880/1880 1881/1881/1881
f 1857/1857/1857 1856/1856/1856 1882/1882/1882
f 1856/1856/1856 1881/1881/1881 1882/1882/1882
f 1858/1858/1858 1857/1857/1857 1883/1883/1883
f 1857/1857/1857 1882/1882/1882 1883/1883/1883
f 1859/1859/1859 1858/1858/1858 1884/1884/1884
f 1858/1858/1858 1883/1883/1883 1884/1884/1884
f 1861/1861/1861 1860/1860/1860 1886/1886/1886
f 1860/1860/1860 1885/1885/1885 1886/1886/1886
f 1862/1862/1862 1861/1861/1861 1887/1887/1887
f 1861/1861/1861 1886/1886/1886 1887/1887/1887
f 1863/1863/1863 1862/1862/1862 1888/1888/1888
f 1862/1862/1862 1887/1887/1887 1888/1888/1888
f 1864/1864/1864 1863/1863/1863 1889/1889/1889
f 1863/1863/1863 1888/1888/1888 1889/1889/1889
f 1865/1865/1865 1864/1864/1864 1890/1890/1890
f 1864/1864/1864 1889/1889/1889 1890/1890/1890
f 1866/1866/1866 1865/1865/1865 1891/1891/1891
f 1865/1865/1865 1890/1890/1890 1891/1891/1891
f 1867/1867/1867 1866/1866/1866 1892/1892/1892
f 1866/1866/1866 1891/1891/1891 1892/1892/1892
f 1868/1868/1868 1867/1867/1867 1893/1893/1893
f 1867/1867/1867 1892/1892/1892 1893/1893/1893
f 1869/1869/1869 1868/1868/1868 1894/1894/1894
f 1868/1868/1868 1893/1893/1893 1894/1894/1894
f 1870/1870/1870 1869/1869/1869 1895/1895/1895
f 1869/1869/1869 1894/1894/1894 1895/1895/1895
f 1871/1871/1871 1870/1870/1870 1896/1896/1896
f 1870/1870/1870 1895/1895/1895 1896/1896/1896
f 1872/1872/1872 1871/1871/1871 1897/1897/1897
f 1871/1871/1871 1896/1896/1896 1897/1897/1897
f 1873/1873/1873 1872/1872/1872 1898/1898/1898
f 1872/1872/1872 1897/1897/1897 1898/1898/1898
f 1874/1874/1874 1873/1873/1873 1899/1899/1899
f 1873/1873/1873 1898/1898/1898 1899/1899/1899
f 1875/1875/1875 1874/1874/1874 1900/1900/1900
f 1874/1874/1874 1899/1899/1899 1900/1900/1900
f 1876/1876/1876 1875/1875/1875 1901/1901/1901
f 1875/1875/1875 1900/1900/1900 1901/1901/1901
f 1877/1877/1877 1876/1876/1876 1902/1902/1902
f 1876/1876/1876 1901/1901/1901 1902/1902/1902
f 1878/1878/1878 1877/1877/1877 1903/1903/1903
f 1877/1877/1877 1902/1902/1902 1903/1903/1903
f 1879/1879/1879 1878/1878/1878 1904/1904/1904
f 1878/1878/1878 1903/1903/1903 1904/1904/1904
f 1880/1880/1880 1879/1879/1879 1905/1905/1905
f 1879/1879/1879 1904/1904/1904 1905/1905/1905
f 1881/1881/1881 1880/1880/1880 1906/1906/1906
f 1880/1880/1880 1905/1905/1905 1906/1906/1906
f 1882/1882/1882 1881/1881/1881 1907/1907/1907
f 1881/1881/1881 1906/1906/1906 1907/1907/1907
f 1883/1883/1883 1882/1882/1882 1908/1908/1908
f 1882/1882/1882 1907/1907/1907 1908/1908/1908
f 1884/1884/1884 1883/1883/1883 1909/1909/1909
f 1883/1883/1883 1908/1908/1908 1909/1909/1909
f 1886/1886/1886 1885/1885/1885 1911/1911/1911
f 1885/1885/1885 1910/1910/1910 1911/1911/1911
f 1887/1887/1887 1886/1886/1886 1912/1912/1912
f 1886/1886/1886 1911/1911/1911 1912/1912/1912
f 1888/1888/1888 1887/1887/1887 1913/1913/1913
f 1887/1887/1887 1912/1912/1912 1913/1913/1913
f 1889/1889/1889 1888/1888/1888 1914/1914/1914
f 1888/1888/1888 1913/1913/1913 1914/1914/1914
f 1890/1890/1890 1889/1889/1889 1915/1915/1915
f 1889/1889/1889 1914/1914/1914 1915/1915/1915
f 1891/1891/1891 1890/1890/1890 1916/1916/1916
f 1890/1890/1890 1915/1915/1915 1916/1916/1916
f 1892/1892/1892 1891/1891/1891 1917/1917/1917
f 1891/1891/1891 1916/1916/1916 1917/1917/1917
f 1893/1893/1893 1892/1892/1892 1918/1918/1918
f 1892/1892/1892 1917/1917/1917 1918/1918/1918
f 1894/1894/1894 1893/1893/1893 1919/1919/1919
f 1893/1893/1893 1918/1918/1918 1919/1919/1919
f 1895/1895/1895 1894/1894/1894 1920/1920/1920
f 1894/1894/1894 1919/1919/1919 1920/1920/1920
f 1896/1896/1896 1895/1895/1895 1921/1921/1921
f 1895/1895/1895 1920/1920/1920 1921/1921/1921
f 1897/1897/1897 1896/1896/1896 1922/1922/1922
f 1896/1896/1896 1921/1921/1921 1922/1922/1922
f 1898/1898/1898 1897/1897/1897 1923/1923/1923
f 1897/1897/1897 1922/1922/1922 1923/1923/1923
f 1899/1899/1899 1898/1898/1898 1924/1924/1924
f 1898/1898/1898 1923/1923/1923 1924/1924/1924
f 1900/1900/1900 1899/1899/1899 1925/1925/1925
f 1899/1899/1899 1924/1924/1924 1925/1925/1925
f 1901/1901/1901 1900/1900/1900 1926/1926/1926
f 1900/1900/1900 1925/1925/1925 1926/1926/1926
f 1902/1902/1902 1901/1901/1901 1927/1927/1927
f 1901/1901/1901 1926/1926/1926 1927/1927/1927
f 1903/1903/1903 1902/1902/1902 1928/1928/1928
f 1902/1902/1902 1927/1927/1927 1928/1928/1928
f 1904/1904/1904 1903/1903/1903 1929/1929/1929
f 1903/1903/1903 1928/1928/1928 1929/1929/1929
f 1905/1905/1905 1904/1904/1904 1930/1930/1930
f 1904/1904/1904 1929/1929/1929 1930/1930/1930
f 1906/1906/1906 1905/1905/1905 1931/1931/1931
f 1905/1905/1905 1930/1930/1930 1931/1931/1931
f 1907/1907/1907 1906/1906/1906 1932/1932/1932
f 1906/1906/1906 1931/1931/1931 1932/1932/1932
f 1908/1908/1908 1907/1907/1907 1933/1933/1933
f 1907/1907/1907 1932/1932/1932 1933/1933/1933
f 1909/1909/1909 1908/1908/1908 1934/1934/1934
f 1908/1908/1908 1933/1933/1933 1934/1934/1934
f 1911/1911/1911 1910/1910/1910 1936/1936/1936
f 1910/1910/1910 1935/1935/1935 1936/1936/1936
f 1912/1912/1912 1911/1911/1911 1937/1937/1937
f 1911/1911/1911 1936/1936/1936 1937/1937/1937
f 1913/1913/1913 1912/1912/1912 1938/1938/1938
f 1912/1912/1912 1937/1937/1937 1938/1938/1938
f 1914/1914/1914 1913/1913/1913 1939/1939/1939
f 1913/1913/1913 1938/1938/1938 1939/1939/1939
f 1915/1915/1915 1914/1914/1914 1940/1940/1940
f 1914/1914/1914 1939/1939/1939 1940/1940/1940
f 1916/1916/1916 1915/1915/1915 1941/1941/1941
f 1915/1915/1915 1940/1940/1940 1941/1941/1941
f 1917/1917/1917 1916/1916/1916 1942/1942/1942
f 1916/1916/1916 1941/1941/1941 1942/1942/1942
f 1918/1918/1918 1917/1917/1917 1943/1943/1943
f 1917/1917/1917 1942/1942/1942 1943/1943/1943
f 1919/1919/1919 1918/1918/1918 1944/1944/1944
f 1918/1918/1918 1943/1943/1943 1944/1944/1944
f 1920/1920/1920 1919/1919/1919 1945/1945/1945
f 1919/1919/1919 1944/1944/1944 1945/1945/1945
f 1921/1921/1921 1920/1920/1920 1946/1946/1946
f 1920/1920/1920 1945/1945/1945 1946/1946/1946
f 1922/1922/1922 1921/1921/1921 1947/1947/1947
f 1921/1921/1921 1946/1946/1946 1947/1947/1947
f 1923/1923/1923 1922/1922/1922 1948/1948/1948
f 1922/1922/1922 1947/1947/1947 1948/1948/1948
f 1924/1924/1924 1923/1923/1923 1949/1949/1949
f 1923/1923/1923 1948/1948/1948 1949/1949/1949
f 1925/1925/1925 1924/1924/1924 1950/1950/1950
f 1924/1924/1924 1949/1949/1949 1950/1950/1950
f 1926/1926/1926 1925/1925/1925 1951/1951/1951
f 1925/1925/1925 1950/1950/1950 1951/1951/1951
f 1927/1927/1927 1926/1926/1926 1952/1952/1952
f 1926/1926/1926 1951/1951/1951 1952/1952/1952
f 1928/1928/1928 1927/1927/1927 1953/1953/1953
f 1927/1927/1927 1952/1952/1952 1953/1953/1953
f 1929/1929/1929 1928/1928/1928 1954/1954/1954
f 1928/1928/1928 1953/1953/1953 1954/1954/1954
f 1930/1930/1930 1929/1929/1929 1955/1955/1955
f 1929/1929/1929 1954/1954/1954 1955/1955/1955
f 1931/1931/1931 1930/1930/1930 1956/1956/1956
f 1930/1930/1930 1955/1955/1955 1956/1956/1956
f 1932/1932/1932 1931/1931/1931 1957/1957/1957
f 1931/1931/1931 1956/1956/1956 1957/1957/1957
f 1933/1933/1933 1932/1932/1932 1958/1958/1958
f 1932/1932/1932 1957/1957/1957 1958/1958/1958
f 1934/1934/1934 1933/1933/1933 1959/1959/1959
f 1933/1933/1933 1958/1958/1958 1959/1959/1959
f 1936/1936/1936 1935/1935/1935 1961/1961/1961
f 1935/1935/1935 1960/1960/1960 1961/1961/1961
f 1937/1937/1937 1936/1936/1936 1962/1962/1962
f 1936/1936/1936 1961/1961/1961 1962/1962/1962
f 1938/1938/1938 1937/1937/1937 1963/1963/1963
f 1937/1937/1937 1962/1962/1962 1963/1963/1963
f 1939/1939/1939 1938/1938/1938 1964/1964/1964
f 1938/1938/1938 1963/1963/1963 1964/1964/1964
f 1940/1940/1940 1939/1939/1939 1965/1965/1965
f 1939/1939/1939 1964/1964/1964 1965/1965/1965
f 1941/1941/1941 1940/1940/1940 1966/1966/1966
f 1940/1940/1940 1965/1965/1965 1966/1966/1966
f 1942/1942/1942 1941/1941/1941 1967/1967/1967
f 1941/1941/1941 1966/1966/1966 1967/1967/1967
f 1943/1943/1943 1942/1942/1942 1968/1968/1968
f 1942/1942/1942 1967/1967/1967 1968/1968/1968
f 1944/1944/1944 1943/1943/1943 1969/1969/1969
f 1943/1943/1943 1968/1968/1968 1969/1969/1969
f 1945/1945/1945 1944/1944/1944 1970/1970/1970
f 1944/1944/1944 1969/1969/1969 1970/1970/1970
f 1946/1946/1946 1945/1945/1945 1971/1971/1971
f 1945/1945/1945 1970/1970/1970 1971/1971/1971
f 1947/1947/1947 1946/1946/1946 1972/1972/1972
f 1946/1946/1946 1971/1971/1971 1972/1972/1972
f 1948/1948/1948 1947/1947/1947 1973/1973/1973
f 1947/1947/1947 1972/1972/1972 1973/1973/1973
f 1949/1949/1949 1948/1948/1948 1974/1974/1974
f 1948/1948/1948 1973/1973/1973 1974/1974/1974
f 1950/1950/1950 1949/1949/1949 1975/1975/1975
f 1949/1949/1949 1974/1974/1974 1975/1975/1975
f 1951/1951/1951 1950/1950/1950 1976/1976/1976
f 1950/1950/1950 1975/1975/1975 1976/1976/1976
f 1952/1952/1952 1951/1951/1951 1977/1977/1977
f 1951/1951/1951 1976/1976/1976 1977/1977/1977
f 1953/1953/1953 1952/1952/1952 1978/1978/1978
f 1952/1952/1952 1977/1977/1977 1978/1978/1978
f 1954/1954/1954 1953/1953/1953 1979/1979/1979
f 1953/1953/1953 1978/1978/1978 1979/1979/1979
f 1955/1955/1955 1954/1954/1954 1980/1980/1980
f 1954/1954/1954 1979/1979/1979 1980/1980/1980
f 1956/1956/1956 1955/1955/1955 1981/1981/1981
f 1955/1955/1955 1980/1980/1980 1981/1981/1981
f 1957/1957/1957 1956/1956/1956 1982/1982/1982
f 1956/1956/1956 1981/1981/1981 1982/1982/1982
f 1958/1958/1958 1957/1957/1957 1983/1983/1983
f 1957/1957/1957 1982/1982/1982 1983/1983/1983
f 1959/1959/1959 1958/1958/1958 1984/1984/1984
f 1958/1958/1958 1983/1983/1983 1984/1984/1984
f 1961/1961/1961 1960/1960/1960 1986/1986/1986
f 1960/1960/1960 1985/1985/1985 1986/1986/1986
f 1962/1962/1962 1961/1961/1961 1987/1987/1987
f 1961/1961/1961 1986/1986/1986 1987/1987/1987
f 1963/1963/1963 1962/1962/1962 1988/1988/1988
f 1962/1962/1962 1987/1987/1987 1988/1988/1988
f 1964/1964/1964 1963/1963/1963 1989/1989/1989
f 1963/1963/1963 1988/1988/1988 1989/1989/1989
f 1965/1965/1965 1964/1964/1964 1990/1990/1990
f 1964/1964/1964 1989/1989/1989 1990/1990/1990
f 1966/1966/1966 1965/1965/1965 1991/1991/1991
f 1965/1965/1965 1990/1990/1990 1991/1991/1991
f 1967/1967/1967 1966/1966/1966 1992/1992/1992
f 1966/1966/1966 1991/1991/1991 1992/1992/1992
f 1968/1968/1968 1967/1967/1967 1993/1993/1993
f 1967/1967/1967 1992/1992/1992 1993/1993/1993
f 1969/1969/1969 1968/1968/1968 1994/1994/1994
f 1968/1968/1968 1993/1993/1993 1994/1994/1994
f 1970/1970/1970 1969/1969/1969 1995/1995/1995
f 1969/1969/1969 1994/1994/1994 1995/1995/1995
f 1971/1971/1971 1970/1970/1970 1996/1996/1996
f 1970/1970/1970 1995/1995/1995 1996/1996/1996
f 1972/1972/1972 1971/1971/1971 1997/1997/1997
f 1971/1971/1971 1996/1996/1996 1997/1997/1997
f 1973/1973/1973 1972/1972/1972 1998/1998/1998
f 1972/1972/1972 1997/1997/1997 1998/1998/1998
f 1974/1974/1974 1973/1973/1973 1999/1999/1999
f 1973/1973/1973 1998/1998/1998 1999/1999/1999
f 1975/1975/1975 1974/1974/1974 2000/2000/2000
f 1974/1974/1974 1999/1999/1999 2000/2000/2000
f 1976/1976/1976 1975/1975/1975 2001/2001/2001
f 1975/1975/1975 2000/2000/2000 2001/2001/2001
f 1977/1977/1977 1976/1976/1976 2002/2002/2002
f 1976/1976/1976 2001/2001/2001 2002/2002/2002
f 1978/1978/1978 1977/1977/1977 2003/2003/2003
f 1977/1977/1977 2002/2002/2002 2003/2003/2003
f 1979/1979/1979 1978/1978/1978 2004/2004/2004
f 1978/1978/1978 2003/2003/2003 2004/2004/2004
f 1980/1980/1980 1979/1979/1979 2005/2005/2005
f 1979/1979/1979 2004/2004/2004 2005/2005/2005
f 1981/1981/1981 1980/1980/1980 2006/2006/2006
f 1980/1980/1980 2005/2005/2005 2006/2006/2006
f 1982/1982/1982 1981/1981/1981 2007/2007/2007
f 1981/1981/1981 2006/2006/2006 2007/2007/2007
f 1983/1983/1983 1982/1982/1982 2008/2008/2008
f 1982/1982/1982 2007/2007/2007 2008/2008/2008
f 1984/1984/1984 1983/1983/1983 2009/2009/2009
f 1983/1983/1983 2008/2008/2008 2009/2009/2009
f 1986/1986/1986 1985/1985/1985 2011/2011/2011
f 1985/1985/1985 2010/2010/2010 2011/2011/2011
f 1987/1987/1987 1986/1986/1986 2012/2012/2012
f 1986/1986/1986 2011/2011/2011 2012/2012/2012
f 1988/1988/1988 1987/1987/1987 2013/2013/2013
f 1987/1987/1987 2012/2012/2012 2013/2013/2013
f 1989/1989/1989 1988/1988/1988 2014/2014/2014
f 1988/1988/1988 2013/2013/2013 2014/2014/2014
f 1990/1990/1990 1989/1989/1989 2015/2015/2015
f 1989/1989/1989 2014/2014/2014 2015/2015/2015
f 1991/1991/1991 1990/1990/1990 2016/2016/2016
f 1990/1990/1990 2015/2015/2015 2016/2016/2016
f 1992/1992/1992 1991/1991/1991 2017/2017/2017
f 1991/1991/1991 2016/2016/2016 2017/2017/2017
f 1993/1993/1993 1992/1992/1992 2018/2018/2018
f 1992/1992/1992 2017/2017/2017 2018/2018/2018
f 1994/1994/1994 1993/1993/1993 2019/2019/2019
f 1993/1993/1993 2018/2018/2018 2019/2019/2019
f 1995/1995/1995 1994/1994/1994 2020/2020/2020
f 1994/1994/1994 2019/2019/2019 2020/2020/2020
f 1996/1996/1996 1995/1995/1995 2021/2021/2021
f 1995/1995/1995 2020/2020/2020 2021/2021/2021
f 1997/1997/1997 1996/1996/1996 2022/2022/2022
f 1996/1996/1996 2021/2021/2021 2022/2022/2022
f 1998/1998/1998 1997/1997/1997 2023/2023/2023
f 1997/1997/1997 2022/2022/2022 2023/2023/2023
f 1999/1999/1999 1998/1998/1998 2024/2024/2024
f 1998/1998/1998 2023/2023/2023 2024/2024/2024
f 2000/2000/2000 1999/1999/1999 2025/2025/2025
f 1999/1999/1999 2024/2024/2024 2025/2025/2025
f 2001/2001/2001 2000/2000/2000 2026/2026/2026
f 2000/2000/2000 2025/2025/2025 2026/2026/2026
f 2002/2002/2002 2001/2001/2001 2027/2027/2027
f 2001/2001/2001 2026/2026/2026 2027/2027/2027
f 2003/2003/2003 2002/2002/2002 2028/2028/2028
f 2002/2002/2002 2027/2027/2027 2028/2028/2028
f 2004/2004/2004 2003/2003/2003 2029/2029/2029
f 2003/2003/2003 2028/2028/2028 2029/2029/2029
f 2005/2005/2005 2004/2004/2004 2030/2030/2030
f 2004/2004/2004 2029/2029/2029 2030/2030/2030
f 2006/2006/2006 2005/2005/2005 2031/2031/2031
f 2005/2005/2005 2030/2030/2030 2031/2031/2031
f 2007/2007/2007 2006/2006/2006 2032/2032/2032
f 2006/2006/2006 2031/2031/2031 2032/2032/2032
f 2008/2008/2008 2007/2007/2007 2033/2033/2033
f 2007/2007/2007 2032/2032/2032 2033/2033/2033
f 2009/2009/2009 2008/2008/2008 2034/2034/2034
f 2008/2008/2008 2033/2033/2033 2034/2034/2034
f 2011/2011/2011 2010/2010/2010 2036/2036/2036
f 2010/2010/2010 2035/2035/2035 2036/2036/2036
f 2012/2012/2012 2011/2011/2011 2037/2037/2037
f 2011/2011/2011 2036/2036/2036 2037/2037/2037
f 2013/2013/2013 2012/2012/2012 2038/2038/2038
f 2012/2012/2012 2037/2037/2037 2038/2038/2038
f 2014/2014/2014 2013/2013/2013 2039/2039/2039
f 2013/2013/2013 2038/2038/2038 2039/2039/2039
f 2015/2015/2015 2014/2014/2014 2040/2040/2040
f 2014/2014/2014 2039/2039/2039 2040/2040/2040
f 2016/2016/2016 2015/2015/2015 2041/2041/2041
f 2015/2015/2015 2040/2040/2040 2041/2041/2041
f 2017/2017/2017 2016/2016/2016 2042/2042/2042
f 2016/2016/2016 2041/2041/2041 2042/2042/2042
f 2018/2018/2018 2017/2017/2017 2043/2043/2043
f 2017/2017/2017 2042/2042/2042 2043/2043/2043
f 2019/2019/2019 2018/2018/2018 2044/2044/2044
f 2018/2018/2018 2043/2043/2043 2044/2044/2044
f 2020/2020/2020 2019/2019/2019 2045/2045/2045
f 2019/2019/2019 2044/2044/2044 2045/2045/2045
f 2021/2021/2021 2020/2020/2020 2046/2046/2046
f 2020/2020/2020 2045/2045/2045 2046/2046/2046
f 2022/2022/2022 2021/2021/2021 2047/2047/2047
f 2021/2021/2021 2046/2046/2046 2047/2047/2047
f 2023/2023/2023 2022/2022/2022 2048/2048/2048
f 2022/2022/2022 2047/2047/2047 2048/2048/2048
f 2024/2024/2024 2023/2023/2023 2049/2049/2049
f 2023/2023/2023 2048/2048/2048 2049/2049/2049
f 2025/2025/2025 2024/2024/2024 2050/2050/2050
f 2024/2024/2024 2049/2049/2049 2050/2050/2050
f 2026/2026/2026 2025/2025/2025 2051/2051/2051
f 2025/2025/2025 2050/2050/2050 2051/2051/2051
f 2027/2027/2027 2026/2026/2026 2052/2052/2052
f 2026/2026/2026 2051/2051/2051 2052/2052/2052
f 2028/2028/2028 2027/2027/2027 2053/2053/2053
f 2027/2027/2027 2052/2052/2052 2053/2053/2053
f 2029/2029/2029 2028/2028/2028 2054/2054/2054
f 2028/2028/2028 2053/2053/2053 2054/2054/2054
f 2030/2030/2030 2029/2029/2029 2055/2055/2055
f 2029/2029/2029 2054/2054/2054 2055/2055/2055
f 2031/2031/2031 2030/2030/2030 2056/2056/2056
f 2030/2030/2030 2055/2055/2055 2056/2056/2056
f 2032/2032/2032 2031/2031/2031 2057/2057/2057
f 2031/2031/2031 2056/2056/2056 2057/2057/2057
f 2033/2033/2033 2032/2032/2032 2058/2058/2058
f 2032/2032/2032 2057/2057/2057 2058/2058/2058
f 2034/2034/2034 2033/2033/2033 2059/2059/2059
f 2033/2033/2033 2058/2058/2058 2059/2059/2059
f 2036/2036/2036 2035/2035/2035 2061/2061/2061
f 2035/2035/2035 2060/2060/2060 2061/2061/2061
f 2037/2037/2037 2036/2036/2036 2062/2062/2062
f 2036/2036/2036 2061/2061/2061 2062/2062/2062
f 2038/2038/2038 2037/2037/2037 2063/2063/2063
f 2037/2037/2037 2062/2062/2062 2063/2063/2063
f 2039/2039/2039 2038/2038/2038 2064/2064/2064
f 2038/2038/2038 2063/2063/2063 2064/2064/2064
f 2040/2040/2040 2039/2039/2039 2065/2065/2065
f 2039/2039/2039 2064/2064/2064 2065/2065/2065
f 2041/2041/2041 2040/2040/2040 2066/2066/2066
f 2040/2040/2040 2065/2065/2065 2066/2066/2066
f 2042/2042/2042 2041/2041/2041 2067/2067/2067
f 2041/2041/2041 2066/2066/2066 2067/2067/2067
f 2043/2043/2043 2042/2042/2042 2068/2068/2068
f 2042/2042/2042 2067/2067/2067 2068/2068/2068
f 2044/2044/2044 2043/2043/2043 2069/2069/2069
f 2043/2043/2043 2068/2068/2068 2069/2069/2069
f 2045/2045/2045 2044/2044/2044 2070/2070/2070
f 2044/2044/2044 2069/2069/2069 2070/2070/2070
f 2046/2046/2046 2045/2045/2045 2071/2071/2071
f 2045/2045/2045 2070/2070/2070 2071/2071/2071
f 2047/2047/2047 2046/2046/2046 2072/2072/2072
f 2046/2046/2046 2071/2071/2071 2072/2072/2072
f 2048/2048/2048 2047/2047/2047 2073/2073/2073
f 2047/2047/2047 2072/2072/2072 2073/2073/2073
f 2049/2049/2049 2048/2048/2048 2074/2074/2074
f 2048/2048/2048 2073/2073/2073 2074/2074/2074
f 2050/2050/2050 2049/2049/2049 2075/2075/2075
f 2049/2049/2049 2074/2074/2074 2075/2075/2075
f 2051/2051/2051 2050/2050/2050 2076/2076/2076
f 2050/2050/2050 2075/2075/2075 2076/2076/2076
f 2052/2052/2052 2051/2051/2051 2077/2077/2077
f 2051/2051/2051 2076/2076/2076 2077/2077/2077
f 2053/2053/2053 2052/2052/2052 2078/2078/2078
f 2052/2052/2052 2077/2077/2077 2078/2078/2078
f 2054/2054/2054 2053/2053/2053 2079/2079/2079
f 2053/2053/2053 2078/2078/2078 2079/2079/2079
f 2055/2055/2055 2054/2054/2054 2080/2080/2080
f 2054/2054/2054 2079/2079/2079 2080/2080/2080
f 2056/2056/2056 2055/2055/2055 2081/2081/2081
f 2055/2055/2055 2080/2080/2080 2081/2081/2081
f 2057/2057/2057 2056/2056/2056 2082/2082/2082
f 2056/2056/2056 2081/2081/2081 2082/2082/2082
f 2058/2058/2058 2057/2057/2057 2083/2083/2083
f 2057/2057/2057 2082/2082/2082 2083/2083/2083
f 2059/2059/2059 2058/2058/2058 2084/2084/2084
f 2058/2058/2058 2083/2083/2083 2084/2084/2084
f 2061/2061/2061 2060/2060/2060 2086/2086/2086
f 2060/2060/2060 2085/2085/2085 2086/2086/2086
f 2062/2062/2062 2061/2061/2061 2087/2087/2087
f 2061/2061/2061 2086/2086/2086 2087/2087/2087
f 2063/2063/2063 2062/2062/2062 2088/2088/2088
f 2062/2062/2062 2087/2087/2087 2088/2088/2088
f 2064/2064/2064 2063/2063/2063 2089/2089/2089
f 2063/2063/2063 2088/2088/2088 2089/2089/2089
f 2065/2065/2065 2064/2064/2064 2090/2090/2090
f 2064/2064/2064 2089/2089/2089 2090/2090/2090
f 2066/2066/2066 2065/2065/2065 2091/2091/2091
f 2065/2065/2065 2090/2090/2090 2091/2091/2091
f 2067/2067/2067 2066/2066/2066 2092/2092/2092
f 2066/2066/2066 2091/2091/2091 2092/2092/2092
f 2068/2068/2068 2067/2067/2067 2093/2093/2093
f 2067/2067/2067 2092/2092/2092 2093/2093/2093
f 2069/2069/2069 2068/2068/2068 2094/2094/2094
f 2068/2068/2068 2093/2093/2093 2094/2094/2094
f 2070/2070/2070 2069/2069/2069 2095/2095/2095
f 2069/2069/2069 2094/2094/2094 2095/2095/2095
f 2071/2071/2071 2070/2070/2070 2096/2096/2096
f 2070/2070/2070 2095/2095/2095 2096/2096/2096
f 2072/2072/2072 2071/2071/2071 2097/2097/2097
f 2071/2071/2071 2096/2096/2096 2097/2097/2097
f 2073/2073/2073 2072/2072/2072 2098/2098/2098
f 2072/2072/2072 2097/2097/2097 2098/2098/2098
f 2074/2074/2074 2073/2073/2073 2099/2099/2099
f 2073/2073/2073 2098/2098/2098 2099/2099/2099
f 2075/2075/2075 2074/2074/2074 2100/2100/2100
f 2074/2074/2074 2099/2099/2099 2100/2100/2100
f 2076/2076/2076 2075/2075/2075 2101/2101/2101
f 2075/2075/2075 2100/2100/2100 2101/2101/2101
f 2077/2077/2077 2076/2076/2076 2102/2102/2102
f 2076/2076/2076 2101/2101/2101 2102/2102/2102
f 2078/2078/2078 2077/2077/2077 2103/2103/2103
f 2077/2077/2077 2102/2102/2102 2103/2103/2103
f 2079/2079/2079 2078/2078/2078 2104/2104/2104
f 2078/2078/2078 2103/2103/2103 2104/2104/2104
f 2080/2080/2080 2079/2079/2079 2105/2105/2105
f 2079/2079/2079 2104/2104/2104 2105/2105/2105
f 2081/2081/2081 2080/2080/2080 2106/2106/2106
f 2080/2080/2080 2105/2105/2105 2106/2106/2106
f 2082/2082/2082 2081/2081/2081 2107/2107/2107
f 2081/2081/2081 2106/2106/2106 2107/2107/2107
f 2083/2083/2083 2082/2082/2082 2108/2108/2108
f 2082/2082/2082 2107/2107/2107 2108/2108/2108
f 2084/2084/2084 2083/2083/2083 2109/2109/2109
f 2083/2083/2083 2108/2108/2108 2109/2109/2109
f 2086/2086/2086 2085/2085/2085 2111/2111/2111
f 2085/2085/2085 2110/2110/2110 2111/2111/2111
f 2087/2087/2087 2086/2086/2086 2112/2112/2112
f 2086/2086/2086 2111/2111/2111 2112/2112/2112
f 2088/2088/2088 2087/2087/2087 2113/2113/2113
f 2087/2087/2087 2112/2112/2112 2113/2113/2113
f 2089/2089/2089 2088/2088/2088 2114/2114/2114
f 2088/2088/2088 2113/2113/2113 2114/2114/2114
f 2090/2090/2090 2089/2089/2089 2115/2115/2115
f 2089/2089/2089 2114/2114/2114 2115/2115/2115
f 2091/2091/2091 2090/2090/2090 2116/2116/2116
f 2090/2090/2090 2115/2115/2115 2116/2116/2116
f 2092/2092/2092 2091/2091/2091 2117/2117/2117
f 2091/2091/2091 2116/2116/2116 2117/2117/2117
f 2093/2093/2093 2092/2092/2092 2118/2118/2118
f 2092/2092/2092 2117/2117/2117 2118/2118/2118
f 2094/2094/2094 2093/2093/2093 2119/2119/2119
f 2093/2093/2093 2118/2118/2118 2119/2119/2119
f 2095/2095/2095 2094/2094/2094 2120/2120/2120
f 2094/2094/2094 2119/2119/2119 2120/2120/2120
f 2096/2096/2096 2095/2095/2095 2121/2121/2121
f 2095/2095/2095 2120/2120/2120 2121/2121/2121
f 2097/2097/2097 2096/2096/2096 2122/2122/2122
f 2096/2096/2096 2121/2121/2121 2122/2122/2122
f 2098/2098/2098 2097/2097/2097 2123/2123/2123
f 2097/2097/2097 2122/2122/2122 2123/2123/2123
f 2099/2099/2099 2098/2098/2098 2124/2124/2124
f 2098/2098/2098 2123/2123/2123 2124/2124/2124
f 2100/2100/2100 2099/2099/2099 2125/2125/2125
f 2099/2099/2099 2124/2124/2124 2125/2125/2125
f 2101/2101/2101 2100/2100/2100 2126/2126/2126
f 2100/2100/2100 2125/2125/2125 2126/2126/2126
f 2102/2102/2102 2101/2101/2101 2127/2127/2127
f 2101/2101/2101 2126/2126/2126 2127/2127/2127
f 2103/2103/2103 2102/2102/2102 2128/2128/2128
f 2102/2102/2102 2127/2127/2127 2128/2128/2128
f 2104/2104/2104 2103/2103/2103 2129/2129/2129
f 2103/2103/2103 2128/2128/2128 2129/2129/2129
f 2105/2105/2105 2104/2104/2104 2130/2130/2130
f 2104/2104/2104 2129/2129/2129 2130/2130/2130
f 2106/2106/2106 2105/2105/2105 2131/2131/2131
f 2105/2105/2105 2130/2130/2130 2131/2131/2131
f 2107/2107/2107 2106/2106/2106 2132/2132/2132
f 2106/2106/2106 2131/2131/2131 2132/2132/2132
f 2108/2108/2108 2107/2107/2107 2133/2133/2133
f 2107/2107/2107 2132/2132/2132 2133/2133/2133
f 2109/2109/2109 2108/2108/2108 2134/2134/2134
f 2108/2108/2108 2133/2133/2133 2134/2134/2134
f 2111/2111/2111 2110/2110/2110 2136/2136/2136
f 2110/2110/2110 2135/2135/2135 2136/2136/2136
f 2112/2112/2112 2111/2111/2111 2137/2137/2137
f 2111/2111/2111 2136/2136/2136 2137/2137/2137
f 2113/2113/2113 2112/2112/2112 2138/2138/2138
f 2112/2112/2112 2137/2137/2137 2138/2138/2138
f 2114/2114/2114 2113/2113/2113 2139/2139/2139
f 2113/2113/2113 2138/2138/2138 2139/2139/2139
f 2115/2115/2115 2114/2114/2114 2140/2140/2140
f 2114/2114/2114 2139/2139/2139 2140/2140/2140
f 2116/2116/2116 2115/2115/2115 2141/2141/2141
f 2115/2115/2115 2140/2140/2140 2141/2141/2141
f 2117/2117/2117 2116/2116/2116 2142/2142/2142
f 2116/2116/2116 2141/2141/2141 2142/2142/2142
f 2118/2118/2118 2117/2117/2117 2143/2143/2143
f 2117/2117/2117 2142/2142/2142 2143/2143/2143
f 2119/2119/2119 2118/2118/2118 2144/2144/2144
f 2118/2118/2118 2143/2143/2143 2144/2144/2144
f 2120/2120/2120 2119/2119/2119 2145/2145/2145
f 2119/2119/2119 2144/2144/2144 2145/2145/2145
f 2121/2121/2121 2120/2120/2120 2146/2146/2146
f 2120/2120/2120 2145/2145/2145 2146/2146/2146
f 2122/2122/2122 2121/2121/2121 2147/2147/2147
f 2121/2121/2121 2146/2146/2146 2147/2147/2147
f 2123/2123/2123 2122/2122/2122 2148/2148/2148
f 2122/2122/2122 2147/2147/2147 2148/2148/2148
f 2124/2124/2124 2123/2123/2123 2149/2149/2149
f 2123/2123/2123 2148/2148/2148 2149/2149/2149
f 2125/2125/2125 2124/2124/2124 2150/2150/2150
f 2124/2124/2124 2149/2149/2149 2150/2150/2150
f 2126/2126/2126 2125/2125/2125 2151/2151/2151
f 2125/2125/2125 2150/2150/2150 2151/2151/2151
f 2127/2127/2127 2126/2126/2126 2152/2152/2152
f 2126/2126/2126 2151/2151/2151 2152/2152/2152
f 2128/2128/2128 2127/2127/2127 2153/2153/2153
f 2127/2127/2127 2152/2152/2152 2153/2153/2153
f 2129/2129/2129 2128/2128/2128 2154/2154/2154
f 2128/2128/2128 2153/2153/2153 2154/2154/2154
f 2130/2130/2130 2129/2129/2129 2155/2155/2155
f 2129/2129/2129 2154/2154/2154 2155/2155/2155
f 2131/2131/2131 2130/2130/2130 2156/2156/2156
f 2130/2130/2130 2155/2155/2155 2156/2156/2156
f 2132/2132/2132 2131/2131/2131 2157/2157/2157
f 2131/2131/2131 2156/2156/2156 2157/2157/2157
f 2133/2133/2133 2132/2132/2132 2158/2158/2158
f 2132/2132/2132 2157/2157/2157 2158/2158/2158
f 2134/2134/2134 2133/2133/2133 2159/2159/2159
f 2133/2133/2133 2158/2158/2158 2159/2159/2159
f 2136/2136/2136 2135/2135/2135 2161/2161/2161
f 2135/2135/2135 2160/2160/2160 2161/2161/2161
f 2137/2137/2137 2136/2136/2136 2162/2162/2162
f 2136/2136/2136 2161/2161/2161 2162/2162/2162
f 2138/2138/2138 2137/2137/2137 2163/2163/2163
f 2137/2137/2137 2162/2162/2162 2163/2163/2163
f 2139/2139/2139 2138/2138/2138 2164/2164/2164
f 2138/2138/2138 2163/2163/2163 2164/2164/2164
f 2140/2140/2140 2139/2139/2139 2165/2165/2165
f 2139/2139/2139 2164/2164/2164 2165/2165/2165
f 2141/2141/2141 2140/2140/2140 2166/2166/2166
f 2140/2140/2140 2165/2165/2165 2166/2166/2166
f 2142/2142/2142 2141/2141/2141 2167/2167/2167
f 2141/2141/2141 2166/2166/2166 2167/2167/2167
f 2143/2143/2143 2142/2142/2142 2168/2168/2168
f 2142/2142/2142 2167/2167/2167 2168/2168/2168
f 2144/2144/2144 2143/2143/2143 2169/2169/2169
f 2143/2143/2143 2168/2168/2168 2169/2169/2169
f 2145/2145/2145 2144/2144/2144 2170/2170/2170
f 2144/2144/2144 2169/2169/2169 2170/2170/2170
f 2146/2146/2146 2145/2145/2145 2171/2171/2171
f 2145/2145/2145 2170/2170/2170 2171/2171/2171
f 2147/2147/2147 2146/2146/2146 2172/2172/2172
f 2146/2146/2146 2171/2171/2171 2172/2172/2172
f 2148/2148/2148 2147/2147/2147 2173/2173/2173
f 2147/2147/2147 2172/2172/2172 2173/2173/2173
f 2149/2149/2149 2148/2148/2148 2174/2174/2174
f 2148/2148/2148 2173/2173/2173 2174/2174/2174
f 2150/2150/2150 2149/2149/2149 2175/2175/2175
f 2149/2149/2149 2174/2174/2174 2175/2175/2175
f 2151/2151/2151 2150/2150/2150 2176/2176/2176
f 2150/2150/2150 2175/2175/2175 2176/2176/2176
f 2152/2152/2152 2151/2151/2151 2177/2177/2177
f 2151/2151/2151 2176/2176/2176 2177/2177/2177
f 2153/2153/2153 2152/2152/2152 2178/2178/2178
f 2152/2152/2152 2177/2177/2177 2178/2178/2178
f 2154/2154/2154 2153/2153/2153 2179/2179/2179
f 2153/2153/2153 2178/2178/2178 2179/2179/2179
f 2155/2155/2155 2154/2154/2154 2180/2180/2180
f 2154/2154/2154 2179/2179/2179 2180/2180/2180
f 2156/2156/2156 2155/2155/2155 2181/2181/2181
f 2155/2155/2155 2180/2180/2180 2181/2181/2181
f 2157/2157/2157 2156/2156/2156 2182/2182/2182
f 2156/2156/2156 2181/2181/2181 2182/2182/2182
f 2158/2158/2158 2157/2157/2157 2183/2183/2183
f 2157/2157/2157 2182/2182/2182 2183/2183/2183
f 2159/2159/2159 2158/2158/2158 2184/2184/2184
f 2158/2158/2158 2183/2183/2183 2184/2184/2184
f 2161/2161/2161 2160/2160/2160 2186/2186/2186
f 2160/2160/2160 2185/2185/2185 2186/2186/2186
f 2162/2162/2162 2161/2161/2161 2187/2187/2187
f 2161/2161/2161 2186/2186/2186 2187/2187/2187
f 2163/2163/2163 2162/2162/2162 2188/2188/2188
f 2162/2162/2162 2187/2187/2187 2188/2188/2188
f 2164/2164/2164 2163/2163/2163 2189/2189/2189
f 2163/2163/2163 2188/2188/2188 2189/2189/2189
f 2165/2165/2165 2164/2164/2164 2190/2190/2190
f 2164/2164/2164 2189/2189/2189 2190/2190/2190
f 2166/2166/2166 2165/2165/2165 2191/2191/2191
f 2165/2165/2165 2190/2190/2190 2191/2191/2191
f 2167/2167/2167 2166/2166/2166 2192/2192/2192
f 2166/2166/2166 2191/2191/2191 2192/2192/2192
f 2168/2168/2168 2167/2167/2167 2193/2193/2193
f 2167/2167/2167 2192/2192/2192 2193/2193/2193
f 2169/2169/2169 2168/2168/2168 2194/2194/2194
f 2168/2168/2168 2193/2193/2193 2194/2194/2194
f 2170/2170/2170 2169/2169/2169 2195/2195/2195
f 2169/2169/2169 2194/2194/2194 2195/2195/2195
f 2171/2171/2171 2170/2170/2170 2196/2196/2196
f 2170/2170/2170 2195/2195/2195 2196/2196/2196
f 2172/2172/2172 2171/2171/2171 2197/2197/2197
f 2171/2171/2171 2196/2196/2196 2197/2197/2197
f 2173/2173/2173 2172/2172/2172 2198/2198/2198
f 2172/2172/2172 2197/2197/2197 2198/2198/2198
f 2174/2174/2174 2173/2173/2173 2199/2199/2199
f 2173/2173/2173 2198/2198/2198 2199/2199/2199
f 2175/2175/2175 2174/2174/2174 2200/2200/2200
f 2174/2174/2174 2199/2199/2199 2200/2200/2200
f 2176/2176/2176 2175/2175/2175 2201/2201/2201
f 2175/2175/2175 2200/2200/2200 2201/2201/2201
f 2177/2177/2177 2176/2176/2176 2202/2202/2202
f 2176/2176/2176 2201/2201/2201 2202/2202/2202
f 2178/2178/2178 2177/2177/2177 2203/2203/2203
f 2177/2177/2177 2202/2202/2202 2203/2203/2203
f 2179/2179/2179 2178/2178/2178 2204/2204/2204
f 2178/2178/2178 2203/2203/2203 2204/2204/2204
f 2180/2180/2180 2179/2179/2179 2205/2205/2205
f 2179/2179/2179 2204/2204/2204 2205/2205/2205
f 2181/2181/2181 2180/2180/2180 2206/2206/2206
f 2180/2180/2180 2205/2205/2205 2206/2206/2206
f 2182/2182/2182 2181/2181/2181 2207/2207/2207
f 2181/2181/2181 2206/2206/2206 2207/2207/2207
f 2183/2183/2183 2182/2182/2182 2208/2208/2208
f 2182/2182/2182 2207/2207/2207 2208/2208/2208
f 2184/2184/2184 2183/2183/2183 2209/2209/2209
f 2183/2183/2183 2208/2208/2208 2209/2209/2209
f 2186/2186/2186 2185/2185/2185 2211/2211/2211
f 2185/2185/2185 2210/2210/2210 2211/2211/2211
f 2187/2187/2187 2186/2186/2186 2212/2212/2212
f 2186/2186/2186 2211/2211/2211 2212/2212/2212
f 2188/2188/2188 2187/2187/2187 2213/2213/2213
f 2187/2187/2187 2212/2212/2212 2213/2213/2213
f 2189/2189/2189 2188/2188/2188 2214/2214/2214
f 2188/2188/2188 2213/2213/2213 2214/2214/2214
f 2190/2190/2190 2189/2189/2189 2215/2215/2215
f 2189/2189/2189 2214/2214/2214 2215/2215/2215
f 2191/2191/2191 2190/2190/2190 2216/2216/2216
f 2190/2190/2190 2215/2215/2215 2216/2216/2216
f 2192/2192/2192 2191/2191/2191 2217/2217/2217
f 2191/2191/2191 2216/2216/2216 2217/2217/2217
f 2193/2193/2193 2192/2192/2192 2218/2218/2218
f 2192/2192/2192 2217/2217/2217 2218/2218/2218
f 2194/2194/2194 2193/2193/2193 2219/2219/2219
f 2193/2193/2193 2218/2218/2218 2219/2219/2219
f 2195/2195/2195 2194/2194/2194 2220/2220/2220
f 2194/2194/2194 2219/2219/2219 2220/2220/2220
f 2196/2196/2196 2195/2195/2195 2221/2221/2221
f 2195/2195/2195 2220/2220/2220 2221/2221/2221
f 2197/2197/2197 2196/2196/2196 2222/2222/2222
f 2196/2196/2196 2221/2221/2221 2222/2222/2222
f 2198/2198/2198 2197/2197/2197 2223/2223/2223
f 2197/2197/2197 2222/2222/2222 2223/2223/2223
f 2199/2199/2199 2198/2198/2198 2224/2224/2224
f 2198/2198/2198 2223/2223/2223 2224/2224/2224
f 2200/2200/2200 2199/2199/2199 2225/2225/2225
f 2199/2199/2199 2224/2224/2224 2225/2225/2225
f 2201/2201/2201 2200/2200/2200 2226/2226/2226
f 2200/2200/2200 2225/2225/2225 2226/2226/2226
f 2202/2202/2202 2201/2201/2201 2227/2227/2227
f 2201/2201/2201 2226/2226/2226 2227/2227/2227
f 2203/2203/2203 2202/2202/2202 2228/2228/2228
f 2202/2202/2202 2227/2227/2227 2228/2228/2228
f 2204/2204/2204 2203/2203/2203 2229/2229/2229
f 2203/2203/2203 2228/2228/2228 2229/2229/2229
f 2205/2205/2205 2204/2204/2204 2230/2230/2230
f 2204/2204/2204 2229/2229/2229 2230/2230/2230
f 2206/2206/2206 2205/2205/2205 2231/2231/2231
f 2205/2205/2205 2230/2230/2230 2231/2231/2231
f 2207/2207/2207 2206/2206/2206 2232/2232/2232
f 2206/2206/2206 2231/2231/2231 2232/2232/2232
f 2208/2208/2208 2207/2207/2207 2233/2233/2233
f 2207/2207/2207 2232/2232/2232 2233/2233/2233
f 2209/2209/2209 2208/2208/2208 2234/2234/2234
f 2208/2208/2208 2233/2233/2233 2234/2234/2234
f 2211/2211/2211 2210/2210/2210 2236/2236/2236
f 2210/2210/2210 2235/2235/2235 2236/2236/2236
f 2212/2212/2212 2211/2211/2211 2237/2237/2237
f 2211/2211/2211 2236/2236/2236 2237/2237/2237
f 2213/2213/2213 2212/2212/2212 2238/2238/2238
f 2212/2212/2212 2237/2237/2237 2238/2238/2238
f 2214/2214/2214 2213/2213/2213 2239/2239/2239
f 2213/2213/2213 2238/2238/2238 2239/2239/2239
f 2215/2215/2215 2214/2214/2214 2240/2240/2240
f 2214/2214/2214 2239/2239/2239 2240/2240/2240
f 2216/2216/2216 2215/2215/2215 2241/2241/2241
f 2215/2215/2215 2240/2240/2240 2241/2241/2241
f 2217/2217/2217 2216/2216/2216 2242/2242/2242
f 2216/2216/2216 2241/2241/2241 2242/2242/2242
f 2218/2218/2218 2217/2217/2217 2243/2243/2243
f 2217/2217/2217 2242/2242/2242 2243/2243/2243
f 2219/2219/2219 2218/2218/2218 2244/2244/2244
f 2218/2218/2218 2243/2243/2243 2244/2244/2244
f 2220/2220/2220 2219/2219/2219 2245/2245/2245
f 2219/2219/2219 2244/2244/2244 2245/2245/2245
f 2221/2221/2221 2220/2220/2220 2246/2246/2246
f 2220/2220/2220 2245/2245/2245 2246/2246/2246
f 2222/2222/2222 2221/2221/2221 2247/2247/2247
f 2221/2221/2221 2246/2246/2246 2247/2247/2247
f 2223/2223/2223 2222/2222/2222 2248/2248/2248
f 2222/2222/2222 2247/2247/2247 2248/2248/2248
f 2224/2224/2224 2223/2223/2223 2249/2249/2249
f 2223/2223/2223 2248/2248/2248 2249/2249/2249
f 2225/2225/2225 2224/2224/2224 2250/2250/2250
f 2224/2224/2224 2249/2249/2249 2250/2250/2250
f 2226/2226/2226 2225/2225/2225 2251/2251/2251
f 2225/2225/2225 2250/2250/2250 2251/2251/2251
f 2227/2227/2227 2226/2226/2226 2252/2252/2252
f 2226/2226/2226 2251/2251/2251 2252/2252/2252
f 2228/2228/2228 2227/2227/2227 2253/2253/2253
f 2227/2227/2227 2252/2252/2252 2253/2253/2253
f 2229/2229/2229 2228/2228/2228 2254/2254/2254
f 2228/2228/2228 2253/2253/2253 2254/2254/2254
f 2230/2230/2230 2229/2229/2229 2255/2255/2255
f 2229/2229/2229 2254/2254/2254 2255/2255/2255
f 2231/2231/2231 2230/2230/2230 2256/2256/2256
f 2230/2230/2230 2255/2255/2255 2256/2256/2256
f 2232/2232/2232 2231/2231/2231 2257/2257/2257
f 2231/2231/2231 2256/2256/2256 2257/2257/2257
f 2233/2233/2233 2232/2232/2232 2258/2258/2258
f 2232/2232/2232 2257/2257/2257 2258/2258/2258
f 2234/2234/2234 2233/2233/2233 2259/2259/2259
f 2233/2233/2233 2258/2258/2258 2259/2259/2259
f 2236/2236/2236 2235/2235/2235 2261/2261/2261
f 2235/2235/2235 2260/2260/2260 2261/2261/2261
f 2237/2237/2237 2236/2236/2236 2262/2262/2262
f 2236/2236/2236 2261/2261/2261 2262/2262/2262
f 2238/2238/2238 2237/2237/2237 2263/2263/2263
f 2237/2237/2237 2262/2262/2262 2263/2263/2263
f 2239/2239/2239 2238/2238/2238 2264/2264/2264
f 2238/2238/2238 2263/2263/2263 2264/2264/2264
f 2240/2240/2240 2239/2239/2239 2265/2265/2265
f 2239/2239/2239 2264/2264/2264 2265/2265/2265
f 2241/2241/2241 2240/2240/2240 2266/2266/2266
f 2240/2240/2240 2265/2265/2265 2266/2266/2266
f 2242/2242/2242 2241/2241/2241 2267/2267/2267
f 2241/2241/2241 2266/2266/2266 2267/2267/2267
f 2243/2243/2243 2242/2242/2242 2268/2268/2268
f 2242/2242/2242 2267/2267/2267 2268/2268/2268
f 2244/2244/2244 2243/2243/2243 2269/2269/2269
f 2243/2243/2243 2268/2268/2268 2269/2269/2269
f 2245/2245/2245 2244/2244/2244 2270/2270/2270
f 2244/2244/2244 2269/2269/2269 2270/2270/2270
f 2246/2246/2246 2245/2245/2245 2271/2271/2271
f 2245/2245/2245 2270/2270/2270 2271/2271/2271
f 2247/2247/2247 2246/2246/2246 2272/2272/2272
f 2246/2246/2246 2271/2271/2271 2272/2272/2272
f 2248/2248/2248 2247/2247/2247 2273/2273/2273
f 2247/2247/2247 2272/2272/2272 2273/2273/2273
f 2249/2249/2249 2248/2248/2248 2274/2274/2274
f 2248/2248/2248 2273/2273/2273 2274/2274/2274
f 2250/2250/2250 2249/2249/2249 2275/2275/2275
f 2249/2249/2249 2274/2274/2274 2275/2275/2275
f 2251/2251/2251 2250/2250/2250 2276/2276/2276
f 2250/2250/2250 2275/2275/2275 2276/2276/2276
f 2252/2252/2252 2251/2251/2251 2277/2277/2277
f 2251/2251/2251 2276/2276/2276 2277/2277/2277
f 2253/2253/2253 2252/2252/2252 2278/2278/2278
f 2252/2252/2252 2277/2277/2277 2278/2278/2278
f 2254/2254/2254 2253/2253/2253 2279/2279/2279
f 2253/2253/2253 2278/2278/2278 2279/2279/2279
f 2255/2255/2255 2254/2254/2254 2280/2280/2280
f 2254/2254/2254 2279/2279/2279 2280/2280/2280
f 2256/2256/2256 2255/2255/2255 2281/2281/2281
f 2255/2255/2255 2280/2280/2280 2281/2281/2281
f 2257/2257/2257 2256/2256/2256 2282/2282/2282
f 2256/2256/2256 2281/2281/2281 2282/2282/2282
f 2258/2258/2258 2257/2257/2257 2283/2283/2283
f 2257/2257/2257 2282/2282/2282 2283/2283/2283
f 2259/2259/2259 2258/2258/2258 2284/2284/2284
f 2258/2258/2258 2283/2283/2283 2284/2284/2284
f 2261/2261/2261 2260/2260/2260 2286/2286/2286
f 2262/2262/2262 2261/2261/2261 2287/2287/2287
f 2263/2263/2263 2262/2262/2262 2288/2288/2288
f 2264/2264/2264 2263/2263/2263 2289/2289/2289
f 2265/2265/2265 2264/2264/2264 2290/2290/2290
f 2266/2266/2266 2265/2265/2265 2291/2291/2291
f 2267/2267/2267 2266/2266/2266 2292/2292/2292
f 2268/2268/2268 2267/2267/2267 2293/2293/2293
f 2269/2269/2269 2268/2268/2268 2294/2294/2294
f 2270/2270/2270 2269/2269/2269 2295/2295/2295
f 2271/2271/2271 2270/2270/2270 2296/2296/2296
f 2272/2272/2272 2271/2271/2271 2297/2297/2297
f 2273/2273/2273 2272/2272/2272 2298/2298/2298
f 2274/2274/2274 2273/2273/2273 2299/2299/2299
f 2275/2275/2275 2274/2274/2274 2300/2300/2300
f 2276/2276/2276 2275/2275/2275 2301/2301/2301
f 2277/2277/2277 2276/2276/2276 2302/2302/2302
f 2278/2278/2278 2277/2277/2277 2303/2303/2303
f 2279/2279/2279 2278/2278/2278 2304/2304/2304
f 2280/2280/2280 2279/2279/2279 2305/2305/2305
f 2281/2281/2281 2280/2280/2280 2306/2306/2306
f 2282/2282/2282 2281/2281/2281 2307/2307/2307
f 2283/2283/2283 2282/2282/2282 2308/2308/2308
f 2284/2284/2284 2283/2283/2283 2309/2309/2309
o gem_prongs__bail_heart
v 0.07199999690055847 0 0
v 0.07061654329299927 0.014046503230929375 0
v 0.06651932746171951 0.02755320630967617 0
v 0.059865813702344894 0.04000105708837509 0
v 0.050911687314510345 0.050911687314510345 0
v 0.04000105708837509 0.059865813702344894 0
v 0.02755320630967617 0.06651932746171951 0
v 0.014046503230929375 0.07061654329299927 0
v 4.408728321890747e-18 0.07199999690055847 0
v -0.014046503230929375 0.07061654329299927 0
v -0.02755320630967617 0.06651932746171951 0
v -0.04000105708837509 0.059865813702344894 0
v -0.050911687314510345 0.050911687314510345 0
v -0.059865813702344894 0.04000105708837509 0
v -0.06651932746171951 0.02755320630967617 0
v -0.07061654329299927 0.014046503230929375 0
v -0.07199999690055847 8.817456643781494e-18 0
v -0.07061654329299927 -0.014046503230929375 0
v -0.06651932746171951 -0.02755320630967617 0
v -0.059865813702344894 -0.04000105708837509 0
v -0.050911687314510345 -0.050911687314510345 0
v -0.04000105708837509 -0.059865813702344894 0
v -0.02755320630967617 -0.06651932746171951 0
v -0.014046503230929375 -0.07061654329299927 0
v -1.3226185379262547e-17 -0.07199999690055847 0
v 0.014046503230929375 -0.07061654329299927 0
v 0.02755320630967617 -0.06651932746171951 0
v 0.04000105708837509 -0.059865813702344894 0
v 0.050911687314510345 -0.050911687314510345 0
v 0.059865813702344894 -0.04000105708837509 0
v 0.06651932746171951 -0.02755320630967617 0
v 0.07061654329299927 -0.014046503230929375 0
v 0.07199999690055847 -1.7634913287562988e-17 0
v 0.07108655571937561 0 0.004592201206833124
v 0.06972064822912216 0.013868298381567001 0.004592201206833124
v 0.06567541509866714 0.027203647419810295 0.004592201206833124
v 0.059106308966875076 0.03949357196688652 0.004592201206833124
v 0.05026578530669212 0.05026578530669212 0.004592201206833124
v 0.03949357196688652 0.059106308966875076 0.004592201206833124
v 0.027203647419810295 0.06567541509866714 0.004592201206833124
v 0.013868298381567001 0.06972064822912216 0.004592201206833124
v 4.352796023231136e-18 0.07108655571937561 0.004592201206833124
v -0.013868298381567001 0.06972064822912216 0.004592201206833124
v -0.027203647419810295 0.06567541509866714 0.004592201206833124
v -0.03949357196688652 0.059106308966875076 0.004592201206833124
v -0.05026578530669212 0.05026578530669212 0.004592201206833124
v -0.059106308966875076 0.03949357196688652 0.004592201206833124
v -0.06567541509866714 0.027203647419810295 0.004592201206833124
v -0.06972064822912216 0.013868298381567001 0.004592201206833124
v -0.07108655571937561 8.705592046462273e-18 0.004592201206833124
v -0.06972064822912216 -0.013868298381567001 0.004592201206833124
v -0.06567541509866714 -0.027203647419810295 0.004592201206833124
v -0.059106308966875076 -0.03949357196688652 0.004592201206833124
v -0.05026578530669212 -0.05026578530669212 0.004592201206833124
v -0.03949357196688652 -0.059106308966875076 0.004592201206833124
v -0.027203647419810295 -0.06567541509866714 0.004592201206833124
v -0.013868298381567001 -0.06972064822912216 0.004592201206833124
v -1.3058388483283715e-17 -0.07108655571937561 0.004592201206833124
v 0.013868298381567001 -0.06972064822912216 0.004592201206833124
v 0.027203647419810295 -0.06567541509866714 0.004592201206833124
v 0.03949357196688652 -0.059106308966875076 0.004592201206833124
v 0.05026578530669212 -0.05026578530669212 0.004592201206833124
v 0.059106308966875076 -0.03949357196688652 0.004592201206833124
v 0.06567541509866714 -0.027203647419810295 0.004592201206833124
v 0.06972064822912216 -0.013868298381567001 0.004592201206833124
v 0.07108655571937561 -1.7411184092924546e-17 0.004592201206833124
v 0.06848528236150742 0 0.0084852809086442
v 0.06716935336589813 0.013360816054046154 0.0084852809086442
v 0.0632721483707428 0.0262081827968359 0.0084852809086442
v 0.05694343149662018 0.038048382848501205 0.0084852809086442
v 0.04842640832066536 0.04842640832066536 0.0084852809086442
v 0.038048382848501205 0.05694343149662018 0.0084852809086442
v 0.0262081827968359 0.0632721483707428 0.0084852809086442
v 0.013360816054046154 0.06716935336589813 0.0084852809086442
v 4.193514124477925e-18 0.06848528236150742 0.0084852809086442
v -0.013360816054046154 0.06716935336589813 0.0084852809086442
v -0.0262081827968359 0.0632721483707428 0.0084852809086442
v -0.038048382848501205 0.05694343149662018 0.0084852809086442
v -0.04842640832066536 0.04842640832066536 0.0084852809086442
v -0.05694343149662018 0.038048382848501205 0.0084852809086442
v -0.0632721483707428 0.0262081827968359 0.0084852809086442
v -0.06716935336589813 0.013360816054046154 0.0084852809086442
v -0.06848528236150742 8.38702824895585e-18 0.0084852809086442
v -0.06716935336589813 -0.013360816054046154 0.0084852809086442
v -0.0632721483707428 -0.0262081827968359 0.0084852809086442
v -0.05694343149662018 -0.038048382848501205 0.0084852809086442
v -0.04842640832066536 -0.04842640832066536 0.0084852809086442
v -0.038048382848501205 -0.05694343149662018 0.0084852809086442
v -0.0262081827968359 -0.0632721483707428 0.0084852809086442
v -0.013360816054046154 -0.06716935336589813 0.0084852809086442
v -1.258054195984347e-17 -0.06848528236150742 0.0084852809086442
v 0.013360816054046154 -0.06716935336589813 0.0084852809086442
v 0.0262081827968359 -0.0632721483707428 0.0084852809086442
v 0.038048382848501205 -0.05694343149662018 0.0084852809086442
v 0.04842640832066536 -0.04842640832066536 0.0084852809086442
v 0.05694343149662018 -0.038048382848501205 0.0084852809086442
v 0.0632721483707428 -0.0262081827968359 0.0084852809086442
v 0.06716935336589813 -0.013360816054046154 0.0084852809086442
v 0.06848528236150742 -1.67740564979117e-17 0.0084852809086442
v 0.06459219753742218 0 0.011086554266512394
v 0.06335107982158661 0.012601313181221485 0.011086554266512394
v 0.059675414115190506 0.02471836470067501 0.011086554266512394
v 0.05370645225048065 0.03588550537824631 0.011086554266512394
v 0.04567358270287514 0.04567358270287514 0.011086554266512394
v 0.03588550537824631 0.05370645225048065 0.011086554266512394
v 0.02471836470067501 0.059675414115190506 0.011086554266512394
v 0.012601313181221485 0.06335107982158661 0.011086554266512394
v 3.955131425288106e-18 0.06459219753742218 0.011086554266512394
v -0.012601313181221485 0.06335107982158661 0.011086554266512394
v -0.02471836470067501 0.059675414115190506 0.011086554266512394
v -0.03588550537824631 0.05370645225048065 0.011086554266512394
v -0.04567358270287514 0.04567358270287514 0.011086554266512394
v -0.05370645225048065 0.03588550537824631 0.011086554266512394
v -0.059675414115190506 0.02471836470067501 0.011086554266512394
v -0.06335107982158661 0.012601313181221485 0.011086554266512394
v -0.06459219753742218 7.910262850576212e-18 0.011086554266512394
v -0.06335107982158661 -0.012601313181221485 0.011086554266512394
v -0.059675414115190506 -0.02471836470067501 0.011086554266512394
v -0.05370645225048065 -0.03588550537824631 0.011086554266512394
v -0.04567358270287514 -0.04567358270287514 0.011086554266512394
v -0.03588550537824631 -0.05370645225048065 0.011086554266512394
v -0.02471836470067501 -0.059675414115190506 0.011086554266512394
v -0.012601313181221485 -0.06335107982158661 0.011086554266512394
v -1.1865394689454624e-17 -0.06459219753742218 0.011086554266512394
v 0.012601313181221485 -0.06335107982158661 0.011086554266512394
v 0.02471836470067501 -0.059675414115190506 0.011086554266512394
v 0.03588550537824631 -0.05370645225048065 0.011086554266512394
v 0.04567358270287514 -0.04567358270287514 0.011086554266512394
v 0.05370645225048065 -0.03588550537824631 0.011086554266512394
v 0.059675414115190506 -0.02471836470067501 0.011086554266512394
v 0.06335107982158661 -0.012601313181221485 0.011086554266512394
v 0.06459219753742218 -1.5820525701152424e-17 0.011086554266512394
v 0.05999999865889549 0 0.012000000104308128
v 0.05884711816906929 0.011705419048666954 0.012000000104308128
v 0.055432770401239395 0.022961005568504333 0.012000000104308128
v 0.04988817498087883 0.033334214240312576 0.012000000104308128
v 0.04242640733718872 0.04242640733718872 0.012000000104308128
v 0.033334214240312576 0.04988817498087883 0.012000000104308128
v 0.022961005568504333 0.055432770401239395 0.012000000104308128
v 0.011705419048666954 0.05884711816906929 0.012000000104308128
v 3.673940475037442e-18 0.05999999865889549 0.012000000104308128
v -0.011705419048666954 0.05884711816906929 0.012000000104308128
v -0.022961005568504333 0.055432770401239395 0.012000000104308128
v -0.033334214240312576 0.04988817498087883 0.012000000104308128
v -0.04242640733718872 0.04242640733718872 0.012000000104308128
v -0.04988817498087883 0.033334214240312576 0.012000000104308128
v -0.055432770401239395 0.022961005568504333 0.012000000104308128
v -0.05884711816906929 0.011705419048666954 0.012000000104308128
v -0.05999999865889549 7.347880950074885e-18 0.012000000104308128
v -0.05884711816906929 -0.011705419048666954 0.012000000104308128
v -0.055432770401239395 -0.022961005568504333 0.012000000104308128
v -0.04988817498087883 -0.033334214240312576 0.012000000104308128
v -0.04242640733718872 -0.04242640733718872 0.012000000104308128
v -0.033334214240312576 -0.04988817498087883 0.012000000104308128
v -0.022961005568504333 -0.055432770401239395 0.012000000104308128
v -0.011705419048666954 -0.05884711816906929 0.012000000104308128
v -1.102182101152202e-17 -0.05999999865889549 0.012000000104308128
v 0.011705419048666954 -0.05884711816906929 0.012000000104308128
v 0.022961005568504333 -0.055432770401239395 0.012000000104308128
v 0.033334214240312576 -0.04988817498087883 0.012000000104308128
v 0.04242640733718872 -0.04242640733718872 0.012000000104308128
v 0.04988817498087883 -0.033334214240312576 0.012000000104308128
v 0.055432770401239395 -0.022961005568504333 0.012000000104308128
v 0.05884711816906929 -0.011705419048666954 0.012000000104308128
v 0.05999999865889549 -1.469576190014977e-17 0.012000000104308128
v 0.055407799780368805 0 0.011086554266512394
v 0.05434315279126167 0.010809524916112423 0.011086554266512394
v 0.05119013041257858 0.021203646436333656 0.011086554266512394
v 0.046069901436567307 0.030782923102378845 0.011086554266512394
v 0.039179231971502304 0.039179231971502304 0.011086554266512394
v 0.030782923102378845 0.046069901436567307 0.011086554266512394
v 0.021203646436333656 0.05119013041257858 0.011086554266512394
v 0.010809524916112423 0.05434315279126167 0.011086554266512394
v 3.3927491111964724e-18 0.055407799780368805 0.011086554266512394
v -0.010809524916112423 0.05434315279126167 0.011086554266512394
v -0.021203646436333656 0.05119013041257858 0.011086554266512394
v -0.030782923102378845 0.046069901436567307 0.011086554266512394
v -0.039179231971502304 0.039179231971502304 0.011086554266512394
v -0.046069901436567307 0.030782923102378845 0.011086554266512394
v -0.05119013041257858 0.021203646436333656 0.011086554266512394
v -0.05434315279126167 0.010809524916112423 0.011086554266512394
v -0.055407799780368805 6.785498222392945e-18 0.011086554266512394
v -0.05434315279126167 -0.010809524916112423 0.011086554266512394
v -0.05119013041257858 -0.021203646436333656 0.011086554266512394
v -0.046069901436567307 -0.030782923102378845 0.011086554266512394
v -0.039179231971502304 -0.039179231971502304 0.011086554266512394
v -0.030782923102378845 -0.046069901436567307 0.011086554266512394
v -0.021203646436333656 -0.05119013041257858 0.011086554266512394
v -0.010809524916112423 -0.05434315279126167 0.011086554266512394
v -1.0178247333589417e-17 -0.055407799780368805 0.011086554266512394
v 0.010809524916112423 -0.05434315279126167 0.011086554266512394
v 0.021203646436333656 -0.05119013041257858 0.011086554266512394
v 0.030782923102378845 -0.046069901436567307 0.011086554266512394
v 0.039179231971502304 -0.039179231971502304 0.011086554266512394
v 0.046069901436567307 -0.030782923102378845 0.011086554266512394
v 0.05119013041257858 -0.021203646436333656 0.011086554266512394
v 0.05434315279126167 -0.010809524916112423 0.011086554266512394
v 0.055407799780368805 -1.357099644478589e-17 0.011086554266512394
v 0.05151471868157387 0 0.0084852809086442
v 0.05052487924695015 0.010050022974610329 0.0084852809086442
v 0.04759339243173599 0.019713830202817917 0.0084852809086442
v 0.04283292219042778 0.028620043769478798 0.0084852809086442
v 0.03642640635371208 0.03642640635371208 0.0084852809086442
v 0.028620043769478798 0.04283292219042778 0.0084852809086442
v 0.019713830202817917 0.04759339243173599 0.0084852809086442
v 0.010050022974610329 0.05052487924695015 0.0084852809086442
v 3.1543668255969592e-18 0.05151471868157387 0.0084852809086442
v -0.010050022974610329 0.05052487924695015 0.0084852809086442
v -0.019713830202817917 0.04759339243173599 0.0084852809086442
v -0.028620043769478798 0.04283292219042778 0.0084852809086442
v -0.03642640635371208 0.03642640635371208 0.0084852809086442
v -0.04283292219042778 0.028620043769478798 0.0084852809086442
v -0.04759339243173599 0.019713830202817917 0.0084852809086442
v -0.05052487924695015 0.010050022974610329 0.0084852809086442
v -0.05151471868157387 6.3087336511939185e-18 0.0084852809086442
v -0.05052487924695015 -0.010050022974610329 0.0084852809086442
v -0.04759339243173599 -0.019713830202817917 0.0084852809086442
v -0.04283292219042778 -0.028620043769478798 0.0084852809086442
v -0.03642640635371208 -0.03642640635371208 0.0084852809086442
v -0.028620043769478798 -0.04283292219042778 0.0084852809086442
v -0.019713830202817917 -0.04759339243173599 0.0084852809086442
v -0.010050022974610329 -0.05052487924695015 0.0084852809086442
v -9.463100063200571e-18 -0.05151471868157387 0.0084852809086442
v 0.010050022974610329 -0.05052487924695015 0.0084852809086442
v 0.019713830202817917 -0.04759339243173599 0.0084852809086442
v 0.028620043769478798 -0.04283292219042778 0.0084852809086442
v 0.03642640635371208 -0.03642640635371208 0.0084852809086442
v 0.04283292219042778 -0.028620043769478798 0.0084852809086442
v 0.04759339243173599 -0.019713830202817917 0.0084852809086442
v 0.05052487924695015 -0.010050022974610329 0.0084852809086442
v 0.05151471868157387 -1.2617467302387837e-17 0.0084852809086442
v 0.04891344532370567 0 0.004592201206833124
v 0.04797358810901642 0.009542539715766907 0.004592201206833124
v 0.045190129429101944 0.01871836557984352 0.004592201206833124
v 0.04067004472017288 0.027174854651093483 0.004592201206833124
v 0.03458702936768532 0.03458702936768532 0.004592201206833124
v 0.027174854651093483 0.04067004472017288 0.004592201206833124
v 0.01871836557984352 0.045190129429101944 0.004592201206833124
v 0.009542539715766907 0.04797358810901642 0.004592201206833124
v 2.995084720048595e-18 0.04891344532370567 0.004592201206833124
v -0.009542539715766907 0.04797358810901642 0.004592201206833124
v -0.01871836557984352 0.045190129429101944 0.004592201206833124
v -0.027174854651093483 0.04067004472017288 0.004592201206833124
v -0.03458702936768532 0.03458702936768532 0.004592201206833124
v -0.04067004472017288 0.027174854651093483 0.004592201206833124
v -0.045190129429101944 0.01871836557984352 0.004592201206833124
v -0.04797358810901642 0.009542539715766907 0.004592201206833124
v -0.04891344532370567 5.99016944009719e-18 0.004592201206833124
v -0.04797358810901642 -0.009542539715766907 0.004592201206833124
v -0.045190129429101944 -0.01871836557984352 0.004592201206833124
v -0.04067004472017288 -0.027174854651093483 0.004592201206833124
v -0.03458702936768532 -0.03458702936768532 0.004592201206833124
v -0.027174854651093483 -0.04067004472017288 0.004592201206833124
v -0.01871836557984352 -0.045190129429101944 0.004592201206833124
v -0.009542539715766907 -0.04797358810901642 0.004592201206833124
v -8.985254366940938e-18 -0.04891344532370567 0.004592201206833124
v 0.009542539715766907 -0.04797358810901642 0.004592201206833124
v 0.01871836557984352 -0.045190129429101944 0.004592201206833124
v 0.027174854651093483 -0.04067004472017288 0.004592201206833124
v 0.03458702936768532 -0.03458702936768532 0.004592201206833124
v 0.04067004472017288 -0.027174854651093483 0.004592201206833124
v 0.045190129429101944 -0.01871836557984352 0.004592201206833124
v 0.04797358810901642 -0.009542539715766907 0.004592201206833124
v 0.04891344532370567 -1.198033888019438e-17 0.004592201206833124
v 0.04800000041723251 0 1.4695761072969157e-18
v 0.04707769304513931 0.009364335797727108 1.4695761072969157e-18
v 0.044346217066049576 0.018368804827332497 1.4695761072969157e-18
v 0.039910539984703064 0.02666737139225006 1.4695761072969157e-18
v 0.0339411236345768 0.0339411236345768 1.4695761072969157e-18
v 0.02666737139225006 0.039910539984703064 1.4695761072969157e-18
v 0.018368804827332497 0.044346217066049576 1.4695761072969157e-18
v 0.009364335797727108 0.04707769304513931 1.4695761072969157e-18
v 2.9391522145938313e-18 0.04800000041723251 1.4695761072969157e-18
v -0.009364335797727108 0.04707769304513931 1.4695761072969157e-18
v -0.018368804827332497 0.044346217066049576 1.4695761072969157e-18
v -0.02666737139225006 0.039910539984703064 1.4695761072969157e-18
v -0.0339411236345768 0.0339411236345768 1.4695761072969157e-18
v -0.039910539984703064 0.02666737139225006 1.4695761072969157e-18
v -0.044346217066049576 0.018368804827332497 1.4695761072969157e-18
v -0.04707769304513931 0.009364335797727108 1.4695761072969157e-18
v -0.04800000041723251 5.878304429187663e-18 1.4695761072969157e-18
v -0.04707769304513931 -0.009364335797727108 1.4695761072969157e-18
v -0.044346217066049576 -0.018368804827332497 1.4695761072969157e-18
v -0.039910539984703064 -0.02666737139225006 1.4695761072969157e-18
v -0.0339411236345768 -0.0339411236345768 1.4695761072969157e-18
v -0.02666737139225006 -0.039910539984703064 1.4695761072969157e-18
v -0.018368804827332497 -0.044346217066049576 1.4695761072969157e-18
v -0.009364335797727108 -0.04707769304513931 1.4695761072969157e-18
v -8.817456643781494e-18 -0.04800000041723251 1.4695761072969157e-18
v 0.009364335797727108 -0.04707769304513931 1.4695761072969157e-18
v 0.018368804827332497 -0.044346217066049576 1.4695761072969157e-18
v 0.02666737139225006 -0.039910539984703064 1.4695761072969157e-18
v 0.0339411236345768 -0.0339411236345768 1.4695761072969157e-18
v 0.039910539984703064 -0.02666737139225006 1.4695761072969157e-18
v 0.044346217066049576 -0.018368804827332497 1.4695761072969157e-18
v 0.04707769304513931 -0.009364335797727108 1.4695761072969157e-18
v 0.04800000041723251 -1.1756608858375325e-17 1.4695761072969157e-18
v 0.04891344532370567 0 -0.004592201206833124
v 0.04797358810901642 0.009542539715766907 -0.004592201206833124
v 0.045190129429101944 0.01871836557984352 -0.004592201206833124
v 0.04067004472017288 0.027174854651093483 -0.004592201206833124
v 0.03458702936768532 0.03458702936768532 -0.004592201206833124
v 0.027174854651093483 0.04067004472017288 -0.004592201206833124
v 0.01871836557984352 0.045190129429101944 -0.004592201206833124
v 0.009542539715766907 0.04797358810901642 -0.004592201206833124
v 2.995084720048595e-18 0.04891344532370567 -0.004592201206833124
v -0.009542539715766907 0.04797358810901642 -0.004592201206833124
v -0.01871836557984352 0.045190129429101944 -0.004592201206833124
v -0.027174854651093483 0.04067004472017288 -0.004592201206833124
v -0.03458702936768532 0.03458702936768532 -0.004592201206833124
v -0.04067004472017288 0.027174854651093483 -0.004592201206833124
v -0.045190129429101944 0.01871836557984352 -0.004592201206833124
v -0.04797358810901642 0.009542539715766907 -0.004592201206833124
v -0.04891344532370567 5.99016944009719e-18 -0.004592201206833124
v -0.04797358810901642 -0.009542539715766907 -0.004592201206833124
v -0.045190129429101944 -0.01871836557984352 -0.004592201206833124
v -0.04067004472017288 -0.027174854651093483 -0.004592201206833124
v -0.03458702936768532 -0.03458702936768532 -0.004592201206833124
v -0.027174854651093483 -0.04067004472017288 -0.004592201206833124
v -0.01871836557984352 -0.045190129429101944 -0.004592201206833124
v -0.009542539715766907 -0.04797358810901642 -0.004592201206833124
v -8.985254366940938e-18 -0.04891344532370567 -0.004592201206833124
v 0.009542539715766907 -0.04797358810901642 -0.004592201206833124
v 0.01871836557984352 -0.045190129429101944 -0.004592201206833124
v 0.027174854651093483 -0.04067004472017288 -0.004592201206833124
v 0.03458702936768532 -0.03458702936768532 -0.004592201206833124
v 0.04067004472017288 -0.027174854651093483 -0.004592201206833124
v 0.045190129429101944 -0.01871836557984352 -0.004592201206833124
v 0.04797358810901642 -0.009542539715766907 -0.004592201206833124
v 0.04891344532370567 -1.198033888019438e-17 -0.004592201206833124
v 0.05151471868157387 0 -0.0084852809086442
v 0.05052487924695015 0.010050022974610329 -0.0084852809086442
v 0.04759339243173599 0.019713830202817917 -0.0084852809086442
v 0.04283292219042778 0.028620043769478798 -0.0084852809086442
v 0.03642640635371208 0.03642640635371208 -0.0084852809086442
v 0.028620043769478798 0.04283292219042778 -0.0084852809086442
v 0.019713830202817917 0.04759339243173599 -0.0084852809086442
v 0.010050022974610329 0.05052487924695015 -0.0084852809086442
v 3.1543668255969592e-18 0.05151471868157387 -0.0084852809086442
v -0.010050022974610329 0.05052487924695015 -0.0084852809086442
v -0.019713830202817917 0.04759339243173599 -0.0084852809086442
v -0.028620043769478798 0.04283292219042778 -0.0084852809086442
v -0.03642640635371208 0.03642640635371208 -0.0084852809086442
v -0.04283292219042778 0.028620043769478798 -0.0084852809086442
v -0.04759339243173599 0.019713830202817917 -0.0084852809086442
v -0.05052487924695015 0.010050022974610329 -0.0084852809086442
v -0.05151471868157387 6.3087336511939185e-18 -0.0084852809086442
v -0.05052487924695015 -0.010050022974610329 -0.0084852809086442
v -0.04759339243173599 -0.019713830202817917 -0.0084852809086442
v -0.04283292219042778 -0.028620043769478798 -0.0084852809086442
v -0.03642640635371208 -0.03642640635371208 -0.0084852809086442
v -0.028620043769478798 -0.04283292219042778 -0.0084852809086442
v -0.019713830202817917 -0.04759339243173599 -0.0084852809086442
v -0.010050022974610329 -0.05052487924695015 -0.0084852809086442
v -9.463100063200571e-18 -0.05151471868157387 -0.0084852809086442
v 0.010050022974610329 -0.05052487924695015 -0.0084852809086442
v 0.019713830202817917 -0.04759339243173599 -0.0084852809086442
v 0.028620043769478798 -0.04283292219042778 -0.0084852809086442
v 0.03642640635371208 -0.03642640635371208 -0.0084852809086442
v 0.04283292219042778 -0.028620043769478798 -0.0084852809086442
v 0.04759339243173599 -0.019713830202817917 -0.0084852809086442
v 0.05052487924695015 -0.010050022974610329 -0.0084852809086442
v 0.05151471868157387 -1.2617467302387837e-17 -0.0084852809086442
v 0.055407799780368805 0 -0.011086554266512394
v 0.05434315279126167 0.010809524916112423 -0.011086554266512394
v 0.05119013041257858 0.021203646436333656 -0.011086554266512394
v 0.046069901436567307 0.030782923102378845 -0.011086554266512394
v 0.039179231971502304 0.039179231971502304 -0.011086554266512394
v 0.030782923102378845 0.046069901436567307 -0.011086554266512394
v 0.021203646436333656 0.05119013041257858 -0.011086554266512394
v 0.010809524916112423 0.05434315279126167 -0.011086554266512394
v 3.3927491111964724e-18 0.055407799780368805 -0.011086554266512394
v -0.010809524916112423 0.05434315279126167 -0.011086554266512394
v -0.021203646436333656 0.05119013041257858 -0.011086554266512394
v -0.030782923102378845 0.046069901436567307 -0.011086554266512394
v -0.039179231971502304 0.039179231971502304 -0.011086554266512394
v -0.046069901436567307 0.030782923102378845 -0.011086554266512394
v -0.05119013041257858 0.021203646436333656 -0.011086554266512394
v -0.05434315279126167 0.010809524916112423 -0.011086554266512394
v -0.055407799780368805 6.785498222392945e-18 -0.011086554266512394
v -0.05434315279126167 -0.010809524916112423 -0.011086554266512394
v -0.05119013041257858 -0.021203646436333656 -0.011086554266512394
v -0.046069901436567307 -0.030782923102378845 -0.011086554266512394
v -0.039179231971502304 -0.039179231971502304 -0.011086554266512394
v -0.030782923102378845 -0.046069901436567307 -0.011086554266512394
v -0.021203646436333656 -0.05119013041257858 -0.011086554266512394
v -0.010809524916112423 -0.05434315279126167 -0.011086554266512394
v -1.0178247333589417e-17 -0.055407799780368805 -0.011086554266512394
v 0.010809524916112423 -0.05434315279126167 -0.011086554266512394
v 0.021203646436333656 -0.05119013041257858 -0.011086554266512394
v 0.030782923102378845 -0.046069901436567307 -0.011086554266512394
v 0.039179231971502304 -0.039179231971502304 -0.011086554266512394
v 0.046069901436567307 -0.030782923102378845 -0.011086554266512394
v 0.05119013041257858 -0.021203646436333656 -0.011086554266512394
v 0.05434315279126167 -0.010809524916112423 -0.011086554266512394
v 0.055407799780368805 -1.357099644478589e-17 -0.011086554266512394
v 0.05999999865889549 0 -0.012000000104308128
v 0.05884711816906929 0.011705419048666954 -0.012000000104308128
v 0.055432770401239395 0.022961005568504333 -0.012000000104308128
v 0.04988817498087883 0.033334214240312576 -0.012000000104308128
v 0.04242640733718872 0.04242640733718872 -0.012000000104308128
v 0.033334214240312576 0.04988817498087883 -0.012000000104308128
v 0.022961005568504333 0.055432770401239395 -0.012000000104308128
v 0.011705419048666954 0.05884711816906929 -0.012000000104308128
v 3.673940475037442e-18 0.05999999865889549 -0.012000000104308128
v -0.011705419048666954 0.05884711816906929 -0.012000000104308128
v -0.022961005568504333 0.055432770401239395 -0.012000000104308128
v -0.033334214240312576 0.04988817498087883 -0.012000000104308128
v -0.04242640733718872 0.04242640733718872 -0.012000000104308128
v -0.04988817498087883 0.033334214240312576 -0.012000000104308128
v -0.055432770401239395 0.022961005568504333 -0.012000000104308128
v -0.05884711816906929 0.011705419048666954 -0.012000000104308128
v -0.05999999865889549 7.347880950074885e-18 -0.012000000104308128
v -0.05884711816906929 -0.011705419048666954 -0.012000000104308128
v -0.055432770401239395 -0.022961005568504333 -0.012000000104308128
v -0.04988817498087883 -0.033334214240312576 -0.012000000104308128
v -0.04242640733718872 -0.04242640733718872 -0.012000000104308128
v -0.033334214240312576 -0.04988817498087883 -0.012000000104308128
v -0.022961005568504333 -0.055432770401239395 -0.012000000104308128
v -0.011705419048666954 -0.05884711816906929 -0.012000000104308128
v -1.102182101152202e-17 -0.05999999865889549 -0.012000000104308128
v 0.011705419048666954 -0.05884711816906929 -0.012000000104308128
v 0.022961005568504333 -0.055432770401239395 -0.012000000104308128
v 0.033334214240312576 -0.04988817498087883 -0.012000000104308128
v 0.04242640733718872 -0.04242640733718872 -0.012000000104308128
v 0.04988817498087883 -0.033334214240312576 -0.012000000104308128
v 0.055432770401239395 -0.022961005568504333 -0.012000000104308128
v 0.05884711816906929 -0.011705419048666954 -0.012000000104308128
v 0.05999999865889549 -1.469576190014977e-17 -0.012000000104308128
v 0.06459219753742218 0 -0.011086554266512394
v 0.06335107982158661 0.012601313181221485 -0.011086554266512394
v 0.059675414115190506 0.02471836470067501 -0.011086554266512394
v 0.05370645225048065 0.03588550537824631 -0.011086554266512394
v 0.04567358270287514 0.04567358270287514 -0.011086554266512394
v 0.03588550537824631 0.05370645225048065 -0.011086554266512394
v 0.02471836470067501 0.059675414115190506 -0.011086554266512394
v 0.012601313181221485 0.06335107982158661 -0.011086554266512394
v 3.955131425288106e-18 0.06459219753742218 -0.011086554266512394
v -0.012601313181221485 0.06335107982158661 -0.011086554266512394
v -0.02471836470067501 0.059675414115190506 -0.011086554266512394
v -0.03588550537824631 0.05370645225048065 -0.011086554266512394
v -0.04567358270287514 0.04567358270287514 -0.011086554266512394
v -0.05370645225048065 0.03588550537824631 -0.011086554266512394
v -0.059675414115190506 0.02471836470067501 -0.011086554266512394
v -0.06335107982158661 0.012601313181221485 -0.011086554266512394
v -0.06459219753742218 7.910262850576212e-18 -0.011086554266512394
v -0.06335107982158661 -0.012601313181221485 -0.011086554266512394
v -0.059675414115190506 -0.02471836470067501 -0.011086554266512394
v -0.05370645225048065 -0.03588550537824631 -0.011086554266512394
v -0.04567358270287514 -0.04567358270287514 -0.011086554266512394
v -0.03588550537824631 -0.05370645225048065 -0.011086554266512394
v -0.02471836470067501 -0.059675414115190506 -0.011086554266512394
v -0.012601313181221485 -0.06335107982158661 -0.011086554266512394
v -1.1865394689454624e-17 -0.06459219753742218 -0.011086554266512394
v 0.012601313181221485 -0.06335107982158661 -0.011086554266512394
v 0.02471836470067501 -0.059675414115190506 -0.011086554266512394
v 0.03588550537824631 -0.05370645225048065 -0.011086554266512394
v 0.04567358270287514 -0.04567358270287514 -0.011086554266512394
v 0.05370645225048065 -0.03588550537824631 -0.011086554266512394
v 0.059675414115190506 -0.02471836470067501 -0.011086554266512394
v 0.06335107982158661 -0.012601313181221485 -0.011086554266512394
v 0.06459219753742218 -1.5820525701152424e-17 -0.011086554266512394
v 0.06848528236150742 0 -0.0084852809086442
v 0.06716935336589813 0.013360816054046154 -0.0084852809086442
v 0.0632721483707428 0.0262081827968359 -0.0084852809086442
v 0.05694343149662018 0.038048382848501205 -0.0084852809086442
v 0.04842640832066536 0.04842640832066536 -0.0084852809086442
v 0.038048382848501205 0.05694343149662018 -0.0084852809086442
v 0.0262081827968359 0.0632721483707428 -0.0084852809086442
v 0.013360816054046154 0.06716935336589813 -0.0084852809086442
v 4.193514124477925e-18 0.06848528236150742 -0.0084852809086442
v -0.013360816054046154 0.06716935336589813 -0.0084852809086442
v -0.0262081827968359 0.0632721483707428 -0.0084852809086442
v -0.038048382848501205 0.05694343149662018 -0.0084852809086442
v -0.04842640832066536 0.04842640832066536 -0.0084852809086442
v -0.05694343149662018 0.038048382848501205 -0.0084852809086442
v -0.0632721483707428 0.0262081827968359 -0.0084852809086442
v -0.06716935336589813 0.013360816054046154 -0.0084852809086442
v -0.06848528236150742 8.38702824895585e-18 -0.0084852809086442
v -0.06716935336589813 -0.013360816054046154 -0.0084852809086442
v -0.0632721483707428 -0.0262081827968359 -0.0084852809086442
v -0.05694343149662018 -0.038048382848501205 -0.0084852809086442
v -0.04842640832066536 -0.04842640832066536 -0.0084852809086442
v -0.038048382848501205 -0.05694343149662018 -0.0084852809086442
v -0.0262081827968359 -0.0632721483707428 -0.0084852809086442
v -0.013360816054046154 -0.06716935336589813 -0.0084852809086442
v -1.258054195984347e-17 -0.06848528236150742 -0.0084852809086442
v 0.013360816054046154 -0.06716935336589813 -0.0084852809086442
v 0.0262081827968359 -0.0632721483707428 -0.0084852809086442
v 0.038048382848501205 -0.05694343149662018 -0.0084852809086442
v 0.04842640832066536 -0.04842640832066536 -0.0084852809086442
v 0.05694343149662018 -0.038048382848501205 -0.0084852809086442
v 0.0632721483707428 -0.0262081827968359 -0.0084852809086442
v 0.06716935336589813 -0.013360816054046154 -0.0084852809086442
v 0.06848528236150742 -1.67740564979117e-17 -0.0084852809086442
v 0.07108655571937561 0 -0.004592201206833124
v 0.06972064822912216 0.013868298381567001 -0.004592201206833124
v 0.06567541509866714 0.027203647419810295 -0.004592201206833124
v 0.059106308966875076 0.03949357196688652 -0.004592201206833124
v 0.05026578530669212 0.05026578530669212 -0.004592201206833124
v 0.03949357196688652 0.059106308966875076 -0.004592201206833124
v 0.027203647419810295 0.06567541509866714 -0.004592201206833124
v 0.013868298381567001 0.06972064822912216 -0.004592201206833124
v 4.352796023231136e-18 0.07108655571937561 -0.004592201206833124
v -0.013868298381567001 0.06972064822912216 -0.004592201206833124
v -0.027203647419810295 0.06567541509866714 -0.004592201206833124
v -0.03949357196688652 0.059106308966875076 -0.004592201206833124
v -0.05026578530669212 0.05026578530669212 -0.004592201206833124
v -0.059106308966875076 0.03949357196688652 -0.004592201206833124
v -0.06567541509866714 0.027203647419810295 -0.004592201206833124
v -0.06972064822912216 0.013868298381567001 -0.004592201206833124
v -0.07108655571937561 8.705592046462273e-18 -0.004592201206833124
v -0.06972064822912216 -0.013868298381567001 -0.004592201206833124
v -0.06567541509866714 -0.027203647419810295 -0.004592201206833124
v -0.059106308966875076 -0.03949357196688652 -0.004592201206833124
v -0.05026578530669212 -0.05026578530669212 -0.004592201206833124
v -0.03949357196688652 -0.059106308966875076 -0.004592201206833124
v -0.027203647419810295 -0.06567541509866714 -0.004592201206833124
v -0.013868298381567001 -0.06972064822912216 -0.004592201206833124
v -1.3058388483283715e-17 -0.07108655571937561 -0.004592201206833124
v 0.013868298381567001 -0.06972064822912216 -0.004592201206833124
v 0.027203647419810295 -0.06567541509866714 -0.004592201206833124
v 0.03949357196688652 -0.059106308966875076 -0.004592201206833124
v 0.05026578530669212 -0.05026578530669212 -0.004592201206833124
v 0.059106308966875076 -0.03949357196688652 -0.004592201206833124
v 0.06567541509866714 -0.027203647419810295 -0.004592201206833124
v 0.06972064822912216 -0.013868298381567001 -0.004592201206833124
v 0.07108655571937561 -1.7411184092924546e-17 -0.004592201206833124
v 0.07199999690055847 0 -2.9391522145938313e-18
v 0.07061654329299927 0.014046503230929375 -2.9391522145938313e-18
v 0.06651932746171951 0.02755320630967617 -2.9391522145938313e-18
v 0.059865813702344894 0.04000105708837509 -2.9391522145938313e-18
v 0.050911687314510345 0.050911687314510345 -2.9391522145938313e-18
v 0.04000105708837509 0.059865813702344894 -2.9391522145938313e-18
v 0.02755320630967617 0.06651932746171951 -2.9391522145938313e-18
v 0.014046503230929375 0.07061654329299927 -2.9391522145938313e-18
v 4.408728321890747e-18 0.07199999690055847 -2.9391522145938313e-18
v -0.014046503230929375 0.07061654329299927 -2.9391522145938313e-18
v -0.02755320630967617 0.06651932746171951 -2.9391522145938313e-18
v -0.04000105708837509 0.059865813702344894 -2.9391522145938313e-18
v -0.050911687314510345 0.050911687314510345 -2.9391522145938313e-18
v -0.059865813702344894 0.04000105708837509 -2.9391522145938313e-18
v -0.06651932746171951 0.02755320630967617 -2.9391522145938313e-18
v -0.07061654329299927 0.014046503230929375 -2.9391522145938313e-18
v -0.07199999690055847 8.817456643781494e-18 -2.9391522145938313e-18
v -0.07061654329299927 -0.014046503230929375 -2.9391522145938313e-18
v -0.06651932746171951 -0.02755320630967617 -2.9391522145938313e-18
v -0.059865813702344894 -0.04000105708837509 -2.9391522145938313e-18
v -0.050911687314510345 -0.050911687314510345 -2.9391522145938313e-18
v -0.04000105708837509 -0.059865813702344894 -2.9391522145938313e-18
v -0.02755320630967617 -0.06651932746171951 -2.9391522145938313e-18
v -0.014046503230929375 -0.07061654329299927 -2.9391522145938313e-18
v -1.3226185379262547e-17 -0.07199999690055847 -2.9391522145938313e-18
v 0.014046503230929375 -0.07061654329299927 -2.9391522145938313e-18
v 0.02755320630967617 -0.06651932746171951 -2.9391522145938313e-18
v 0.04000105708837509 -0.059865813702344894 -2.9391522145938313e-18
v 0.050911687314510345 -0.050911687314510345 -2.9391522145938313e-18
v 0.059865813702344894 -0.04000105708837509 -2.9391522145938313e-18
v 0.06651932746171951 -0.02755320630967617 -2.9391522145938313e-18
v 0.07061654329299927 -0.014046503230929375 -2.9391522145938313e-18
v 0.07199999690055847 -1.7634913287562988e-17 -2.9391522145938313e-18
vt 0 0
vt 0.03125 0
vt 0.0625 0
vt 0.09375 0
vt 0.125 0
vt 0.15625 0
vt 0.1875 0
vt 0.21875 0
vt 0.25 0
vt 0.28125 0
vt 0.3125 0
vt 0.34375 0
vt 0.375 0
vt 0.40625 0
vt 0.4375 0
vt 0.46875 0
vt 0.5 0
vt 0.53125 0
vt 0.5625 0
vt 0.59375 0
vt 0.625 0
vt 0.65625 0
vt 0.6875 0
vt 0.71875 0
vt 0.75 0
vt 0.78125 0
vt 0.8125 0
vt 0.84375 0
vt 0.875 0
vt 0.90625 0
vt 0.9375 0
vt 0.96875 0
vt 1 0
vt 0 0.0625
vt 0.03125 0.0625
vt 0.0625 0.0625
vt 0.09375 0.0625
vt 0.125 0.0625
vt 0.15625 0.0625
vt 0.1875 0.0625
vt 0.21875 0.0625
vt 0.25 0.0625
vt 0.28125 0.0625
vt 0.3125 0.0625
vt 0.34375 0.0625
vt 0.375 0.0625
vt 0.40625 0.0625
vt 0.4375 0.0625
vt 0.46875 0.0625
vt 0.5 0.0625
vt 0.53125 0.0625
vt 0.5625 0.0625
vt 0.59375 0.0625
vt 0.625 0.0625
vt 0.65625 0.0625
vt 0.6875 0.0625
vt 0.71875 0.0625
vt 0.75 0.0625
vt 0.78125 0.0625
vt 0.8125 0.0625
vt 0.84375 0.0625
vt 0.875 0.0625
vt 0.90625 0.0625
vt 0.9375 0.0625
vt 0.96875 0.0625
vt 1 0.0625
vt 0 0.125
vt 0.03125 0.125
vt 0.0625 0.125
vt 0.09375 0.125
vt 0.125 0.125
vt 0.15625 0.125
vt 0.1875 0.125
vt 0.21875 0.125
vt 0.25 0.125
vt 0.28125 0.125
vt 0.3125 0.125
vt 0.34375 0.125
vt 0.375 0.125
vt 0.40625 0.125
vt 0.4375 0.125
vt 0.46875 0.125
vt 0.5 0.125
vt 0.53125 0.125
vt 0.5625 0.125
vt 0.59375 0.125
vt 0.625 0.125
vt 0.65625 0.125
vt 0.6875 0.125
vt 0.71875 0.125
vt 0.75 0.125
vt 0.78125 0.125
vt 0.8125 0.125
vt 0.84375 0.125
vt 0.875 0.125
vt 0.90625 0.125
vt 0.9375 0.125
vt 0.96875 0.125
vt 1 0.125
vt 0 0.1875
vt 0.03125 0.1875
vt 0.0625 0.1875
vt 0.09375 0.1875
vt 0.125 0.1875
vt 0.15625 0.1875
vt 0.1875 0.1875
vt 0.21875 0.1875
vt 0.25 0.1875
vt 0.28125 0.1875
vt 0.3125 0.1875
vt 0.34375 0.1875
vt 0.375 0.1875
vt 0.40625 0.1875
vt 0.4375 0.1875
vt 0.46875 0.1875
vt 0.5 0.1875
vt 0.53125 0.1875
vt 0.5625 0.1875
vt 0.59375 0.1875
vt 0.625 0.1875
vt 0.65625 0.1875
vt 0.6875 0.1875
vt 0.71875 0.1875
vt 0.75 0.1875
vt 0.78125 0.1875
vt 0.8125 0.1875
vt 0.84375 0.1875
vt 0.875 0.1875
vt 0.90625 0.1875
vt 0.9375 0.1875
vt 0.96875 0.1875
vt 1 0.1875
vt 0 0.25
vt 0.03125 0.25
vt 0.0625 0.25
vt 0.09375 0.25
vt 0.125 0.25
vt 0.15625 0.25
vt 0.1875 0.25
vt 0.21875 0.25
vt 0.25 0.25
vt 0.28125 0.25
vt 0.3125 0.25
vt 0.34375 0.25
vt 0.375 0.25
vt 0.40625 0.25
vt 0.4375 0.25
vt 0.46875 0.25
vt 0.5 0.25
vt 0.53125 0.25
vt 0.5625 0.25
vt 0.59375 0.25
vt 0.625 0.25
vt 0.65625 0.25
vt 0.6875 0.25
vt 0.71875 0.25
vt 0.75 0.25
vt 0.78125 0.25
vt 0.8125 0.25
vt 0.84375 0.25
vt 0.875 0.25
vt 0.90625 0.25
vt 0.9375 0.25
vt 0.96875 0.25
vt 1 0.25
vt 0 0.3125
vt 0.03125 0.3125
vt 0.0625 0.3125
vt 0.09375 0.3125
vt 0.125 0.3125
vt 0.15625 0.3125
vt 0.1875 0.3125
vt 0.21875 0.3125
vt 0.25 0.3125
vt 0.28125 0.3125
vt 0.3125 0.3125
vt 0.34375 0.3125
vt 0.375 0.3125
vt 0.40625 0.3125
vt 0.4375 0.3125
vt 0.46875 0.3125
vt 0.5 0.3125
vt 0.53125 0.3125
vt 0.5625 0.3125
vt 0.59375 0.3125
vt 0.625 0.3125
vt 0.65625 0.3125
vt 0.6875 0.3125
vt 0.71875 0.3125
vt 0.75 0.3125
vt 0.78125 0.3125
vt 0.8125 0.3125
vt 0.84375 0.3125
vt 0.875 0.3125
vt 0.90625 0.3125
vt 0.9375 0.3125
vt 0.96875 0.3125
vt 1 0.3125
vt 0 0.375
vt 0.03125 0.375
vt 0.0625 0.375
vt 0.09375 0.375
vt 0.125 0.375
vt 0.15625 0.375
vt 0.1875 0.375
vt 0.21875 0.375
vt 0.25 0.375
vt 0.28125 0.375
vt 0.3125 0.375
vt 0.34375 0.375
vt 0.375 0.375
vt 0.40625 0.375
vt 0.4375 0.375
vt 0.46875 0.375
vt 0.5 0.375
vt 0.53125 0.375
vt 0.5625 0.375
vt 0.59375 0.375
vt 0.625 0.375
vt 0.65625 0.375
vt 0.6875 0.375
vt 0.71875 0.375
vt 0.75 0.375
vt 0.78125 0.375
vt 0.8125 0.375
vt 0.84375 0.375
vt 0.875 0.375
vt 0.90625 0.375
vt 0.9375 0.375
vt 0.96875 0.375
vt 1 0.375
vt 0 0.4375
vt 0.03125 0.4375
vt 0.0625 0.4375
vt 0.09375 0.4375
vt 0.125 0.4375
vt 0.15625 0.4375
vt 0.1875 0.4375
vt 0.21875 0.4375
vt 0.25 0.4375
vt 0.28125 0.4375
vt 0.3125 0.4375
vt 0.34375 0.4375
vt 0.375 0.4375
vt 0.40625 0.4375
vt 0.4375 0.4375
vt 0.46875 0.4375
vt 0.5 0.4375
vt 0.53125 0.4375
vt 0.5625 0.4375
vt 0.59375 0.4375
vt 0.625 0.4375
vt 0.65625 0.4375
vt 0.6875 0.4375
vt 0.71875 0.4375
vt 0.75 0.4375
vt 0.78125 0.4375
vt 0.8125 0.4375
vt 0.84375 0.4375
vt 0.875 0.4375
vt 0.90625 0.4375
vt 0.9375 0.4375
vt 0.96875 0.4375
vt 1 0.4375
vt 0 0.5
vt 0.03125 0.5
vt 0.0625 0.5
vt 0.09375 0.5
vt 0.125 0.5
vt 0.15625 0.5
vt 0.1875 0.5
vt 0.21875 0.5
vt 0.25 0.5
vt 0.28125 0.5
vt 0.3125 0.5
vt 0.34375 0.5
vt 0.375 0.5
vt 0.40625 0.5
vt 0.4375 0.5
vt 0.46875 0.5
vt 0.5 0.5
vt 0.53125 0.5
vt 0.5625 0.5
vt 0.59375 0.5
vt 0.625 0.5
vt 0.65625 0.5
vt 0.6875 0.5
vt 0.71875 0.5
vt 0.75 0.5
vt 0.78125 0.5
vt 0.8125 0.5
vt 0.84375 0.5
vt 0.875 0.5
vt 0.90625 0.5
vt 0.9375 0.5
vt 0.96875 0.5
vt 1 0.5
vt 0 0.5625
vt 0.03125 0.5625
vt 0.0625 0.5625
vt 0.09375 0.5625
vt 0.125 0.5625
vt 0.15625 0.5625
vt 0.1875 0.5625
vt 0.21875 0.5625
vt 0.25 0.5625
vt 0.28125 0.5625
vt 0.3125 0.5625
vt 0.34375 0.5625
vt 0.375 0.5625
vt 0.40625 0.5625
vt 0.4375 0.5625
vt 0.46875 0.5625
vt 0.5 0.5625
vt 0.53125 0.5625
vt 0.5625 0.5625
vt 0.59375 0.5625
vt 0.625 0.5625
vt 0.65625 0.5625
vt 0.6875 0.5625
vt 0.71875 0.5625
vt 0.75 0.5625
vt 0.78125 0.5625
vt 0.8125 0.5625
vt 0.84375 0.5625
vt 0.875 0.5625
vt 0.90625 0.5625
vt 0.9375 0.5625
vt 0.96875 0.5625
vt 1 0.5625
vt 0 0.625
vt 0.03125 0.625
vt 0.0625 0.625
vt 0.09375 0.625
vt 0.125 0.625
vt 0.15625 0.625
vt 0.1875 0.625
vt 0.21875 0.625
vt 0.25 0.625
vt 0.28125 0.625
vt 0.3125 0.625
vt 0.34375 0.625
vt 0.375 0.625
vt 0.40625 0.625
vt 0.4375 0.625
vt 0.46875 0.625
vt 0.5 0.625
vt 0.53125 0.625
vt 0.5625 0.625
vt 0.59375 0.625
vt 0.625 0.625
vt 0.65625 0.625
vt 0.6875 0.625
vt 0.71875 0.625
vt 0.75 0.625
vt 0.78125 0.625
vt 0.8125 0.625
vt 0.84375 0.625
vt 0.875 0.625
vt 0.90625 0.625
vt 0.9375 0.625
vt 0.96875 0.625
vt 1 0.625
vt 0 0.6875
vt 0.03125 0.6875
vt 0.0625 0.6875
vt 0.09375 0.6875
vt 0.125 0.6875
vt 0.15625 0.6875
vt 0.1875 0.6875
vt 0.21875 0.6875
vt 0.25 0.6875
vt 0.28125 0.6875
vt 0.3125 0.6875
vt 0.34375 0.6875
vt 0.375 0.6875
vt 0.40625 0.6875
vt 0.4375 0.6875
vt 0.46875 0.6875
vt 0.5 0.6875
vt 0.53125 0.6875
vt 0.5625 0.6875
vt 0.59375 0.6875
vt 0.625 0.6875
vt 0.65625 0.6875
vt 0.6875 0.6875
vt 0.71875 0.6875
vt 0.75 0.6875
vt 0.78125 0.6875
vt 0.8125 0.6875
vt 0.84375 0.6875
vt 0.875 0.6875
vt 0.90625 0.6875
vt 0.9375 0.6875
vt 0.96875 0.6875
vt 1 0.6875
vt 0 0.75
vt 0.03125 0.75
vt 0.0625 0.75
vt 0.09375 0.75
vt 0.125 0.75
vt 0.15625 0.75
vt 0.1875 0.75
vt 0.21875 0.75
vt 0.25 0.75
vt 0.28125 0.75
vt 0.3125 0.75
vt 0.34375 0.75
vt 0.375 0.75
vt 0.40625 0.75
vt 0.4375 0.75
vt 0.46875 0.75
vt 0.5 0.75
vt 0.53125 0.75
vt 0.5625 0.75
vt 0.59375 0.75
vt 0.625 0.75
vt 0.65625 0.75
vt 0.6875 0.75
vt 0.71875 0.75
vt 0.75 0.75
vt 0.78125 0.75
vt 0.8125 0.75
vt 0.84375 0.75
vt 0.875 0.75
vt 0.90625 0.75
vt 0.9375 0.75
vt 0.96875 0.75
vt 1 0.75
vt 0 0.8125
vt 0.03125 0.8125
vt 0.0625 0.8125
vt 0.09375 0.8125
vt 0.125 0.8125
vt 0.15625 0.8125
vt 0.1875 0.8125
vt 0.21875 0.8125
vt 0.25 0.8125
vt 0.28125 0.8125
vt 0.3125 0.8125
vt 0.34375 0.8125
vt 0.375 0.8125
vt 0.40625 0.8125
vt 0.4375 0.8125
vt 0.46875 0.8125
vt 0.5 0.8125
vt 0.53125 0.8125
vt 0.5625 0.8125
vt 0.59375 0.8125
vt 0.625 0.8125
vt 0.65625 0.8125
vt 0.6875 0.8125
vt 0.71875 0.8125
vt 0.75 0.8125
vt 0.78125 0.8125
vt 0.8125 0.8125
vt 0.84375 0.8125
vt 0.875 0.8125
vt 0.90625 0.8125
vt 0.9375 0.8125
vt 0.96875 0.8125
vt 1 0.8125
vt 0 0.875
vt 0.03125 0.875
vt 0.0625 0.875
vt 0.09375 0.875
vt 0.125 0.875
vt 0.15625 0.875
vt 0.1875 0.875
vt 0.21875 0.875
vt 0.25 0.875
vt 0.28125 0.875
vt 0.3125 0.875
vt 0.34375 0.875
vt 0.375 0.875
vt 0.40625 0.875
vt 0.4375 0.875
vt 0.46875 0.875
vt 0.5 0.875
vt 0.53125 0.875
vt 0.5625 0.875
vt 0.59375 0.875
vt 0.625 0.875
vt 0.65625 0.875
vt 0.6875 0.875
vt 0.71875 0.875
vt 0.75 0.875
vt 0.78125 0.875
vt 0.8125 0.875
vt 0.84375 0.875
vt 0.875 0.875
vt 0.90625 0.875
vt 0.9375 0.875
vt 0.96875 0.875
vt 1 0.875
vt 0 0.9375
vt 0.03125 0.9375
vt 0.0625 0.9375
vt 0.09375 0.9375
vt 0.125 0.9375
vt 0.15625 0.9375
vt 0.1875 0.9375
vt 0.21875 0.9375
vt 0.25 0.9375
vt 0.28125 0.9375
vt 0.3125 0.9375
vt 0.34375 0.9375
vt 0.375 0.9375
vt 0.40625 0.9375
vt 0.4375 0.9375
vt 0.46875 0.9375
vt 0.5 0.9375
vt 0.53125 0.9375
vt 0.5625 0.9375
vt 0.59375 0.9375
vt 0.625 0.9375
vt 0.65625 0.9375
vt 0.6875 0.9375
vt 0.71875 0.9375
vt 0.75 0.9375
vt 0.78125 0.9375
vt 0.8125 0.9375
vt 0.84375 0.9375
vt 0.875 0.9375
vt 0.90625 0.9375
vt 0.9375 0.9375
vt 0.96875 0.9375
vt 1 0.9375
vt 0 1
vt 0.03125 1
vt 0.0625 1
vt 0.09375 1
vt 0.125 1
vt 0.15625 1
vt 0.1875 1
vt 0.21875 1
vt 0.25 1
vt 0.28125 1
vt 0.3125 1
vt 0.34375 1
vt 0.375 1
vt 0.40625 1
vt 0.4375 1
vt 0.46875 1
vt 0.5 1
vt 0.53125 1
vt 0.5625 1
vt 0.59375 1
vt 0.625 1
vt 0.65625 1
vt 0.6875 1
vt 0.71875 1
vt 0.75 1
vt 0.78125 1
vt 0.8125 1
vt 0.84375 1
vt 0.875 1
vt 0.90625 1
vt 0.9375 1
vt 0.96875 1
vt 1 1
vn 1 0 0
vn 0.9807852789517083 0.19509032931342324 0
vn 0.9238795305660377 0.3826834370613369 0
vn 0.8314696016585884 0.555570248949409 0
vn 0.7071067811865476 0.7071067811865476 0
vn 0.555570248949409 0.8314696016585884 0
vn 0.3826834370613369 0.9238795305660377 0
vn 0.19509032931342324 0.9807852789517083 0
vn 6.123234262925839e-17 1 0
vn -0.19509032931342324 0.9807852789517083 0
vn -0.3826834370613369 0.9238795305660377 0
vn -0.555570248949409 0.8314696016585884 0
vn -0.7071067811865476 0.7071067811865476 0
vn -0.8314696016585884 0.555570248949409 0
vn -0.9238795305660377 0.3826834370613369 0
vn -0.9807852789517083 0.19509032931342324 0
vn -1 1.2246468525851679e-16 0
vn -0.9807852789517083 -0.19509032931342324 0
vn -0.9238795305660377 -0.3826834370613369 0
vn -0.8314696016585884 -0.555570248949409 0
vn -0.7071067811865476 -0.7071067811865476 0
vn -0.555570248949409 -0.8314696016585884 0
vn -0.3826834370613369 -0.9238795305660377 0
vn -0.19509032931342324 -0.9807852789517083 0
vn -1.8369701465288538e-16 -1 0
vn 0.19509032931342324 -0.9807852789517083 0
vn 0.3826834370613369 -0.9238795305660377 0
vn 0.555570248949409 -0.8314696016585884 0
vn 0.7071067811865476 -0.7071067811865476 0
vn 0.8314696016585884 -0.555570248949409 0
vn 0.9238795305660377 -0.3826834370613369 0
vn 0.9807852789517083 -0.19509032931342324 0
vn 1 -2.4492937051703357e-16 0
vn 0.9238795305660377 0 0.3826834370613369
vn 0.9061274488488158 0.18023995975530888 0.3826834244517805
vn 0.8535534008993343 0.35355337897317635 0.3826834201135841
vn 0.7681777519791022 0.5132799773021396 0.38268342826028917
vn 0.653281488012237 0.653281488012237 0.38268341333409667
vn 0.5132799773021396 0.7681777519791022 0.38268342826028917
vn 0.35355337897317635 0.8535534008993343 0.3826834201135841
vn 0.18023995975530888 0.9061274488488158 0.3826834244517805
vn 5.657130722319695e-17 0.9238795305660377 0.3826834370613369
vn -0.18023995975530888 0.9061274488488158 0.3826834244517805
vn -0.35355337897317635 0.8535534008993343 0.3826834201135841
vn -0.5132799773021396 0.7681777519791022 0.38268342826028917
vn -0.653281488012237 0.653281488012237 0.38268341333409667
vn -0.7681777519791022 0.5132799773021396 0.38268342826028917
vn -0.8535534008993343 0.35355337897317635 0.3826834201135841
vn -0.9061274488488158 0.18023995975530888 0.3826834244517805
vn -0.9238795305660377 1.131426144463939e-16 0.3826834370613369
vn -0.9061274488488158 -0.18023995975530888 0.3826834244517805
vn -0.8535534008993343 -0.35355337897317635 0.3826834201135841
vn -0.7681777519791022 -0.5132799773021396 0.38268342826028917
vn -0.653281488012237 -0.653281488012237 0.38268341333409667
vn -0.5132799773021396 -0.7681777519791022 0.38268342826028917
vn -0.35355337897317635 -0.8535534008993343 0.3826834201135841
vn -0.18023995975530888 -0.9061274488488158 0.3826834244517805
vn -1.6971392166959086e-16 -0.9238795305660377 0.3826834370613369
vn 0.18023995975530888 -0.9061274488488158 0.3826834244517805
vn 0.35355337897317635 -0.8535534008993343 0.3826834201135841
vn 0.5132799773021396 -0.7681777519791022 0.38268342826028917
vn 0.653281488012237 -0.653281488012237 0.38268341333409667
vn 0.7681777519791022 -0.5132799773021396 0.38268342826028917
vn 0.8535534008993343 -0.35355337897317635 0.3826834201135841
vn 0.9061274488488158 -0.18023995975530888 0.3826834244517805
vn 0.9238795305660377 -2.262852288927878e-16 0.3826834370613369
vn 0.7071067811865476 0 0.7071067811865476
vn 0.6935199426845902 0.13794968878491518 0.7071067617148827
vn 0.6532815030743456 0.2705980511147485 0.7071067617226012
vn 0.5879377874929517 0.39284748855870727 0.7071067873885877
vn 0.5000000042785677 0.5000000042785677 0.7071067751357388
vn 0.39284748855870727 0.5879377874929517 0.7071067873885877
vn 0.2705980511147485 0.6532815030743456 0.7071067617226012
vn 0.13794968878491518 0.6935199426845902 0.7071067617148827
vn 4.329780375814312e-17 0.7071067811865476 0.7071067811865476
vn -0.13794968878491518 0.6935199426845902 0.7071067617148827
vn -0.2705980511147485 0.6532815030743456 0.7071067617226012
vn -0.39284748855870727 0.5879377874929517 0.7071067873885877
vn -0.5000000042785677 0.5000000042785677 0.7071067751357388
vn -0.5879377874929517 0.39284748855870727 0.7071067873885877
vn -0.6532815030743456 0.2705980511147485 0.7071067617226012
vn -0.6935199426845902 0.13794968878491518 0.7071067617148827
vn -0.7071067811865476 8.659560751628624e-17 0.7071067811865476
vn -0.6935199426845902 -0.13794968878491518 0.7071067617148827
vn -0.6532815030743456 -0.2705980511147485 0.7071067617226012
vn -0.5879377874929517 -0.39284748855870727 0.7071067873885877
vn -0.5000000042785677 -0.5000000042785677 0.7071067751357388
vn -0.39284748855870727 -0.5879377874929517 0.7071067873885877
vn -0.2705980511147485 -0.6532815030743456 0.7071067617226012
vn -0.13794968878491518 -0.6935199426845902 0.7071067617148827
vn -1.2989340465698435e-16 -0.7071067811865476 0.7071067811865476
vn 0.13794968878491518 -0.6935199426845902 0.7071067617148827
vn 0.2705980511147485 -0.6532815030743456 0.7071067617226012
vn 0.39284748855870727 -0.5879377874929517 0.7071067873885877
vn 0.5000000042785677 -0.5000000042785677 0.7071067751357388
vn 0.5879377874929517 -0.39284748855870727 0.7071067873885877
vn 0.6532815030743456 -0.2705980511147485 0.7071067617226012
vn 0.6935199426845902 -0.13794968878491518 0.7071067617148827
vn 0.7071067811865476 -1.7319121503257247e-16 0.7071067811865476
vn 0.3826834370613369 0 0.9238795305660377
vn 0.37533028027663956 0.07465783724240778 0.9238795311325744
vn 0.3535533942319051 0.14644661947103244 0.9238795295235227
vn 0.3181896589214118 0.21260752328240298 0.9238795278602066
vn 0.2705980604439119 0.2705980604439119 0.9238795264362049
vn 0.21260752328240298 0.3181896589214118 0.9238795278602066
vn 0.14644661947103244 0.3535533942319051 0.9238795295235227
vn 0.07465783724240778 0.37533028027663956 0.9238795311325744
vn 2.3432603017245014e-17 0.3826834370613369 0.9238795305660377
vn -0.07465783724240778 0.37533028027663956 0.9238795311325744
vn -0.14644661947103244 0.3535533942319051 0.9238795295235227
vn -0.21260752328240298 0.3181896589214118 0.9238795278602066
vn -0.2705980604439119 0.2705980604439119 0.9238795264362049
vn -0.3181896589214118 0.21260752328240298 0.9238795278602066
vn -0.3535533942319051 0.14644661947103244 0.9238795295235227
vn -0.37533028027663956 0.07465783724240778 0.9238795311325744
vn -0.3826834370613369 4.686520603449003e-17 0.9238795305660377
vn -0.37533028027663956 -0.07465783724240778 0.9238795311325744
vn -0.3535533942319051 -0.14644661947103244 0.9238795295235227
vn -0.3181896589214118 -0.21260752328240298 0.9238795278602066
vn -0.2705980604439119 -0.2705980604439119 0.9238795264362049
vn -0.21260752328240298 -0.3181896589214118 0.9238795278602066
vn -0.14644661947103244 -0.3535533942319051 0.9238795295235227
vn -0.07465783724240778 -0.37533028027663956 0.9238795311325744
vn -7.029780739737377e-17 -0.3826834370613369 0.9238795305660377
vn 0.07465783724240778 -0.37533028027663956 0.9238795311325744
vn 0.14644661947103244 -0.3535533942319051 0.9238795295235227
vn 0.21260752328240298 -0.3181896589214118 0.9238795278602066
vn 0.2705980604439119 -0.2705980604439119 0.9238795264362049
vn 0.3181896589214118 -0.21260752328240298 0.9238795278602066
vn 0.3535533942319051 -0.14644661947103244 0.9238795295235227
vn 0.37533028027663956 -0.07465783724240778 0.9238795311325744
vn 0.3826834370613369 -9.373041206898005e-17 0.9238795305660377
vn 0 0 1
vn 0 0 1
vn 0 0 1
vn 0 0 1
vn 0 0 1
vn 0 0 1
vn 0 0 1
vn 0 0 1
vn 0 0 1
vn 0 0 1
vn 0 0 1
vn 0 0 1
vn 0 0 1
vn 0 0 1
vn 0 0 1
vn 0 0 1
vn 0 0 1
vn 0 0 1
vn 0 0 1
vn 0 0 1
vn 0 0 1
vn 0 0 1
vn 0 0 1
vn 0 0 1
vn 0 0 1
vn 0 0 1
vn 0 0 1
vn 0 0 1
vn 0 0 1
vn 0 0 1
vn 0 0 1
vn 0 0 1
vn 0 0 1
vn -0.3826834370613369 0 0.9238795305660377
vn -0.37533028027663956 -0.07465783724240778 0.9238795311325744
vn -0.3535533942319051 -0.14644661947103244 0.9238795295235227
vn -0.3181896589214118 -0.21260752328240298 0.9238795278602066
vn -0.2705980604439119 -0.2705980604439119 0.9238795264362049
vn -0.21260752328240298 -0.3181896589214118 0.9238795278602066
vn -0.14644661947103244 -0.3535533942319051 0.9238795295235227
vn -0.07465783724240778 -0.37533028027663956 0.9238795311325744
vn -2.3432603017245014e-17 -0.3826834370613369 0.9238795305660377
vn 0.07465783724240778 -0.37533028027663956 0.9238795311325744
vn 0.14644661947103244 -0.3535533942319051 0.9238795295235227
vn 0.21260752328240298 -0.3181896589214118 0.9238795278602066
vn 0.2705980604439119 -0.2705980604439119 0.9238795264362049
vn 0.3181896589214118 -0.21260752328240298 0.9238795278602066
vn 0.3535533942319051 -0.14644661947103244 0.9238795295235227
vn 0.37533028027663956 -0.07465783724240778 0.9238795311325744
vn 0.3826834370613369 -4.686520603449003e-17 0.9238795305660377
vn 0.37533028027663956 0.07465783724240778 0.9238795311325744
vn 0.3535533942319051 0.14644661947103244 0.9238795295235227
vn 0.3181896589214118 0.21260752328240298 0.9238795278602066
vn 0.2705980604439119 0.2705980604439119 0.9238795264362049
vn 0.21260752328240298 0.3181896589214118 0.9238795278602066
vn 0.14644661947103244 0.3535533942319051 0.9238795295235227
vn 0.07465783724240778 0.37533028027663956 0.9238795311325744
vn 7.029780739737377e-17 0.3826834370613369 0.9238795305660377
vn -0.07465783724240778 0.37533028027663956 0.9238795311325744
vn -0.14644661947103244 0.3535533942319051 0.9238795295235227
vn -0.21260752328240298 0.3181896589214118 0.9238795278602066
vn -0.2705980604439119 0.2705980604439119 0.9238795264362049
vn -0.3181896589214118 0.21260752328240298 0.9238795278602066
vn -0.3535533942319051 0.14644661947103244 0.9238795295235227
vn -0.37533028027663956 0.07465783724240778 0.9238795311325744
vn -0.3826834370613369 9.373041206898005e-17 0.9238795305660377
vn -0.7071067811865476 0 0.7071067811865476
vn -0.6935199426845902 -0.13794968878491518 0.7071067617148827
vn -0.6532815030743456 -0.2705980511147485 0.7071067617226012
vn -0.5879377874929517 -0.39284748855870727 0.7071067873885877
vn -0.5000000042785677 -0.5000000042785677 0.7071067751357388
vn -0.39284748855870727 -0.5879377874929517 0.7071067873885877
vn -0.2705980511147485 -0.6532815030743456 0.7071067617226012
vn -0.13794968878491518 -0.6935199426845902 0.7071067617148827
vn -4.329780375814312e-17 -0.7071067811865476 0.7071067811865476
vn 0.13794968878491518 -0.6935199426845902 0.7071067617148827
vn 0.2705980511147485 -0.6532815030743456 0.7071067617226012
vn 0.39284748855870727 -0.5879377874929517 0.7071067873885877
vn 0.5000000042785677 -0.5000000042785677 0.7071067751357388
vn 0.5879377874929517 -0.39284748855870727 0.7071067873885877
vn 0.6532815030743456 -0.2705980511147485 0.7071067617226012
vn 0.6935199426845902 -0.13794968878491518 0.7071067617148827
vn 0.7071067811865476 -8.659560751628624e-17 0.7071067811865476
vn 0.6935199426845902 0.13794968878491518 0.7071067617148827
vn 0.6532815030743456 0.2705980511147485 0.7071067617226012
vn 0.5879377874929517 0.39284748855870727 0.7071067873885877
vn 0.5000000042785677 0.5000000042785677 0.7071067751357388
vn 0.39284748855870727 0.5879377874929517 0.7071067873885877
vn 0.2705980511147485 0.6532815030743456 0.7071067617226012
vn 0.13794968878491518 0.6935199426845902 0.7071067617148827
vn 1.2989340465698435e-16 0.7071067811865476 0.7071067811865476
vn -0.13794968878491518 0.6935199426845902 0.7071067617148827
vn -0.2705980511147485 0.6532815030743456 0.7071067617226012
vn -0.39284748855870727 0.5879377874929517 0.7071067873885877
vn -0.5000000042785677 0.5000000042785677 0.7071067751357388
vn -0.5879377874929517 0.39284748855870727 0.7071067873885877
vn -0.6532815030743456 0.2705980511147485 0.7071067617226012
vn -0.6935199426845902 0.13794968878491518 0.7071067617148827
vn -0.7071067811865476 1.7319121503257247e-16 0.7071067811865476
vn -0.9238795305660377 0 0.3826834370613369
vn -0.9061274488488158 -0.18023995975530888 0.3826834244517805
vn -0.8535534008993343 -0.35355337897317635 0.3826834201135841
vn -0.7681777519791022 -0.5132799773021396 0.38268342826028917
vn -0.653281488012237 -0.653281488012237 0.38268341333409667
vn -0.5132799773021396 -0.7681777519791022 0.38268342826028917
vn -0.35355337897317635 -0.8535534008993343 0.3826834201135841
vn -0.18023995975530888 -0.9061274488488158 0.3826834244517805
vn -5.657130722319695e-17 -0.9238795305660377 0.3826834370613369
vn 0.18023995975530888 -0.9061274488488158 0.3826834244517805
vn 0.35355337897317635 -0.8535534008993343 0.3826834201135841
vn 0.5132799773021396 -0.7681777519791022 0.38268342826028917
vn 0.653281488012237 -0.653281488012237 0.38268341333409667
vn 0.7681777519791022 -0.5132799773021396 0.38268342826028917
vn 0.8535534008993343 -0.35355337897317635 0.3826834201135841
vn 0.9061274488488158 -0.18023995975530888 0.3826834244517805
vn 0.9238795305660377 -1.131426144463939e-16 0.3826834370613369
vn 0.9061274488488158 0.18023995975530888 0.3826834244517805
vn 0.8535534008993343 0.35355337897317635 0.3826834201135841
vn 0.7681777519791022 0.5132799773021396 0.38268342826028917
vn 0.653281488012237 0.653281488012237 0.38268341333409667
vn 0.5132799773021396 0.7681777519791022 0.38268342826028917
vn 0.35355337897317635 0.8535534008993343 0.3826834201135841
vn 0.18023995975530888 0.9061274488488158 0.3826834244517805
vn 1.6971392166959086e-16 0.9238795305660377 0.3826834370613369
vn -0.18023995975530888 0.9061274488488158 0.3826834244517805
vn -0.35355337897317635 0.8535534008993343 0.3826834201135841
vn -0.5132799773021396 0.7681777519791022 0.38268342826028917
vn -0.653281488012237 0.653281488012237 0.38268341333409667
vn -0.7681777519791022 0.5132799773021396 0.38268342826028917
vn -0.8535534008993343 0.35355337897317635 0.3826834201135841
vn -0.9061274488488158 0.18023995975530888 0.3826834244517805
vn -0.9238795305660377 2.262852288927878e-16 0.3826834370613369
vn -1 0 1.2246468525851679e-16
vn -0.9807852789517083 -0.19509032931342324 1.2246468879066106e-16
vn -0.9238795305660377 -0.3826834370613369 1.2246468875295903e-16
vn -0.8314696016585884 -0.555570248949409 1.2246468617557101e-16
vn -0.7071067811865476 -0.7071067811865476 1.2246468735441063e-16
vn -0.555570248949409 -0.8314696016585884 1.2246468617557101e-16
vn -0.3826834370613369 -0.9238795305660377 1.2246468875295903e-16
vn -0.19509032931342324 -0.9807852789517083 1.2246468879066106e-16
vn -6.123234262925839e-17 -1 1.2246468525851679e-16
vn 0.19509032931342324 -0.9807852789517083 1.2246468879066106e-16
vn 0.3826834370613369 -0.9238795305660377 1.2246468875295903e-16
vn 0.555570248949409 -0.8314696016585884 1.2246468617557101e-16
vn 0.7071067811865476 -0.7071067811865476 1.2246468735441063e-16
vn 0.8314696016585884 -0.555570248949409 1.2246468617557101e-16
vn 0.9238795305660377 -0.3826834370613369 1.2246468875295903e-16
vn 0.9807852789517083 -0.19509032931342324 1.2246468879066106e-16
vn 1 -1.2246468525851679e-16 1.2246468525851679e-16
vn 0.9807852789517083 0.19509032931342324 1.2246468879066106e-16
vn 0.9238795305660377 0.3826834370613369 1.2246468875295903e-16
vn 0.8314696016585884 0.555570248949409 1.2246468617557101e-16
vn 0.7071067811865476 0.7071067811865476 1.2246468735441063e-16
vn 0.555570248949409 0.8314696016585884 1.2246468617557101e-16
vn 0.3826834370613369 0.9238795305660377 1.2246468875295903e-16
vn 0.19509032931342324 0.9807852789517083 1.2246468879066106e-16
vn 1.8369701465288538e-16 1 1.2246468525851679e-16
vn -0.19509032931342324 0.9807852789517083 1.2246468879066106e-16
vn -0.3826834370613369 0.9238795305660377 1.2246468875295903e-16
vn -0.555570248949409 0.8314696016585884 1.2246468617557101e-16
vn -0.7071067811865476 0.7071067811865476 1.2246468735441063e-16
vn -0.8314696016585884 0.555570248949409 1.2246468617557101e-16
vn -0.9238795305660377 0.3826834370613369 1.2246468875295903e-16
vn -0.9807852789517083 0.19509032931342324 1.2246468879066106e-16
vn -1 2.4492937051703357e-16 1.2246468525851679e-16
vn -0.9238795305660377 0 -0.3826834370613369
vn -0.9061274488488158 -0.18023995975530888 -0.3826834244517805
vn -0.8535534008993343 -0.35355337897317635 -0.3826834201135841
vn -0.7681777519791022 -0.5132799773021396 -0.38268342826028917
vn -0.653281488012237 -0.653281488012237 -0.38268341333409667
vn -0.5132799773021396 -0.7681777519791022 -0.38268342826028917
vn -0.35355337897317635 -0.8535534008993343 -0.3826834201135841
vn -0.18023995975530888 -0.9061274488488158 -0.3826834244517805
vn -5.657130722319695e-17 -0.9238795305660377 -0.3826834370613369
vn 0.18023995975530888 -0.9061274488488158 -0.3826834244517805
vn 0.35355337897317635 -0.8535534008993343 -0.3826834201135841
vn 0.5132799773021396 -0.7681777519791022 -0.38268342826028917
vn 0.653281488012237 -0.653281488012237 -0.38268341333409667
vn 0.7681777519791022 -0.5132799773021396 -0.38268342826028917
vn 0.8535534008993343 -0.35355337897317635 -0.3826834201135841
vn 0.9061274488488158 -0.18023995975530888 -0.3826834244517805
vn 0.9238795305660377 -1.131426144463939e-16 -0.3826834370613369
vn 0.9061274488488158 0.18023995975530888 -0.3826834244517805
vn 0.8535534008993343 0.35355337897317635 -0.3826834201135841
vn 0.7681777519791022 0.5132799773021396 -0.38268342826028917
vn 0.653281488012237 0.653281488012237 -0.38268341333409667
vn 0.5132799773021396 0.7681777519791022 -0.38268342826028917
vn 0.35355337897317635 0.8535534008993343 -0.3826834201135841
vn 0.18023995975530888 0.9061274488488158 -0.3826834244517805
vn 1.6971392166959086e-16 0.9238795305660377 -0.3826834370613369
vn -0.18023995975530888 0.9061274488488158 -0.3826834244517805
vn -0.35355337897317635 0.8535534008993343 -0.3826834201135841
vn -0.5132799773021396 0.7681777519791022 -0.38268342826028917
vn -0.653281488012237 0.653281488012237 -0.38268341333409667
vn -0.7681777519791022 0.5132799773021396 -0.38268342826028917
vn -0.8535534008993343 0.35355337897317635 -0.3826834201135841
vn -0.9061274488488158 0.18023995975530888 -0.3826834244517805
vn -0.9238795305660377 2.262852288927878e-16 -0.3826834370613369
vn -0.7071067811865476 0 -0.7071067811865476
vn -0.6935199426845902 -0.13794968878491518 -0.7071067617148827
vn -0.6532815030743456 -0.2705980511147485 -0.7071067617226012
vn -0.5879377874929517 -0.39284748855870727 -0.7071067873885877
vn -0.5000000042785677 -0.5000000042785677 -0.7071067751357388
vn -0.39284748855870727 -0.5879377874929517 -0.7071067873885877
vn -0.2705980511147485 -0.6532815030743456 -0.7071067617226012
vn -0.13794968878491518 -0.6935199426845902 -0.7071067617148827
vn -4.329780375814312e-17 -0.7071067811865476 -0.7071067811865476
vn 0.13794968878491518 -0.6935199426845902 -0.7071067617148827
vn 0.2705980511147485 -0.6532815030743456 -0.7071067617226012
vn 0.39284748855870727 -0.5879377874929517 -0.7071067873885877
vn 0.5000000042785677 -0.5000000042785677 -0.7071067751357388
vn 0.5879377874929517 -0.39284748855870727 -0.7071067873885877
vn 0.6532815030743456 -0.2705980511147485 -0.7071067617226012
vn 0.6935199426845902 -0.13794968878491518 -0.7071067617148827
vn 0.7071067811865476 -8.659560751628624e-17 -0.7071067811865476
vn 0.6935199426845902 0.13794968878491518 -0.7071067617148827
vn 0.6532815030743456 0.2705980511147485 -0.7071067617226012
vn 0.5879377874929517 0.39284748855870727 -0.7071067873885877
vn 0.5000000042785677 0.5000000042785677 -0.7071067751357388
vn 0.39284748855870727 0.5879377874929517 -0.7071067873885877
vn 0.2705980511147485 0.6532815030743456 -0.7071067617226012
vn 0.13794968878491518 0.6935199426845902 -0.7071067617148827
vn 1.2989340465698435e-16 0.7071067811865476 -0.7071067811865476
vn -0.13794968878491518 0.6935199426845902 -0.7071067617148827
vn -0.2705980511147485 0.6532815030743456 -0.7071067617226012
vn -0.39284748855870727 0.5879377874929517 -0.7071067873885877
vn -0.5000000042785677 0.5000000042785677 -0.7071067751357388
vn -0.5879377874929517 0.39284748855870727 -0.7071067873885877
vn -0.6532815030743456 0.2705980511147485 -0.7071067617226012
vn -0.6935199426845902 0.13794968878491518 -0.7071067617148827
vn -0.7071067811865476 1.7319121503257247e-16 -0.7071067811865476
vn -0.3826834370613369 0 -0.9238795305660377
vn -0.37533028027663956 -0.07465783724240778 -0.9238795311325744
vn -0.3535533942319051 -0.14644661947103244 -0.9238795295235227
vn -0.3181896589214118 -0.21260752328240298 -0.9238795278602066
vn -0.2705980604439119 -0.2705980604439119 -0.9238795264362049
vn -0.21260752328240298 -0.3181896589214118 -0.9238795278602066
vn -0.14644661947103244 -0.3535533942319051 -0.9238795295235227
vn -0.07465783724240778 -0.37533028027663956 -0.9238795311325744
vn -2.3432603017245014e-17 -0.3826834370613369 -0.9238795305660377
vn 0.07465783724240778 -0.37533028027663956 -0.9238795311325744
vn 0.14644661947103244 -0.3535533942319051 -0.9238795295235227
vn 0.21260752328240298 -0.3181896589214118 -0.9238795278602066
vn 0.2705980604439119 -0.2705980604439119 -0.9238795264362049
vn 0.3181896589214118 -0.21260752328240298 -0.9238795278602066
vn 0.3535533942319051 -0.14644661947103244 -0.9238795295235227
vn 0.37533028027663956 -0.07465783724240778 -0.9238795311325744
vn 0.3826834370613369 -4.686520603449003e-17 -0.9238795305660377
vn 0.37533028027663956 0.07465783724240778 -0.9238795311325744
vn 0.3535533942319051 0.14644661947103244 -0.9238795295235227
vn 0.3181896589214118 0.21260752328240298 -0.9238795278602066
vn 0.2705980604439119 0.2705980604439119 -0.9238795264362049
vn 0.21260752328240298 0.3181896589214118 -0.9238795278602066
vn 0.14644661947103244 0.3535533942319051 -0.9238795295235227
vn 0.07465783724240778 0.37533028027663956 -0.9238795311325744
vn 7.029780739737377e-17 0.3826834370613369 -0.9238795305660377
vn -0.07465783724240778 0.37533028027663956 -0.9238795311325744
vn -0.14644661947103244 0.3535533942319051 -0.9238795295235227
vn -0.21260752328240298 0.3181896589214118 -0.9238795278602066
vn -0.2705980604439119 0.2705980604439119 -0.9238795264362049
vn -0.3181896589214118 0.21260752328240298 -0.9238795278602066
vn -0.3535533942319051 0.14644661947103244 -0.9238795295235227
vn -0.37533028027663956 0.07465783724240778 -0.9238795311325744
vn -0.3826834370613369 9.373041206898005e-17 -0.9238795305660377
vn 0 0 -1
vn 0 0 -1
vn 0 0 -1
vn 0 0 -1
vn 0 0 -1
vn 0 0 -1
vn 0 0 -1
vn 0 0 -1
vn 0 0 -1
vn 0 0 -1
vn 0 0 -1
vn 0 0 -1
vn 0 0 -1
vn 0 0 -1
vn 0 0 -1
vn 0 0 -1
vn 0 0 -1
vn 0 0 -1
vn 0 0 -1
vn 0 0 -1
vn 0 0 -1
vn 0 0 -1
vn 0 0 -1
vn 0 0 -1
vn 0 0 -1
vn 0 0 -1
vn 0 0 -1
vn 0 0 -1
vn 0 0 -1
vn 0 0 -1
vn 0 0 -1
vn 0 0 -1
vn 0 0 -1
vn 0.3826834370613369 0 -0.9238795305660377
vn 0.37533028027663956 0.07465783724240778 -0.9238795311325744
vn 0.3535533942319051 0.14644661947103244 -0.9238795295235227
vn 0.3181896589214118 0.21260752328240298 -0.9238795278602066
vn 0.2705980604439119 0.2705980604439119 -0.9238795264362049
vn 0.21260752328240298 0.3181896589214118 -0.9238795278602066
vn 0.14644661947103244 0.3535533942319051 -0.9238795295235227
vn 0.07465783724240778 0.37533028027663956 -0.9238795311325744
vn 2.3432603017245014e-17 0.3826834370613369 -0.9238795305660377
vn -0.07465783724240778 0.37533028027663956 -0.9238795311325744
vn -0.14644661947103244 0.3535533942319051 -0.9238795295235227
vn -0.21260752328240298 0.3181896589214118 -0.9238795278602066
vn -0.2705980604439119 0.2705980604439119 -0.9238795264362049
vn -0.3181896589214118 0.21260752328240298 -0.9238795278602066
vn -0.3535533942319051 0.14644661947103244 -0.9238795295235227
vn -0.37533028027663956 0.07465783724240778 -0.9238795311325744
vn -0.3826834370613369 4.686520603449003e-17 -0.9238795305660377
vn -0.37533028027663956 -0.07465783724240778 -0.9238795311325744
vn -0.3535533942319051 -0.14644661947103244 -0.9238795295235227
vn -0.3181896589214118 -0.21260752328240298 -0.9238795278602066
vn -0.2705980604439119 -0.2705980604439119 -0.9238795264362049
vn -0.21260752328240298 -0.3181896589214118 -0.9238795278602066
vn -0.14644661947103244 -0.3535533942319051 -0.9238795295235227
vn -0.07465783724240778 -0.37533028027663956 -0.9238795311325744
vn -7.029780739737377e-17 -0.3826834370613369 -0.9238795305660377
vn 0.07465783724240778 -0.37533028027663956 -0.9238795311325744
vn 0.14644661947103244 -0.3535533942319051 -0.9238795295235227
vn 0.21260752328240298 -0.3181896589214118 -0.9238795278602066
vn 0.2705980604439119 -0.2705980604439119 -0.9238795264362049
vn 0.3181896589214118 -0.21260752328240298 -0.9238795278602066
vn 0.3535533942319051 -0.14644661947103244 -0.9238795295235227
vn 0.37533028027663956 -0.07465783724240778 -0.9238795311325744
vn 0.3826834370613369 -9.373041206898005e-17 -0.9238795305660377
vn 0.7071067811865476 0 -0.7071067811865476
vn 0.6935199426845902 0.13794968878491518 -0.7071067617148827
vn 0.6532815030743456 0.2705980511147485 -0.7071067617226012
vn 0.5879377874929517 0.39284748855870727 -0.7071067873885877
vn 0.5000000042785677 0.5000000042785677 -0.7071067751357388
vn 0.39284748855870727 0.5879377874929517 -0.7071067873885877
vn 0.2705980511147485 0.6532815030743456 -0.7071067617226012
vn 0.13794968878491518 0.6935199426845902 -0.7071067617148827
vn 4.329780375814312e-17 0.7071067811865476 -0.7071067811865476
vn -0.13794968878491518 0.6935199426845902 -0.7071067617148827
vn -0.2705980511147485 0.6532815030743456 -0.7071067617226012
vn -0.39284748855870727 0.5879377874929517 -0.7071067873885877
vn -0.5000000042785677 0.5000000042785677 -0.7071067751357388
vn -0.5879377874929517 0.39284748855870727 -0.7071067873885877
vn -0.6532815030743456 0.2705980511147485 -0.7071067617226012
vn -0.6935199426845902 0.13794968878491518 -0.7071067617148827
vn -0.7071067811865476 8.659560751628624e-17 -0.7071067811865476
vn -0.6935199426845902 -0.13794968878491518 -0.7071067617148827
vn -0.6532815030743456 -0.2705980511147485 -0.7071067617226012
vn -0.5879377874929517 -0.39284748855870727 -0.7071067873885877
vn -0.5000000042785677 -0.5000000042785677 -0.7071067751357388
vn -0.39284748855870727 -0.5879377874929517 -0.7071067873885877
vn -0.2705980511147485 -0.6532815030743456 -0.7071067617226012
vn -0.13794968878491518 -0.6935199426845902 -0.7071067617148827
vn -1.2989340465698435e-16 -0.7071067811865476 -0.7071067811865476
vn 0.13794968878491518 -0.6935199426845902 -0.7071067617148827
vn 0.2705980511147485 -0.6532815030743456 -0.7071067617226012
vn 0.39284748855870727 -0.5879377874929517 -0.7071067873885877
vn 0.5000000042785677 -0.5000000042785677 -0.7071067751357388
vn 0.5879377874929517 -0.39284748855870727 -0.7071067873885877
vn 0.6532815030743456 -0.2705980511147485 -0.7071067617226012
vn 0.6935199426845902 -0.13794968878491518 -0.7071067617148827
vn 0.7071067811865476 -1.7319121503257247e-16 -0.7071067811865476
vn 0.9238795305660377 0 -0.3826834370613369
vn 0.9061274488488158 0.18023995975530888 -0.3826834244517805
vn 0.8535534008993343 0.35355337897317635 -0.3826834201135841
vn 0.7681777519791022 0.5132799773021396 -0.38268342826028917
vn 0.653281488012237 0.653281488012237 -0.38268341333409667
vn 0.5132799773021396 0.7681777519791022 -0.38268342826028917
vn 0.35355337897317635 0.8535534008993343 -0.3826834201135841
vn 0.18023995975530888 0.9061274488488158 -0.3826834244517805
vn 5.657130722319695e-17 0.9238795305660377 -0.3826834370613369
vn -0.18023995975530888 0.9061274488488158 -0.3826834244517805
vn -0.35355337897317635 0.8535534008993343 -0.3826834201135841
vn -0.5132799773021396 0.7681777519791022 -0.38268342826028917
vn -0.653281488012237 0.653281488012237 -0.38268341333409667
vn -0.7681777519791022 0.5132799773021396 -0.38268342826028917
vn -0.8535534008993343 0.35355337897317635 -0.3826834201135841
vn -0.9061274488488158 0.18023995975530888 -0.3826834244517805
vn -0.9238795305660377 1.131426144463939e-16 -0.3826834370613369
vn -0.9061274488488158 -0.18023995975530888 -0.3826834244517805
vn -0.8535534008993343 -0.35355337897317635 -0.3826834201135841
vn -0.7681777519791022 -0.5132799773021396 -0.38268342826028917
vn -0.653281488012237 -0.653281488012237 -0.38268341333409667
vn -0.5132799773021396 -0.7681777519791022 -0.38268342826028917
vn -0.35355337897317635 -0.8535534008993343 -0.3826834201135841
vn -0.18023995975530888 -0.9061274488488158 -0.3826834244517805
vn -1.6971392166959086e-16 -0.9238795305660377 -0.3826834370613369
vn 0.18023995975530888 -0.9061274488488158 -0.3826834244517805
vn 0.35355337897317635 -0.8535534008993343 -0.3826834201135841
vn 0.5132799773021396 -0.7681777519791022 -0.38268342826028917
vn 0.653281488012237 -0.653281488012237 -0.38268341333409667
vn 0.7681777519791022 -0.5132799773021396 -0.38268342826028917
vn 0.8535534008993343 -0.35355337897317635 -0.3826834201135841
vn 0.9061274488488158 -0.18023995975530888 -0.3826834244517805
vn 0.9238795305660377 -2.262852288927878e-16 -0.3826834370613369
vn 1 0 -2.4492937051703357e-16
vn 0.9807852789517083 0.19509032931342324 -2.449293775813221e-16
vn 0.9238795305660377 0.3826834370613369 -2.4492937750591807e-16
vn 0.8314696016585884 0.555570248949409 -2.4492937235114203e-16
vn 0.7071067811865476 0.7071067811865476 -2.4492937470882127e-16
vn 0.555570248949409 0.8314696016585884 -2.4492937235114203e-16
vn 0.3826834370613369 0.9238795305660377 -2.4492937750591807e-16
vn 0.19509032931342324 0.9807852789517083 -2.449293775813221e-16
vn 6.123234262925839e-17 1 -2.4492937051703357e-16
vn -0.19509032931342324 0.9807852789517083 -2.449293775813221e-16
vn -0.3826834370613369 0.9238795305660377 -2.4492937750591807e-16
vn -0.555570248949409 0.8314696016585884 -2.4492937235114203e-16
vn -0.7071067811865476 0.7071067811865476 -2.4492937470882127e-16
vn -0.8314696016585884 0.555570248949409 -2.4492937235114203e-16
vn -0.9238795305660377 0.3826834370613369 -2.4492937750591807e-16
vn -0.9807852789517083 0.19509032931342324 -2.449293775813221e-16
vn -1 1.2246468525851679e-16 -2.4492937051703357e-16
vn -0.9807852789517083 -0.19509032931342324 -2.449293775813221e-16
vn -0.9238795305660377 -0.3826834370613369 -2.4492937750591807e-16
vn -0.8314696016585884 -0.555570248949409 -2.4492937235114203e-16
vn -0.7071067811865476 -0.7071067811865476 -2.4492937470882127e-16
vn -0.555570248949409 -0.8314696016585884 -2.4492937235114203e-16
vn -0.3826834370613369 -0.9238795305660377 -2.4492937750591807e-16
vn -0.19509032931342324 -0.9807852789517083 -2.449293775813221e-16
vn -1.8369701465288538e-16 -1 -2.4492937051703357e-16
vn 0.19509032931342324 -0.9807852789517083 -2.449293775813221e-16
vn 0.3826834370613369 -0.9238795305660377 -2.4492937750591807e-16
vn 0.555570248949409 -0.8314696016585884 -2.4492937235114203e-16
vn 0.7071067811865476 -0.7071067811865476 -2.4492937470882127e-16
vn 0.8314696016585884 -0.555570248949409 -2.4492937235114203e-16
vn 0.9238795305660377 -0.3826834370613369 -2.4492937750591807e-16
vn 0.9807852789517083 -0.19509032931342324 -2.449293775813221e-16
vn 1 -2.4492937051703357e-16 -2.4492937051703357e-16
f 2343/2343/2343 2310/2310/2310 2344/2344/2344
f 2310/2310/2310 2311/2311/2311 2344/2344/2344
f 2344/2344/2344 2311/2311/2311 2345/2345/2345
f 2311/2311/2311 2312/2312/2312 2345/2345/2345
f 2345/2345/2345 2312/2312/2312 2346/2346/2346
f 2312/2312/2312 2313/2313/2313 2346/2346/2346
f 2346/2346/2346 2313/2313/2313 2347/2347/2347
f 2313/2313/2313 2314/2314/2314 2347/2347/2347
f 2347/2347/2347 2314/2314/2314 2348/2348/2348
f 2314/2314/2314 2315/2315/2315 2348/2348/2348
f 2348/2348/2348 2315/2315/2315 2349/2349/2349
f 2315/2315/2315 2316/2316/2316 2349/2349/2349
f 2349/2349/2349 2316/2316/2316 2350/2350/2350
f 2316/2316/2316 2317/2317/2317 2350/2350/2350
f 2350/2350/2350 2317/2317/2317 2351/2351/2351
f 2317/2317/2317 2318/2318/2318 2351/2351/2351
f 2351/2351/2351 2318/2318/2318 2352/2352/2352
f 2318/2318/2318 2319/2319/2319 2352/2352/2352
f 2352/2352/2352 2319/2319/2319 2353/2353/2353
f 2319/2319/2319 2320/2320/2320 2353/2353/2353
f 2353/2353/2353 2320/2320/2320 2354/2354/2354
f 2320/2320/2320 2321/2321/2321 2354/2354/2354
f 2354/2354/2354 2321/2321/2321 2355/2355/2355
f 2321/2321/2321 2322/2322/2322 2355/2355/2355
f 2355/2355/2355 2322/2322/2322 2356/2356/2356
f 2322/2322/2322 2323/2323/2323 2356/2356/2356
f 2356/2356/2356 2323/2323/2323 2357/2357/2357
f 2323/2323/2323 2324/2324/2324 2357/2357/2357
f 2357/2357/2357 2324/2324/2324 2358/2358/2358
f 2324/2324/2324 2325/2325/2325 2358/2358/2358
f 2358/2358/2358 2325/2325/2325 2359/2359/2359
f 2325/2325/2325 2326/2326/2326 2359/2359/2359
f 2359/2359/2359 2326/2326/2326 2360/2360/2360
f 2326/2326/2326 2327/2327/2327 2360/2360/2360
f 2360/2360/2360 2327/2327/2327 2361/2361/2361
f 2327/2327/2327 2328/2328/2328 2361/2361/2361
f 2361/2361/2361 2328/2328/2328 2362/2362/2362
f 2328/2328/2328 2329/2329/2329 2362/2362/2362
f 2362/2362/2362 2329/2329/2329 2363/2363/2363
f 2329/2329/2329 2330/2330/2330 2363/2363/2363
f 2363/2363/2363 2330/2330/2330 2364/2364/2364
f 2330/2330/2330 2331/2331/2331 2364/2364/2364
f 2364/2364/2364 2331/2331/2331 2365/2365/2365
f 2331/2331/2331 2332/2332/2332 2365/2365/2365
f 2365/2365/2365 2332/2332/2332 2366/2366/2366
f 2332/2332/2332 2333/2333/2333 2366/2366/2366
f 2366/2366/2366 2333/2333/2333 2367/2367/2367
f 2333/2333/2333 2334/2334/2334 2367/2367/2367
f 2367/2367/2367 2334/2334/2334 2368/2368/2368
f 2334/2334/2334 2335/2335/2335 2368/2368/2368
f 2368/2368/2368 2335/2335/2335 2369/2369/2369
f 2335/2335/2335 2336/2336/2336 2369/2369/2369
f 2369/2369/2369 2336/2336/2336 2370/2370/2370
f 2336/2336/2336 2337/2337/2337 2370/2370/2370
f 2370/2370/2370 2337/2337/2337 2371/2371/2371
f 2337/2337/2337 2338/2338/2338 2371/2371/2371
f 2371/2371/2371 2338/2338/2338 2372/2372/2372
f 2338/2338/2338 2339/2339/2339 2372/2372/2372
f 2372/2372/2372 2339/2339/2339 2373/2373/2373
f 2339/2339/2339 2340/2340/2340 2373/2373/2373
f 2373/2373/2373 2340/2340/2340 2374/2374/2374
f 2340/2340/2340 2341/2341/2341 2374/2374/2374
f 2374/2374/2374 2341/2341/2341 2375/2375/2375
f 2341/2341/2341 2342/2342/2342 2375/2375/2375
f 2376/2376/2376 2343/2343/2343 2377/2377/2377
f 2343/2343/2343 2344/2344/2344 2377/2377/2377
f 2377/2377/2377 2344/2344/2344 2378/2378/2378
f 2344/2344/2344 2345/2345/2345 2378/2378/2378
f 2378/2378/2378 2345/2345/2345 2379/2379/2379
f 2345/2345/2345 2346/2346/2346 2379/2379/2379
f 2379/2379/2379 2346/2346/2346 2380/2380/2380
f 2346/2346/2346 2347/2347/2347 2380/2380/2380
f 2380/2380/2380 2347/2347/2347 2381/2381/2381
f 2347/2347/2347 2348/2348/2348 2381/2381/2381
f 2381/2381/2381 2348/2348/2348 2382/2382/2382
f 2348/2348/2348 2349/2349/2349 2382/2382/2382
f 2382/2382/2382 2349/2349/2349 2383/2383/2383
f 2349/2349/2349 2350/2350/2350 2383/2383/2383
f 2383/2383/2383 2350/2350/2350 2384/2384/2384
f 2350/2350/2350 2351/2351/2351 2384/2384/2384
f 2384/2384/2384 2351/2351/2351 2385/2385/2385
f 2351/2351/2351 2352/2352/2352 2385/2385/2385
f 2385/2385/2385 2352/2352/2352 2386/2386/2386
f 2352/2352/2352 2353/2353/2353 2386/2386/2386
f 2386/2386/2386 2353/2353/2353 2387/2387/2387
f 2353/2353/2353 2354/2354/2354 2387/2387/2387
f 2387/2387/2387 2354/2354/2354 2388/2388/2388
f 2354/2354/2354 2355/2355/2355 2388/2388/2388
f 2388/2388/2388 2355/2355/2355 2389/2389/2389
f 2355/2355/2355 2356/2356/2356 2389/2389/2389
f 2389/2389/2389 2356/2356/2356 2390/2390/2390
f 2356/2356/2356 2357/2357/2357 2390/2390/2390
f 2390/2390/2390 2357/2357/2357 2391/2391/2391
f 2357/2357/2357 2358/2358/2358 2391/2391/2391
f 2391/2391/2391 2358/2358/2358 2392/2392/2392
f 2358/2358/2358 2359/2359/2359 2392/2392/2392
f 2392/2392/2392 2359/2359/2359 2393/2393/2393
f 2359/2359/2359 2360/2360/2360 2393/2393/2393
f 2393/2393/2393 2360/2360/2360 2394/2394/2394
f 2360/2360/2360 2361/2361/2361 2394/2394/2394
f 2394/2394/2394 2361/2361/2361 2395/2395/2395
f 2361/2361/2361 2362/2362/2362 2395/2395/2395
f 2395/2395/2395 2362/2362/2362 2396/2396/2396
f 2362/2362/2362 2363/2363/2363 2396/2396/2396
f 2396/2396/2396 2363/2363/2363 2397/2397/2397
f 2363/2363/2363 2364/2364/2364 2397/2397/2397
f 2397/2397/2397 2364/2364/2364 2398/2398/2398
f 2364/2364/2364 2365/2365/2365 2398/2398/2398
f 2398/2398/2398 2365/2365/2365 2399/2399/2399
f 2365/2365/2365 2366/2366/2366 2399/2399/2399
f 2399/2399/2399 2366/2366/2366 2400/2400/2400
f 2366/2366/2366 2367/2367/2367 2400/2400/2400
f 2400/2400/2400 2367/2367/2367 2401/2401/2401
f 2367/2367/2367 2368/2368/2368 2401/2401/2401
f 2401/2401/2401 2368/2368/2368 2402/2402/2402
f 2368/2368/2368 2369/2369/2369 2402/2402/2402
f 2402/2402/2402 2369/2369/2369 2403/2403/2403
f 2369/2369/2369 2370/2370/2370 2403/2403/2403
f 2403/2403/2403 2370/2370/2370 2404/2404/2404
f 2370/2370/2370 2371/2371/2371 2404/2404/2404
f 2404/2404/2404 2371/2371/2371 2405/2405/2405
f 2371/2371/2371 2372/2372/2372 2405/2405/2405
f 2405/2405/2405 2372/2372/2372 2406/2406/2406
f 2372/2372/2372 2373/2373/2373 2406/2406/2406
f 2406/2406/2406 2373/2373/2373 2407/2407/2407
f 2373/2373/2373 2374/2374/2374 2407/2407/2407
f 2407/2407/2407 2374/2374/2374 2408/2408/2408
f 2374/2374/2374 2375/2375/2375 2408/2408/2408
f 2409/2409/2409 2376/2376/2376 2410/2410/2410
f 2376/2376/2376 2377/2377/2377 2410/2410/2410
f 2410/2410/2410 2377/2377/2377 2411/2411/2411
f 2377/2377/2377 2378/2378/2378 2411/2411/2411
f 2411/2411/2411 2378/2378/2378 2412/2412/2412
f 2378/2378/2378 2379/2379/2379 2412/2412/2412
f 2412/2412/2412 2379/2379/2379 2413/2413/2413
f 2379/2379/2379 2380/2380/2380 2413/2413/2413
f 2413/2413/2413 2380/2380/2380 2414/2414/2414
f 2380/2380/2380 2381/2381/2381 2414/2414/2414
f 2414/2414/2414 2381/2381/2381 2415/2415/2415
f 2381/2381/2381 2382/2382/2382 2415/2415/2415
f 2415/2415/2415 2382/2382/2382 2416/2416/2416
f 2382/2382/2382 2383/2383/2383 2416/2416/2416
f 2416/2416/2416 2383/2383/2383 2417/2417/2417
f 2383/2383/2383 2384/2384/2384 2417/2417/2417
f 2417/2417/2417 2384/2384/2384 2418/2418/2418
f 2384/2384/2384 2385/2385/2385 2418/2418/2418
f 2418/2418/2418 2385/2385/2385 2419/2419/2419
f 2385/2385/2385 2386/2386/2386 2419/2419/2419
f 2419/2419/2419 2386/2386/2386 2420/2420/2420
f 2386/2386/2386 2387/2387/2387 2420/2420/2420
f 2420/2420/2420 2387/2387/2387 2421/2421/2421
f 2387/2387/2387 2388/2388/2388 2421/2421/2421
f 2421/2421/2421 2388/2388/2388 2422/2422/2422
f 2388/2388/2388 2389/2389/2389 2422/2422/2422
f 2422/2422/2422 2389/2389/2389 2423/2423/2423
f 2389/2389/2389 2390/2390/2390 2423/2423/2423
f 2423/2423/2423 2390/2390/2390 2424/2424/2424
f 2390/2390/2390 2391/2391/2391 2424/2424/2424
f 2424/2424/2424 2391/2391/2391 2425/2425/2425
f 2391/2391/2391 2392/2392/2392 2425/2425/2425
f 2425/2425/2425 2392/2392/2392 2426/2426/2426
f 2392/2392/2392 2393/2393/2393 2426/2426/2426
f 2426/2426/2426 2393/2393/2393 2427/2427/2427
f 2393/2393/2393 2394/2394/2394 2427/2427/2427
f 2427/2427/2427 2394/2394/2394 2428/2428/2428
f 2394/2394/2394 2395/2395/2395 2428/2428/2428
f 2428/2428/2428 2395/2395/2395 2429/2429/2429
f 2395/2395/2395 2396/2396/2396 2429/2429/2429
f 2429/2429/2429 2396/2396/2396 2430/2430/2430
f 2396/2396/2396 2397/2397/2397 2430/2430/2430
f 2430/2430/2430 2397/2397/2397 2431/2431/2431
f 2397/2397/2397 2398/2398/2398 2431/2431/2431
f 2431/2431/2431 2398/2398/2398 2432/2432/2432
f 2398/2398/2398 2399/2399/2399 2432/2432/2432
f 2432/2432/2432 2399/2399/2399 2433/2433/2433
f 2399/2399/2399 2400/2400/2400 2433/2433/2433
f 2433/2433/2433 2400/2400/2400 2434/2434/2434
f 2400/2400/2400 2401/2401/2401 2434/2434/2434
f 2434/2434/2434 2401/2401/2401 2435/2435/2435
f 2401/2401/2401 2402/2402/2402 2435/2435/2435
f 2435/2435/2435 2402/2402/2402 2436/2436/2436
f 2402/2402/2402 2403/2403/2403 2436/2436/2436
f 2436/2436/2436 2403/2403/2403 2437/2437/2437
f 2403/2403/2403 2404/2404/2404 2437/2437/2437
f 2437/2437/2437 2404/2404/2404 2438/2438/2438
f 2404/2404/2404 2405/2405/2405 2438/2438/2438
f 2438/2438/2438 2405/2405/2405 2439/2439/2439
f 2405/2405/2405 2406/2406/2406 2439/2439/2439
f 2439/2439/2439 2406/2406/2406 2440/2440/2440
f 2406/2406/2406 2407/2407/2407 2440/2440/2440
f 2440/2440/2440 2407/2407/2407 2441/2441/2441
f 2407/2407/2407 2408/2408/2408 2441/2441/2441
f 2442/2442/2442 2409/2409/2409 2443/2443/2443
f 2409/2409/2409 2410/2410/2410 2443/2443/2443
f 2443/2443/2443 2410/2410/2410 2444/2444/2444
f 2410/2410/2410 2411/2411/2411 2444/2444/2444
f 2444/2444/2444 2411/2411/2411 2445/2445/2445
f 2411/2411/2411 2412/2412/2412 2445/2445/2445
f 2445/2445/2445 2412/2412/2412 2446/2446/2446
f 2412/2412/2412 2413/2413/2413 2446/2446/2446
f 2446/2446/2446 2413/2413/2413 2447/2447/2447
f 2413/2413/2413 2414/2414/2414 2447/2447/2447
f 2447/2447/2447 2414/2414/2414 2448/2448/2448
f 2414/2414/2414 2415/2415/2415 2448/2448/2448
f 2448/2448/2448 2415/2415/2415 2449/2449/2449
f 2415/2415/2415 2416/2416/2416 2449/2449/2449
f 2449/2449/2449 2416/2416/2416 2450/2450/2450
f 2416/2416/2416 2417/2417/2417 2450/2450/2450
f 2450/2450/2450 2417/2417/2417 2451/2451/2451
f 2417/2417/2417 2418/2418/2418 2451/2451/2451
f 2451/2451/2451 2418/2418/2418 2452/2452/2452
f 2418/2418/2418 2419/2419/2419 2452/2452/2452
f 2452/2452/2452 2419/2419/2419 2453/2453/2453
f 2419/2419/2419 2420/2420/2420 2453/2453/2453
f 2453/2453/2453 2420/2420/2420 2454/2454/2454
f 2420/2420/2420 2421/2421/2421 2454/2454/2454
f 2454/2454/2454 2421/2421/2421 2455/2455/2455
f 2421/2421/2421 2422/2422/2422 2455/2455/2455
f 2455/2455/2455 2422/2422/2422 2456/2456/2456
f 2422/2422/2422 2423/2423/2423 2456/2456/2456
f 2456/2456/2456 2423/2423/2423 2457/2457/2457
f 2423/2423/2423 2424/2424/2424 2457/2457/2457
f 2457/2457/2457 2424/2424/2424 2458/2458/2458
f 2424/2424/2424 2425/2425/2425 2458/2458/2458
f 2458/2458/2458 2425/2425/2425 2459/2459/2459
f 2425/2425/2425 2426/2426/2426 2459/2459/2459
f 2459/2459/2459 2426/2426/2426 2460/2460/2460
f 2426/2426/2426 2427/2427/2427 2460/2460/2460
f 2460/2460/2460 2427/2427/2427 2461/2461/2461
f 2427/2427/2427 2428/2428/2428 2461/2461/2461
f 2461/2461/2461 2428/2428/2428 2462/2462/2462
f 2428/2428/2428 2429/2429/2429 2462/2462/2462
f 2462/2462/2462 2429/2429/2429 2463/2463/2463
f 2429/2429/2429 2430/2430/2430 2463/2463/2463
f 2463/2463/2463 2430/2430/2430 2464/2464/2464
f 2430/2430/2430 2431/2431/2431 2464/2464/2464
f 2464/2464/2464 2431/2431/2431 2465/2465/2465
f 2431/2431/2431 2432/2432/2432 2465/2465/2465
f 2465/2465/2465 2432/2432/2432 2466/2466/2466
f 2432/2432/2432 2433/2433/2433 2466/2466/2466
f 2466/2466/2466 2433/2433/2433 2467/2467/2467
f 2433/2433/2433 2434/2434/2434 2467/2467/2467
f 2467/2467/2467 2434/2434/2434 2468/2468/2468
f 2434/2434/2434 2435/2435/2435 2468/2468/2468
f 2468/2468/2468 2435/2435/2435 2469/2469/2469
f 2435/2435/2435 2436/2436/2436 2469/2469/2469
f 2469/2469/2469 2436/2436/2436 2470/2470/2470
f 2436/2436/2436 2437/2437/2437 2470/2470/2470
f 2470/2470/2470 2437/2437/2437 2471/2471/2471
f 2437/2437/2437 2438/2438/2438 2471/2471/2471
f 2471/2471/2471 2438/2438/2438 2472/2472/2472
f 2438/2438/2438 2439/2439/2439 2472/2472/2472
f 2472/2472/2472 2439/2439/2439 2473/2473/2473
f 2439/2439/2439 2440/2440/2440 2473/2473/2473
f 2473/2473/2473 2440/2440/2440 2474/2474/2474
f 2440/2440/2440 2441/2441/2441 2474/2474/2474
f 2475/2475/2475 2442/2442/2442 2476/2476/2476
f 2442/2442/2442 2443/2443/2443 2476/2476/2476
f 2476/2476/2476 2443/2443/2443 2477/2477/2477
f 2443/2443/2443 2444/2444/2444 2477/2477/2477
f 2477/2477/2477 2444/2444/2444 2478/2478/2478
f 2444/2444/2444 2445/2445/2445 2478/2478/2478
f 2478/2478/2478 2445/2445/2445 2479/2479/2479
f 2445/2445/2445 2446/2446/2446 2479/2479/2479
f 2479/2479/2479 2446/2446/2446 2480/2480/2480
f 2446/2446/2446 2447/2447/2447 2480/2480/2480
f 2480/2480/2480 2447/2447/2447 2481/2481/2481
f 2447/2447/2447 2448/2448/2448 2481/2481/2481
f 2481/2481/2481 2448/2448/2448 2482/2482/2482
f 2448/2448/2448 2449/2449/2449 2482/2482/2482
f 2482/2482/2482 2449/2449/2449 2483/2483/2483
f 2449/2449/2449 2450/2450/2450 2483/2483/2483
f 2483/2483/2483 2450/2450/2450 2484/2484/2484
f 2450/2450/2450 2451/2451/2451 2484/2484/2484
f 2484/2484/2484 2451/2451/2451 2485/2485/2485
f 2451/2451/2451 2452/2452/2452 2485/2485/2485
f 2485/2485/2485 2452/2452/2452 2486/2486/2486
f 2452/2452/2452 2453/2453/2453 2486/2486/2486
f 2486/2486/2486 2453/2453/2453 2487/2487/2487
f 2453/2453/2453 2454/2454/2454 2487/2487/2487
f 2487/2487/2487 2454/2454/2454 2488/2488/2488
f 2454/2454/2454 2455/2455/2455 2488/2488/2488
f 2488/2488/2488 2455/2455/2455 2489/2489/2489
f 2455/2455/2455 2456/2456/2456 2489/2489/2489
f 2489/2489/2489 2456/2456/2456 2490/2490/2490
f 2456/2456/2456 2457/2457/2457 2490/2490/2490
f 2490/2490/2490 2457/2457/2457 2491/2491/2491
f 2457/2457/2457 2458/2458/2458 2491/2491/2491
f 2491/2491/2491 2458/2458/2458 2492/2492/2492
f 2458/2458/2458 2459/2459/2459 2492/2492/2492
f 2492/2492/2492 2459/2459/2459 2493/2493/2493
f 2459/2459/2459 2460/2460/2460 2493/2493/2493
f 2493/2493/2493 2460/2460/2460 2494/2494/2494
f 2460/2460/2460 2461/2461/2461 2494/2494/2494
f 2494/2494/2494 2461/2461/2461 2495/2495/2495
f 2461/2461/2461 2462/2462/2462 2495/2495/2495
f 2495/2495/2495 2462/2462/2462 2496/2496/2496
f 2462/2462/2462 2463/2463/2463 2496/2496/2496
f 2496/2496/2496 2463/2463/2463 2497/2497/2497
f 2463/2463/2463 2464/2464/2464 2497/2497/2497
f 2497/2497/2497 2464/2464/2464 2498/2498/2498
f 2464/2464/2464 2465/2465/2465 2498/2498/2498
f 2498/2498/2498 2465/2465/2465 2499/2499/2499
f 2465/2465/2465 2466/2466/2466 2499/2499/2499
f 2499/2499/2499 2466/2466/2466 2500/2500/2500
f 2466/2466/2466 2467/2467/2467 2500/2500/2500
f 2500/2500/2500 2467/2467/2467 2501/2501/2501
f 2467/2467/2467 2468/2468/2468 2501/2501/2501
f 2501/2501/2501 2468/2468/2468 2502/2502/2502
f 2468/2468/2468 2469/2469/2469 2502/2502/2502
f 2502/2502/2502 2469/2469/2469 2503/2503/2503
f 2469/2469/2469 2470/2470/2470 2503/2503/2503
f 2503/2503/2503 2470/2470/2470 2504/2504/2504
f 2470/2470/2470 2471/2471/2471 2504/2504/2504
f 2504/2504/2504 2471/2471/2471 2505/2505/2505
f 2471/2471/2471 2472/2472/2472 2505/2505/2505
f 2505/2505/2505 2472/2472/2472 2506/2506/2506
f 2472/2472/2472 2473/2473/2473 2506/2506/2506
f 2506/2506/2506 2473/2473/2473 2507/2507/2507
f 2473/2473/2473 2474/2474/2474 2507/2507/2507
f 2508/2508/2508 2475/2475/2475 2509/2509/2509
f 2475/2475/2475 2476/2476/2476 2509/2509/2509
f 2509/2509/2509 2476/2476/2476 2510/2510/2510
f 2476/2476/2476 2477/2477/2477 2510/2510/2510
f 2510/2510/2510 2477/2477/2477 2511/2511/2511
f 2477/2477/2477 2478/2478/2478 2511/2511/2511
f 2511/2511/2511 2478/2478/2478 2512/2512/2512
f 2478/2478/2478 2479/2479/2479 2512/2512/2512
f 2512/2512/2512 2479/2479/2479 2513/2513/2513
f 2479/2479/2479 2480/2480/2480 2513/2513/2513
f 2513/2513/2513 2480/2480/2480 2514/2514/2514
f 2480/2480/2480 2481/2481/2481 2514/2514/2514
f 2514/2514/2514 2481/2481/2481 2515/2515/2515
f 2481/2481/2481 2482/2482/2482 2515/2515/2515
f 2515/2515/2515 2482/2482/2482 2516/2516/2516
f 2482/2482/2482 2483/2483/2483 2516/2516/2516
f 2516/2516/2516 2483/2483/2483 2517/2517/2517
f 2483/2483/2483 2484/2484/2484 2517/2517/2517
f 2517/2517/2517 2484/2484/2484 2518/2518/2518
f 2484/2484/2484 2485/2485/2485 2518/2518/2518
f 2518/2518/2518 2485/2485/2485 2519/2519/2519
f 2485/2485/2485 2486/2486/2486 2519/2519/2519
f 2519/2519/2519 2486/2486/2486 2520/2520/2520
f 2486/2486/2486 2487/2487/2487 2520/2520/2520
f 2520/2520/2520 2487/2487/2487 2521/2521/2521
f 2487/2487/2487 2488/2488/2488 2521/2521/2521
f 2521/2521/2521 2488/2488/2488 2522/2522/2522
f 2488/2488/2488 2489/2489/2489 2522/2522/2522
f 2522/2522/2522 2489/2489/2489 2523/2523/2523
f 2489/2489/2489 2490/2490/2490 2523/2523/2523
f 2523/2523/2523 2490/2490/2490 2524/2524/2524
f 2490/2490/2490 2491/2491/2491 2524/2524/2524
f 2524/2524/2524 2491/2491/2491 2525/2525/2525
f 2491/2491/2491 2492/2492/2492 2525/2525/2525
f 2525/2525/2525 2492/2492/2492 2526/2526/2526
f 2492/2492/2492 2493/2493/2493 2526/2526/2526
f 2526/2526/2526 2493/2493/2493 2527/2527/2527
f 2493/2493/2493 2494/2494/2494 2527/2527/2527
f 2527/2527/2527 2494/2494/2494 2528/2528/2528
f 2494/2494/2494 2495/2495/2495 2528/2528/2528
f 2528/2528/2528 2495/2495/2495 2529/2529/2529
f 2495/2495/2495 2496/2496/2496 2529/2529/2529
f 2529/2529/2529 2496/2496/2496 2530/2530/2530
f 2496/2496/2496 2497/2497/2497 2530/2530/2530
f 2530/2530/2530 2497/2497/2497 2531/2531/2531
f 2497/2497/2497 2498/2498/2498 2531/2531/2531
f 2531/2531/2531 2498/2498/2498 2532/2532/2532
f 2498/2498/2498 2499/2499/2499 2532/2532/2532
f 2532/2532/2532 2499/2499/2499 2533/2533/2533
f 2499/2499/2499 2500/2500/2500 2533/2533/2533
f 2533/2533/2533 2500/2500/2500 2534/2534/2534
f 2500/2500/2500 2501/2501/2501 2534/2534/2534
f 2534/2534/2534 2501/2501/2501 2535/2535/2535
f 2501/2501/2501 2502/2502/2502 2535/2535/2535
f 2535/2535/2535 2502/2502/2502 2536/2536/2536
f 2502/2502/2502 2503/2503/2503 2536/2536/2536
f 2536/2536/2536 2503/2503/2503 2537/2537/2537
f 2503/2503/2503 2504/2504/2504 2537/2537/2537
f 2537/2537/2537 2504/2504/2504 2538/2538/2538
f 2504/2504/2504 2505/2505/2505 2538/2538/2538
f 2538/2538/2538 2505/2505/2505 2539/2539/2539
f 2505/2505/2505 2506/2506/2506 2539/2539/2539
f 2539/2539/2539 2506/2506/2506 2540/2540/2540
f 2506/2506/2506 2507/2507/2507 2540/2540/2540
f 2541/2541/2541 2508/2508/2508 2542/2542/2542
f 2508/2508/2508 2509/2509/2509 2542/2542/2542
f 2542/2542/2542 2509/2509/2509 2543/2543/2543
f 2509/2509/2509 2510/2510/2510 2543/2543/2543
f 2543/2543/2543 2510/2510/2510 2544/2544/2544
f 2510/2510/2510 2511/2511/2511 2544/2544/2544
f 2544/2544/2544 2511/2511/2511 2545/2545/2545
f 2511/2511/2511 2512/2512/2512 2545/2545/2545
f 2545/2545/2545 2512/2512/2512 2546/2546/2546
f 2512/2512/2512 2513/2513/2513 2546/2546/2546
f 2546/2546/2546 2513/2513/2513 2547/2547/2547
f 2513/2513/2513 2514/2514/2514 2547/2547/2547
f 2547/2547/2547 2514/2514/2514 2548/2548/2548
f 2514/2514/2514 2515/2515/2515 2548/2548/2548
f 2548/2548/2548 2515/2515/2515 2549/2549/2549
f 2515/2515/2515 2516/2516/2516 2549/2549/2549
f 2549/2549/2549 2516/2516/2516 2550/2550/2550
f 2516/2516/2516 2517/2517/2517 2550/2550/2550
f 2550/2550/2550 2517/2517/2517 2551/2551/2551
f 2517/2517/2517 2518/2518/2518 2551/2551/2551
f 2551/2551/2551 2518/2518/2518 2552/2552/2552
f 2518/2518/2518 2519/2519/2519 2552/2552/2552
f 2552/2552/2552 2519/2519/2519 2553/2553/2553
f 2519/2519/2519 2520/2520/2520 2553/2553/2553
f 2553/2553/2553 2520/2520/2520 2554/2554/2554
f 2520/2520/2520 2521/2521/2521 2554/2554/2554
f 2554/2554/2554 2521/2521/2521 2555/2555/2555
f 2521/2521/2521 2522/2522/2522 2555/2555/2555
f 2555/2555/2555 2522/2522/2522 2556/2556/2556
f 2522/2522/2522 2523/2523/2523 2556/2556/2556
f 2556/2556/2556 2523/2523/2523 2557/2557/2557
f 2523/2523/2523 2524/2524/2524 2557/2557/2557
f 2557/2557/2557 2524/2524/2524 2558/2558/2558
f 2524/2524/2524 2525/2525/2525 2558/2558/2558
f 2558/2558/2558 2525/2525/2525 2559/2559/2559
f 2525/2525/2525 2526/2526/2526 2559/2559/2559
f 2559/2559/2559 2526/2526/2526 2560/2560/2560
f 2526/2526/2526 2527/2527/2527 2560/2560/2560
f 2560/2560/2560 2527/2527/2527 2561/2561/2561
f 2527/2527/2527 2528/2528/2528 2561/2561/2561
f 2561/2561/2561 2528/2528/2528 2562/2562/2562
f 2528/2528/2528 2529/2529/2529 2562/2562/2562
f 2562/2562/2562 2529/2529/2529 2563/2563/2563
f 2529/2529/2529 2530/2530/2530 2563/2563/2563
f 2563/2563/2563 2530/2530/2530 2564/2564/2564
f 2530/2530/2530 2531/2531/2531 2564/2564/2564
f 2564/2564/2564 2531/2531/2531 2565/2565/2565
f 2531/2531/2531 2532/2532/2532 2565/2565/2565
f 2565/2565/2565 2532/2532/2532 2566/2566/2566
f 2532/2532/2532 2533/2533/2533 2566/2566/2566
f 2566/2566/2566 2533/2533/2533 2567/2567/2567
f 2533/2533/2533 2534/2534/2534 2567/2567/2567
f 2567/2567/2567 2534/2534/2534 2568/2568/2568
f 2534/2534/2534 2535/2535/2535 2568/2568/2568
f 2568/2568/2568 2535/2535/2535 2569/2569/2569
f 2535/2535/2535 2536/2536/2536 2569/2569/2569
f 2569/2569/2569 2536/2536/2536 2570/2570/2570
f 2536/2536/2536 2537/2537/2537 2570/2570/2570
f 2570/2570/2570 2537/2537/2537 2571/2571/2571
f 2537/2537/2537 2538/2538/2538 2571/2571/2571
f 2571/2571/2571 2538/2538/2538 2572/2572/2572
f 2538/2538/2538 2539/2539/2539 2572/2572/2572
f 2572/2572/2572 2539/2539/2539 2573/2573/2573
f 2539/2539/2539 2540/2540/2540 2573/2573/2573
f 2574/2574/2574 2541/2541/2541 2575/2575/2575
f 2541/2541/2541 2542/2542/2542 2575/2575/2575
f 2575/2575/2575 2542/2542/2542 2576/2576/2576
f 2542/2542/2542 2543/2543/2543 2576/2576/2576
f 2576/2576/2576 2543/2543/2543 2577/2577/2577
f 2543/2543/2543 2544/2544/2544 2577/2577/2577
f 2577/2577/2577 2544/2544/2544 2578/2578/2578
f 2544/2544/2544 2545/2545/2545 2578/2578/2578
f 2578/2578/2578 2545/2545/2545 2579/2579/2579
f 2545/2545/2545 2546/2546/2546 2579/2579/2579
f 2579/2579/2579 2546/2546/2546 2580/2580/2580
f 2546/2546/2546 2547/2547/2547 2580/2580/2580
f 2580/2580/2580 2547/2547/2547 2581/2581/2581
f 2547/2547/2547 2548/2548/2548 2581/2581/2581
f 2581/2581/2581 2548/2548/2548 2582/2582/2582
f 2548/2548/2548 2549/2549/2549 2582/2582/2582
f 2582/2582/2582 2549/2549/2549 2583/2583/2583
f 2549/2549/2549 2550/2550/2550 2583/2583/2583
f 2583/2583/2583 2550/2550/2550 2584/2584/2584
f 2550/2550/2550 2551/2551/2551 2584/2584/2584
f 2584/2584/2584 2551/2551/2551 2585/2585/2585
f 2551/2551/2551 2552/2552/2552 2585/2585/2585
f 2585/2585/2585 2552/2552/2552 2586/2586/2586
f 2552/2552/2552 2553/2553/2553 2586/2586/2586
f 2586/2586/2586 2553/2553/2553 2587/2587/2587
f 2553/2553/2553 2554/2554/2554 2587/2587/2587
f 2587/2587/2587 2554/2554/2554 2588/2588/2588
f 2554/2554/2554 2555/2555/2555 2588/2588/2588
f 2588/2588/2588 2555/2555/2555 2589/2589/2589
f 2555/2555/2555 2556/2556/2556 2589/2589/2589
f 2589/2589/2589 2556/2556/2556 2590/2590/2590
f 2556/2556/2556 2557/2557/2557 2590/2590/2590
f 2590/2590/2590 2557/2557/2557 2591/2591/2591
f 2557/2557/2557 2558/2558/2558 2591/2591/2591
f 2591/2591/2591 2558/2558/2558 2592/2592/2592
f 2558/2558/2558 2559/2559/2559 2592/2592/2592
f 2592/2592/2592 2559/2559/2559 2593/2593/2593
f 2559/2559/2559 2560/2560/2560 2593/2593/2593
f 2593/2593/2593 2560/2560/2560 2594/2594/2594
f 2560/2560/2560 2561/2561/2561 2594/2594/2594
f 2594/2594/2594 2561/2561/2561 2595/2595/2595
f 2561/2561/2561 2562/2562/2562 2595/2595/2595
f 2595/2595/2595 2562/2562/2562 2596/2596/2596
f 2562/2562/2562 2563/2563/2563 2596/2596/2596
f 2596/2596/2596 2563/2563/2563 2597/2597/2597
f 2563/2563/2563 2564/2564/2564 2597/2597/2597
f 2597/2597/2597 2564/2564/2564 2598/2598/2598
f 2564/2564/2564 2565/2565/2565 2598/2598/2598
f 2598/2598/2598 2565/2565/2565 2599/2599/2599
f 2565/2565/2565 2566/2566/2566 2599/2599/2599
f 2599/2599/2599 2566/2566/2566 2600/2600/2600
f 2566/2566/2566 2567/2567/2567 2600/2600/2600
f 2600/2600/2600 2567/2567/2567 2601/2601/2601
f 2567/2567/2567 2568/2568/2568 2601/2601/2601
f 2601/2601/2601 2568/2568/2568 2602/2602/2602
f 2568/2568/2568 2569/2569/2569 2602/2602/2602
f 2602/2602/2602 2569/2569/2569 2603/2603/2603
f 2569/2569/2569 2570/2570/2570 2603/2603/2603
f 2603/2603/2603 2570/2570/2570 2604/2604/2604
f 2570/2570/2570 2571/2571/2571 2604/2604/2604
f 2604/2604/2604 2571/2571/2571 2605/2605/2605
f 2571/2571/2571 2572/2572/2572 2605/2605/2605
f 2605/2605/2605 2572/2572/2572 2606/2606/2606
f 2572/2572/2572 2573/2573/2573 2606/2606/2606
f 2607/2607/2607 2574/2574/2574 2608/2608/2608
f 2574/2574/2574 2575/2575/2575 2608/2608/2608
f 2608/2608/2608 2575/2575/2575 2609/2609/2609
f 2575/2575/2575 2576/2576/2576 2609/2609/2609
f 2609/2609/2609 2576/2576/2576 2610/2610/2610
f 2576/2576/2576 2577/2577/2577 2610/2610/2610
f 2610/2610/2610 2577/2577/2577 2611/2611/2611
f 2577/2577/2577 2578/2578/2578 2611/2611/2611
f 2611/2611/2611 2578/2578/2578 2612/2612/2612
f 2578/2578/2578 2579/2579/2579 2612/2612/2612
f 2612/2612/2612 2579/2579/2579 2613/2613/2613
f 2579/2579/2579 2580/2580/2580 2613/2613/2613
f 2613/2613/2613 2580/2580/2580 2614/2614/2614
f 2580/2580/2580 2581/2581/2581 2614/2614/2614
f 2614/2614/2614 2581/2581/2581 2615/2615/2615
f 2581/2581/2581 2582/2582/2582 2615/2615/2615
f 2615/2615/2615 2582/2582/2582 2616/2616/2616
f 2582/2582/2582 2583/2583/2583 2616/2616/2616
f 2616/2616/2616 2583/2583/2583 2617/2617/2617
f 2583/2583/2583 2584/2584/2584 2617/2617/2617
f 2617/2617/2617 2584/2584/2584 2618/2618/2618
f 2584/2584/2584 2585/2585/2585 2618/2618/2618
f 2618/2618/2618 2585/2585/2585 2619/2619/2619
f 2585/2585/2585 2586/2586/2586 2619/2619/2619
f 2619/2619/2619 2586/2586/2586 2620/2620/2620
f 2586/2586/2586 2587/2587/2587 2620/2620/2620
f 2620/2620/2620 2587/2587/2587 2621/2621/2621
f 2587/2587/2587 2588/2588/2588 2621/2621/2621
f 2621/2621/2621 2588/2588/2588 2622/2622/2622
f 2588/2588/2588 2589/2589/2589 2622/2622/2622
f 2622/2622/2622 2589/2589/2589 2623/2623/2623
f 2589/2589/2589 2590/2590/2590 2623/2623/2623
f 2623/2623/2623 2590/2590/2590 2624/2624/2624
f 2590/2590/2590 2591/2591/2591 2624/2624/2624
f 2624/2624/2624 2591/2591/2591 2625/2625/2625
f 2591/2591/2591 2592/2592/2592 2625/2625/2625
f 2625/2625/2625 2592/2592/2592 2626/2626/2626
f 2592/2592/2592 2593/2593/2593 2626/2626/2626
f 2626/2626/2626 2593/2593/2593 2627/2627/2627
f 2593/2593/2593 2594/2594/2594 2627/2627/2627
f 2627/2627/2627 2594/2594/2594 2628/2628/2628
f 2594/2594/2594 2595/2595/2595 2628/2628/2628
f 2628/2628/2628 2595/2595/2595 2629/2629/2629
f 2595/2595/2595 2596/2596/2596 2629/2629/2629
f 2629/2629/2629 2596/2596/2596 2630/2630/2630
f 2596/2596/2596 2597/2597/2597 2630/2630/2630
f 2630/2630/2630 2597/2597/2597 2631/2631/2631
f 2597/2597/2597 2598/2598/2598 2631/2631/2631
f 2631/2631/2631 2598/2598/2598 2632/2632/2632
f 2598/2598/2598 2599/2599/2599 2632/2632/2632
f 2632/2632/2632 2599/2599/2599 2633/2633/2633
f 2599/2599/2599 2600/2600/2600 2633/2633/2633
f 2633/2633/2633 2600/2600/2600 2634/2634/2634
f 2600/2600/2600 2601/2601/2601 2634/2634/2634
f 2634/2634/2634 2601/2601/2601 2635/2635/2635
f 2601/2601/2601 2602/2602/2602 2635/2635/2635
f 2635/2635/2635 2602/2602/2602 2636/2636/2636
f 2602/2602/2602 2603/2603/2603 2636/2636/2636
f 2636/2636/2636 2603/2603/2603 2637/2637/2637
f 2603/2603/2603 2604/2604/2604 2637/2637/2637
f 2637/2637/2637 2604/2604/2604 2638/2638/2638
f 2604/2604/2604 2605/2605/2605 2638/2638/2638
f 2638/2638/2638 2605/2605/2605 2639/2639/2639
f 2605/2605/2605 2606/2606/2606 2639/2639/2639
f 2640/2640/2640 2607/2607/2607 2641/2641/2641
f 2607/2607/2607 2608/2608/2608 2641/2641/2641
f 2641/2641/2641 2608/2608/2608 2642/2642/2642
f 2608/2608/2608 2609/2609/2609 2642/2642/2642
f 2642/2642/2642 2609/2609/2609 2643/2643/2643
f 2609/2609/2609 2610/2610/2610 2643/2643/2643
f 2643/2643/2643 2610/2610/2610 2644/2644/2644
f 2610/2610/2610 2611/2611/2611 2644/2644/2644
f 2644/2644/2644 2611/2611/2611 2645/2645/2645
f 2611/2611/2611 2612/2612/2612 2645/2645/2645
f 2645/2645/2645 2612/2612/2612 2646/2646/2646
f 2612/2612/2612 2613/2613/2613 2646/2646/2646
f 2646/2646/2646 2613/2613/2613 2647/2647/2647
f 2613/2613/2613 2614/2614/2614 2647/2647/2647
f 2647/2647/2647 2614/2614/2614 2648/2648/2648
f 2614/2614/2614 2615/2615/2615 2648/2648/2648
f 2648/2648/2648 2615/2615/2615 2649/2649/2649
f 2615/2615/2615 2616/2616/2616 2649/2649/2649
f 2649/2649/2649 2616/2616/2616 2650/2650/2650
f 2616/2616/2616 2617/2617/2617 2650/2650/2650
f 2650/2650/2650 2617/2617/2617 2651/2651/2651
f 2617/2617/2617 2618/2618/2618 2651/2651/2651
f 2651/2651/2651 2618/2618/2618 2652/2652/2652
f 2618/2618/2618 2619/2619/2619 2652/2652/2652
f 2652/2652/2652 2619/2619/2619 2653/2653/2653
f 2619/2619/2619 2620/2620/2620 2653/2653/2653
f 2653/2653/2653 2620/2620/2620 2654/2654/2654
f 2620/2620/2620 2621/2621/2621 2654/2654/2654
f 2654/2654/2654 2621/2621/2621 2655/2655/2655
f 2621/2621/2621 2622/2622/2622 2655/2655/2655
f 2655/2655/2655 2622/2622/2622 2656/2656/2656
f 2622/2622/2622 2623/2623/2623 2656/2656/2656
f 2656/2656/2656 2623/2623/2623 2657/2657/2657
f 2623/2623/2623 2624/2624/2624 2657/2657/2657
f 2657/2657/2657 2624/2624/2624 2658/2658/2658
f 2624/2624/2624 2625/2625/2625 2658/2658/2658
f 2658/2658/2658 2625/2625/2625 2659/2659/2659
f 2625/2625/2625 2626/2626/2626 2659/2659/2659
f 2659/2659/2659 2626/2626/2626 2660/2660/2660
f 2626/2626/2626 2627/2627/2627 2660/2660/2660
f 2660/2660/2660 2627/2627/2627 2661/2661/2661
f 2627/2627/2627 2628/2628/2628 2661/2661/2661
f 2661/2661/2661 2628/2628/2628 2662/2662/2662
f 2628/2628/2628 2629/2629/2629 2662/2662/2662
f 2662/2662/2662 2629/2629/2629 2663/2663/2663
f 2629/2629/2629 2630/2630/2630 2663/2663/2663
f 2663/2663/2663 2630/2630/2630 2664/2664/2664
f 2630/2630/2630 2631/2631/2631 2664/2664/2664
f 2664/2664/2664 2631/2631/2631 2665/2665/2665
f 2631/2631/2631 2632/2632/2632 2665/2665/2665
f 2665/2665/2665 2632/2632/2632 2666/2666/2666
f 2632/2632/2632 2633/2633/2633 2666/2666/2666
f 2666/2666/2666 2633/2633/2633 2667/2667/2667
f 2633/2633/2633 2634/2634/2634 2667/2667/2667
f 2667/2667/2667 2634/2634/2634 2668/2668/2668
f 2634/2634/2634 2635/2635/2635 2668/2668/2668
f 2668/2668/2668 2635/2635/2635 2669/2669/2669
f 2635/2635/2635 2636/2636/2636 2669/2669/2669
f 2669/2669/2669 2636/2636/2636 2670/2670/2670
f 2636/2636/2636 2637/2637/2637 2670/2670/2670
f 2670/2670/2670 2637/2637/2637 2671/2671/2671
f 2637/2637/2637 2638/2638/2638 2671/2671/2671
f 2671/2671/2671 2638/2638/2638 2672/2672/2672
f 2638/2638/2638 2639/2639/2639 2672/2672/2672
f 2673/2673/2673 2640/2640/2640 2674/2674/2674
f 2640/2640/2640 2641/2641/2641 2674/2674/2674
f 2674/2674/2674 2641/2641/2641 2675/2675/2675
f 2641/2641/2641 2642/2642/2642 2675/2675/2675
f 2675/2675/2675 2642/2642/2642 2676/2676/2676
f 2642/2642/2642 2643/2643/2643 2676/2676/2676
f 2676/2676/2676 2643/2643/2643 2677/2677/2677
f 2643/2643/2643 2644/2644/2644 2677/2677/2677
f 2677/2677/2677 2644/2644/2644 2678/2678/2678
f 2644/2644/2644 2645/2645/2645 2678/2678/2678
f 2678/2678/2678 2645/2645/2645 2679/2679/2679
f 2645/2645/2645 2646/2646/2646 2679/2679/2679
f 2679/2679/2679 2646/2646/2646 2680/2680/2680
f 2646/2646/2646 2647/2647/2647 2680/2680/2680
f 2680/2680/2680 2647/2647/2647 2681/2681/2681
f 2647/2647/2647 2648/2648/2648 2681/2681/2681
f 2681/2681/2681 2648/2648/2648 2682/2682/2682
f 2648/2648/2648 2649/2649/2649 2682/2682/2682
f 2682/2682/2682 2649/2649/2649 2683/2683/2683
f 2649/2649/2649 2650/2650/2650 2683/2683/2683
f 2683/2683/2683 2650/2650/2650 2684/2684/2684
f 2650/2650/2650 2651/2651/2651 2684/2684/2684
f 2684/2684/2684 2651/2651/2651 2685/2685/2685
f 2651/2651/2651 2652/2652/2652 2685/2685/2685
f 2685/2685/2685 2652/2652/2652 2686/2686/2686
f 2652/2652/2652 2653/2653/2653 2686/2686/2686
f 2686/2686/2686 2653/2653/2653 2687/2687/2687
f 2653/2653/2653 2654/2654/2654 2687/2687/2687
f 2687/2687/2687 2654/2654/2654 2688/2688/2688
f 2654/2654/2654 2655/2655/2655 2688/2688/2688
f 2688/2688/2688 2655/2655/2655 2689/2689/2689
f 2655/2655/2655 2656/2656/2656 2689/2689/2689
f 2689/2689/2689 2656/2656/2656 2690/2690/2690
f 2656/2656/2656 2657/2657/2657 2690/2690/2690
f 2690/2690/2690 2657/2657/2657 2691/2691/2691
f 2657/2657/2657 2658/2658/2658 2691/2691/2691
f 2691/2691/2691 2658/2658/2658 2692/2692/2692
f 2658/2658/2658 2659/2659/2659 2692/2692/2692
f 2692/2692/2692 2659/2659/2659 2693/2693/2693
f 2659/2659/2659 2660/2660/2660 2693/2693/2693
f 2693/2693/2693 2660/2660/2660 2694/2694/2694
f 2660/2660/2660 2661/2661/2661 2694/2694/2694
f 2694/2694/2694 2661/2661/2661 2695/2695/2695
f 2661/2661/2661 2662/2662/2662 2695/2695/2695
f 2695/2695/2695 2662/2662/2662 2696/2696/2696
f 2662/2662/2662 2663/2663/2663 2696/2696/2696
f 2696/2696/2696 2663/2663/2663 2697/2697/2697
f 2663/2663/2663 2664/2664/2664 2697/2697/2697
f 2697/2697/2697 2664/2664/2664 2698/2698/2698
f 2664/2664/2664 2665/2665/2665 2698/2698/2698
f 2698/2698/2698 2665/2665/2665 2699/2699/2699
f 2665/2665/2665 2666/2666/2666 2699/2699/2699
f 2699/2699/2699 2666/2666/2666 2700/2700/2700
f 2666/2666/2666 2667/2667/2667 2700/2700/2700
f 2700/2700/2700 2667/2667/2667 2701/2701/2701
f 2667/2667/2667 2668/2668/2668 2701/2701/2701
f 2701/2701/2701 2668/2668/2668 2702/2702/2702
f 2668/2668/2668 2669/2669/2669 2702/2702/2702
f 2702/2702/2702 2669/2669/2669 2703/2703/2703
f 2669/2669/2669 2670/2670/2670 2703/2703/2703
f 2703/2703/2703 2670/2670/2670 2704/2704/2704
f 2670/2670/2670 2671/2671/2671 2704/2704/2704
f 2704/2704/2704 2671/2671/2671 2705/2705/2705
f 2671/2671/2671 2672/2672/2672 2705/2705/2705
f 2706/2706/2706 2673/2673/2673 2707/2707/2707
f 2673/2673/2673 2674/2674/2674 2707/2707/2707
f 2707/2707/2707 2674/2674/2674 2708/2708/2708
f 2674/2674/2674 2675/2675/2675 2708/2708/2708
f 2708/2708/2708 2675/2675/2675 2709/2709/2709
f 2675/2675/2675 2676/2676/2676 2709/2709/2709
f 2709/2709/2709 2676/2676/2676 2710/2710/2710
f 2676/2676/2676 2677/2677/2677 2710/2710/2710
f 2710/2710/2710 2677/2677/2677 2711/2711/2711
f 2677/2677/2677 2678/2678/2678 2711/2711/2711
f 2711/2711/2711 2678/2678/2678 2712/2712/2712
f 2678/2678/2678 2679/2679/2679 2712/2712/2712
f 2712/2712/2712 2679/2679/2679 2713/2713/2713
f 2679/2679/2679 2680/2680/2680 2713/2713/2713
f 2713/2713/2713 2680/2680/2680 2714/2714/2714
f 2680/2680/2680 2681/2681/2681 2714/2714/2714
f 2714/2714/2714 2681/2681/2681 2715/2715/2715
f 2681/2681/2681 2682/2682/2682 2715/2715/2715
f 2715/2715/2715 2682/2682/2682 2716/2716/2716
f 2682/2682/2682 2683/2683/2683 2716/2716/2716
f 2716/2716/2716 2683/2683/2683 2717/2717/2717
f 2683/2683/2683 2684/2684/2684 2717/2717/2717
f 2717/2717/2717 2684/2684/2684 2718/2718/2718
f 2684/2684/2684 2685/2685/2685 2718/2718/2718
f 2718/2718/2718 2685/2685/2685 2719/2719/2719
f 2685/2685/2685 2686/2686/2686 2719/2719/2719
f 2719/2719/2719 2686/2686/2686 2720/2720/2720
f 2686/2686/2686 2687/2687/2687 2720/2720/2720
f 2720/2720/2720 2687/2687/2687 2721/2721/2721
f 2687/2687/2687 2688/2688/2688 2721/2721/2721
f 2721/2721/2721 2688/2688/2688 2722/2722/2722
f 2688/2688/2688 2689/2689/2689 2722/2722/2722
f 2722/2722/2722 2689/2689/2689 2723/2723/2723
f 2689/2689/2689 2690/2690/2690 2723/2723/2723
f 2723/2723/2723 2690/2690/2690 2724/2724/2724
f 2690/2690/2690 2691/2691/2691 2724/2724/2724
f 2724/2724/2724 2691/2691/2691 2725/2725/2725
f 2691/2691/2691 2692/2692/2692 2725/2725/2725
f 2725/2725/2725 2692/2692/2692 2726/2726/2726
f 2692/2692/2692 2693/2693/2693 2726/2726/2726
f 2726/2726/2726 2693/2693/2693 2727/2727/2727
f 2693/2693/2693 2694/2694/2694 2727/2727/2727
f 2727/2727/2727 2694/2694/2694 2728/2728/2728
f 2694/2694/2694 2695/2695/2695 2728/2728/2728
f 2728/2728/2728 2695/2695/2695 2729/2729/2729
f 2695/2695/2695 2696/2696/2696 2729/2729/2729
f 2729/2729/2729 2696/2696/2696 2730/2730/2730
f 2696/2696/2696 2697/2697/2697 2730/2730/2730
f 2730/2730/2730 2697/2697/2697 2731/2731/2731
f 2697/2697/2697 2698/2698/2698 2731/2731/2731
f 2731/2731/2731 2698/2698/2698 2732/2732/2732
f 2698/2698/2698 2699/2699/2699 2732/2732/2732
f 2732/2732/2732 2699/2699/2699 2733/2733/2733
f 2699/2699/2699 2700/2700/2700 2733/2733/2733
f 2733/2733/2733 2700/2700/2700 2734/2734/2734
f 2700/2700/2700 2701/2701/2701 2734/2734/2734
f 2734/2734/2734 2701/2701/2701 2735/2735/2735
f 2701/2701/2701 2702/2702/2702 2735/2735/2735
f 2735/2735/2735 2702/2702/2702 2736/2736/2736
f 2702/2702/2702 2703/2703/2703 2736/2736/2736
f 2736/2736/2736 2703/2703/2703 2737/2737/2737
f 2703/2703/2703 2704/2704/2704 2737/2737/2737
f 2737/2737/2737 2704/2704/2704 2738/2738/2738
f 2704/2704/2704 2705/2705/2705 2738/2738/2738
f 2739/2739/2739 2706/2706/2706 2740/2740/2740
f 2706/2706/2706 2707/2707/2707 2740/2740/2740
f 2740/2740/2740 2707/2707/2707 2741/2741/2741
f 2707/2707/2707 2708/2708/2708 2741/2741/2741
f 2741/2741/2741 2708/2708/2708 2742/2742/2742
f 2708/2708/2708 2709/2709/2709 2742/2742/2742
f 2742/2742/2742 2709/2709/2709 2743/2743/2743
f 2709/2709/2709 2710/2710/2710 2743/2743/2743
f 2743/2743/2743 2710/2710/2710 2744/2744/2744
f 2710/2710/2710 2711/2711/2711 2744/2744/2744
f 2744/2744/2744 2711/2711/2711 2745/2745/2745
f 2711/2711/2711 2712/2712/2712 2745/2745/2745
f 2745/2745/2745 2712/2712/2712 2746/2746/2746
f 2712/2712/2712 2713/2713/2713 2746/2746/2746
f 2746/2746/2746 2713/2713/2713 2747/2747/2747
f 2713/2713/2713 2714/2714/2714 2747/2747/2747
f 2747/2747/2747 2714/2714/2714 2748/2748/2748
f 2714/2714/2714 2715/2715/2715 2748/2748/2748
f 2748/2748/2748 2715/2715/2715 2749/2749/2749
f 2715/2715/2715 2716/2716/2716 2749/2749/2749
f 2749/2749/2749 2716/2716/2716 2750/2750/2750
f 2716/2716/2716 2717/2717/2717 2750/2750/2750
f 2750/2750/2750 2717/2717/2717 2751/2751/2751
f 2717/2717/2717 2718/2718/2718 2751/2751/2751
f 2751/2751/2751 2718/2718/2718 2752/2752/2752
f 2718/2718/2718 2719/2719/2719 2752/2752/2752
f 2752/2752/2752 2719/2719/2719 2753/2753/2753
f 2719/2719/2719 2720/2720/2720 2753/2753/2753
f 2753/2753/2753 2720/2720/2720 2754/2754/2754
f 2720/2720/2720 2721/2721/2721 2754/2754/2754
f 2754/2754/2754 2721/2721/2721 2755/2755/2755
f 2721/2721/2721 2722/2722/2722 2755/2755/2755
f 2755/2755/2755 2722/2722/2722 2756/2756/2756
f 2722/2722/2722 2723/2723/2723 2756/2756/2756
f 2756/2756/2756 2723/2723/2723 2757/2757/2757
f 2723/2723/2723 2724/2724/2724 2757/2757/2757
f 2757/2757/2757 2724/2724/2724 2758/2758/2758
f 2724/2724/2724 2725/2725/2725 2758/2758/2758
f 2758/2758/2758 2725/2725/2725 2759/2759/2759
f 2725/2725/2725 2726/2726/2726 2759/2759/2759
f 2759/2759/2759 2726/2726/2726 2760/2760/2760
f 2726/2726/2726 2727/2727/2727 2760/2760/2760
f 2760/2760/2760 2727/2727/2727 2761/2761/2761
f 2727/2727/2727 2728/2728/2728 2761/2761/2761
f 2761/2761/2761 2728/2728/2728 2762/2762/2762
f 2728/2728/2728 2729/2729/2729 2762/2762/2762
f 2762/2762/2762 2729/2729/2729 2763/2763/2763
f 2729/2729/2729 2730/2730/2730 2763/2763/2763
f 2763/2763/2763 2730/2730/2730 2764/2764/2764
f 2730/2730/2730 2731/2731/2731 2764/2764/2764
f 2764/2764/2764 2731/2731/2731 2765/2765/2765
f 2731/2731/2731 2732/2732/2732 2765/2765/2765
f 2765/2765/2765 2732/2732/2732 2766/2766/2766
f 2732/2732/2732 2733/2733/2733 2766/2766/2766
f 2766/2766/2766 2733/2733/2733 2767/2767/2767
f 2733/2733/2733 2734/2734/2734 2767/2767/2767
f 2767/2767/2767 2734/2734/2734 2768/2768/2768
f 2734/2734/2734 2735/2735/2735 2768/2768/2768
f 2768/2768/2768 2735/2735/2735 2769/2769/2769
f 2735/2735/2735 2736/2736/2736 2769/2769/2769
f 2769/2769/2769 2736/2736/2736 2770/2770/2770
f 2736/2736/2736 2737/2737/2737 2770/2770/2770
f 2770/2770/2770 2737/2737/2737 2771/2771/2771
f 2737/2737/2737 2738/2738/2738 2771/2771/2771
f 2772/2772/2772 2739/2739/2739 2773/2773/2773
f 2739/2739/2739 2740/2740/2740 2773/2773/2773
f 2773/2773/2773 2740/2740/2740 2774/2774/2774
f 2740/2740/2740 2741/2741/2741 2774/2774/2774
f 2774/2774/2774 2741/2741/2741 2775/2775/2775
f 2741/2741/2741 2742/2742/2742 2775/2775/2775
f 2775/2775/2775 2742/2742/2742 2776/2776/2776
f 2742/2742/2742 2743/2743/2743 2776/2776/2776
f 2776/2776/2776 2743/2743/2743 2777/2777/2777
f 2743/2743/2743 2744/2744/2744 2777/2777/2777
f 2777/2777/2777 2744/2744/2744 2778/2778/2778
f 2744/2744/2744 2745/2745/2745 2778/2778/2778
f 2778/2778/2778 2745/2745/2745 2779/2779/2779
f 2745/2745/2745 2746/2746/2746 2779/2779/2779
f 2779/2779/2779 2746/2746/2746 2780/2780/2780
f 2746/2746/2746 2747/2747/2747 2780/2780/2780
f 2780/2780/2780 2747/2747/2747 2781/2781/2781
f 2747/2747/2747 2748/2748/2748 2781/2781/2781
f 2781/2781/2781 2748/2748/2748 2782/2782/2782
f 2748/2748/2748 2749/2749/2749 2782/2782/2782
f 2782/2782/2782 2749/2749/2749 2783/2783/2783
f 2749/2749/2749 2750/2750/2750 2783/2783/2783
f 2783/2783/2783 2750/2750/2750 2784/2784/2784
f 2750/2750/2750 2751/2751/2751 2784/2784/2784
f 2784/2784/2784 2751/2751/2751 2785/2785/2785
f 2751/2751/2751 2752/2752/2752 2785/2785/2785
f 2785/2785/2785 2752/2752/2752 2786/2786/2786
f 2752/2752/2752 2753/2753/2753 2786/2786/2786
f 2786/2786/2786 2753/2753/2753 2787/2787/2787
f 2753/2753/2753 2754/2754/2754 2787/2787/2787
f 2787/2787/2787 2754/2754/2754 2788/2788/2788
f 2754/2754/2754 2755/2755/2755 2788/2788/2788
f 2788/2788/2788 2755/2755/2755 2789/2789/2789
f 2755/2755/2755 2756/2756/2756 2789/2789/2789
f 2789/2789/2789 2756/2756/2756 2790/2790/2790
f 2756/2756/2756 2757/2757/2757 2790/2790/2790
f 2790/2790/2790 2757/2757/2757 2791/2791/2791
f 2757/2757/2757 2758/2758/2758 2791/2791/2791
f 2791/2791/2791 2758/2758/2758 2792/2792/2792
f 2758/2758/2758 2759/2759/2759 2792/2792/2792
f 2792/2792/2792 2759/2759/2759 2793/2793/2793
f 2759/2759/2759 2760/2760/2760 2793/2793/2793
f 2793/2793/2793 2760/2760/2760 2794/2794/2794
f 2760/2760/2760 2761/2761/2761 2794/2794/2794
f 2794/2794/2794 2761/2761/2761 2795/2795/2795
f 2761/2761/2761 2762/2762/2762 2795/2795/2795
f 2795/2795/2795 2762/2762/2762 2796/2796/2796
f 2762/2762/2762 2763/2763/2763 2796/2796/2796
f 2796/2796/2796 2763/2763/2763 2797/2797/2797
f 2763/2763/2763 2764/2764/2764 2797/2797/2797
f 2797/2797/2797 2764/2764/2764 2798/2798/2798
f 2764/2764/2764 2765/2765/2765 2798/2798/2798
f 2798/2798/2798 2765/2765/2765 2799/2799/2799
f 2765/2765/2765 2766/2766/2766 2799/2799/2799
f 2799/2799/2799 2766/2766/2766 2800/2800/2800
f 2766/2766/2766 2767/2767/2767 2800/2800/2800
f 2800/2800/2800 2767/2767/2767 2801/2801/2801
f 2767/2767/2767 2768/2768/2768 2801/2801/2801
f 2801/2801/2801 2768/2768/2768 2802/2802/2802
f 2768/2768/2768 2769/2769/2769 2802/2802/2802
f 2802/2802/2802 2769/2769/2769 2803/2803/2803
f 2769/2769/2769 2770/2770/2770 2803/2803/2803
f 2803/2803/2803 2770/2770/2770 2804/2804/2804
f 2770/2770/2770 2771/2771/2771 2804/2804/2804
f 2805/2805/2805 2772/2772/2772 2806/2806/2806
f 2772/2772/2772 2773/2773/2773 2806/2806/2806
f 2806/2806/2806 2773/2773/2773 2807/2807/2807
f 2773/2773/2773 2774/2774/2774 2807/2807/2807
f 2807/2807/2807 2774/2774/2774 2808/2808/2808
f 2774/2774/2774 2775/2775/2775 2808/2808/2808
f 2808/2808/2808 2775/2775/2775 2809/2809/2809
f 2775/2775/2775 2776/2776/2776 2809/2809/2809
f 2809/2809/2809 2776/2776/2776 2810/2810/2810
f 2776/2776/2776 2777/2777/2777 2810/2810/2810
f 2810/2810/2810 2777/2777/2777 2811/2811/2811
f 2777/2777/2777 2778/2778/2778 2811/2811/2811
f 2811/2811/2811 2778/2778/2778 2812/2812/2812
f 2778/2778/2778 2779/2779/2779 2812/2812/2812
f 2812/2812/2812 2779/2779/2779 2813/2813/2813
f 2779/2779/2779 2780/2780/2780 2813/2813/2813
f 2813/2813/2813 2780/2780/2780 2814/2814/2814
f 2780/2780/2780 2781/2781/2781 2814/2814/2814
f 2814/2814/2814 2781/2781/2781 2815/2815/2815
f 2781/2781/2781 2782/2782/2782 2815/2815/2815
f 2815/2815/2815 2782/2782/2782 2816/2816/2816
f 2782/2782/2782 2783/2783/2783 2816/2816/2816
f 2816/2816/2816 2783/2783/2783 2817/2817/2817
f 2783/2783/2783 2784/2784/2784 2817/2817/2817
f 2817/2817/2817 2784/2784/2784 2818/2818/2818
f 2784/2784/2784 2785/2785/2785 2818/2818/2818
f 2818/2818/2818 2785/2785/2785 2819/2819/2819
f 2785/2785/2785 2786/2786/2786 2819/2819/2819
f 2819/2819/2819 2786/2786/2786 2820/2820/2820
f 2786/2786/2786 2787/2787/2787 2820/2820/2820
f 2820/2820/2820 2787/2787/2787 2821/2821/2821
f 2787/2787/2787 2788/2788/2788 2821/2821/2821
f 2821/2821/2821 2788/2788/2788 2822/2822/2822
f 2788/2788/2788 2789/2789/2789 2822/2822/2822
f 2822/2822/2822 2789/2789/2789 2823/2823/2823
f 2789/2789/2789 2790/2790/2790 2823/2823/2823
f 2823/2823/2823 2790/2790/2790 2824/2824/2824
f 2790/2790/2790 2791/2791/2791 2824/2824/2824
f 2824/2824/2824 2791/2791/2791 2825/2825/2825
f 2791/2791/2791 2792/2792/2792 2825/2825/2825
f 2825/2825/2825 2792/2792/2792 2826/2826/2826
f 2792/2792/2792 2793/2793/2793 2826/2826/2826
f 2826/2826/2826 2793/2793/2793 2827/2827/2827
f 2793/2793/2793 2794/2794/2794 2827/2827/2827
f 2827/2827/2827 2794/2794/2794 2828/2828/2828
f 2794/2794/2794 2795/2795/2795 2828/2828/2828
f 2828/2828/2828 2795/2795/2795 2829/2829/2829
f 2795/2795/2795 2796/2796/2796 2829/2829/2829
f 2829/2829/2829 2796/2796/2796 2830/2830/2830
f 2796/2796/2796 2797/2797/2797 2830/2830/2830
f 2830/2830/2830 2797/2797/2797 2831/2831/2831
f 2797/2797/2797 2798/2798/2798 2831/2831/2831
f 2831/2831/2831 2798/2798/2798 2832/2832/2832
f 2798/2798/2798 2799/2799/2799 2832/2832/2832
f 2832/2832/2832 2799/2799/2799 2833/2833/2833
f 2799/2799/2799 2800/2800/2800 2833/2833/2833
f 2833/2833/2833 2800/2800/2800 2834/2834/2834
f 2800/2800/2800 2801/2801/2801 2834/2834/2834
f 2834/2834/2834 2801/2801/2801 2835/2835/2835
f 2801/2801/2801 2802/2802/2802 2835/2835/2835
f 2835/2835/2835 2802/2802/2802 2836/2836/2836
f 2802/2802/2802 2803/2803/2803 2836/2836/2836
f 2836/2836/2836 2803/2803/2803 2837/2837/2837
f 2803/2803/2803 2804/2804/2804 2837/2837/2837
f 2838/2838/2838 2805/2805/2805 2839/2839/2839
f 2805/2805/2805 2806/2806/2806 2839/2839/2839
f 2839/2839/2839 2806/2806/2806 2840/2840/2840
f 2806/2806/2806 2807/2807/2807 2840/2840/2840
f 2840/2840/2840 2807/2807/2807 2841/2841/2841
f 2807/2807/2807 2808/2808/2808 2841/2841/2841
f 2841/2841/2841 2808/2808/2808 2842/2842/2842
f 2808/2808/2808 2809/2809/2809 2842/2842/2842
f 2842/2842/2842 2809/2809/2809 2843/2843/2843
f 2809/2809/2809 2810/2810/2810 2843/2843/2843
f 2843/2843/2843 2810/2810/2810 2844/2844/2844
f 2810/2810/2810 2811/2811/2811 2844/2844/2844
f 2844/2844/2844 2811/2811/2811 2845/2845/2845
f 2811/2811/2811 2812/2812/2812 2845/2845/2845
f 2845/2845/2845 2812/2812/2812 2846/2846/2846
f 2812/2812/2812 2813/2813/2813 2846/2846/2846
f 2846/2846/2846 2813/2813/2813 2847/2847/2847
f 2813/2813/2813 2814/2814/2814 2847/2847/2847
f 2847/2847/2847 2814/2814/2814 2848/2848/2848
f 2814/2814/2814 2815/2815/2815 2848/2848/2848
f 2848/2848/2848 2815/2815/2815 2849/2849/2849
f 2815/2815/2815 2816/2816/2816 2849/2849/2849
f 2849/2849/2849 2816/2816/2816 2850/2850/2850
f 2816/2816/2816 2817/2817/2817 2850/2850/2850
f 2850/2850/2850 2817/2817/2817 2851/2851/2851
f 2817/2817/2817 2818/2818/2818 2851/2851/2851
f 2851/2851/2851 2818/2818/2818 2852/2852/2852
f 2818/2818/2818 2819/2819/2819 2852/2852/2852
f 2852/2852/2852 2819/2819/2819 2853/2853/2853
f 2819/2819/2819 2820/2820/2820 2853/2853/2853
f 2853/2853/2853 2820/2820/2820 2854/2854/2854
f 2820/2820/2820 2821/2821/2821 2854/2854/2854
f 2854/2854/2854 2821/2821/2821 2855/2855/2855
f 2821/2821/2821 2822/2822/2822 2855/2855/2855
f 2855/2855/2855 2822/2822/2822 2856/2856/2856
f 2822/2822/2822 2823/2823/2823 2856/2856/2856
f 2856/2856/2856 2823/2823/2823 2857/2857/2857
f 2823/2823/2823 2824/2824/2824 2857/2857/2857
f 2857/2857/2857 2824/2824/2824 2858/2858/2858
f 2824/2824/2824 2825/2825/2825 2858/2858/2858
f 2858/2858/2858 2825/2825/2825 2859/2859/2859
f 2825/2825/2825 2826/2826/2826 2859/2859/2859
f 2859/2859/2859 2826/2826/2826 2860/2860/2860
f 2826/2826/2826 2827/2827/2827 2860/2860/2860
f 2860/2860/2860 2827/2827/2827 2861/2861/2861
f 2827/2827/2827 2828/2828/2828 2861/2861/2861
f 2861/2861/2861 2828/2828/2828 2862/2862/2862
f 2828/2828/2828 2829/2829/2829 2862/2862/2862
f 2862/2862/2862 2829/2829/2829 2863/2863/2863
f 2829/2829/2829 2830/2830/2830 2863/2863/2863
f 2863/2863/2863 2830/2830/2830 2864/2864/2864
f 2830/2830/2830 2831/2831/2831 2864/2864/2864
f 2864/2864/2864 2831/2831/2831 2865/2865/2865
f 2831/2831/2831 2832/2832/2832 2865/2865/2865
f 2865/2865/2865 2832/2832/2832 2866/2866/2866
f 2832/2832/2832 2833/2833/2833 2866/2866/2866
f 2866/2866/2866 2833/2833/2833 2867/2867/2867
f 2833/2833/2833 2834/2834/2834 2867/2867/2867
f 2867/2867/2867 2834/2834/2834 2868/2868/2868
f 2834/2834/2834 2835/2835/2835 2868/2868/2868
f 2868/2868/2868 2835/2835/2835 2869/2869/2869
f 2835/2835/2835 2836/2836/2836 2869/2869/2869
f 2869/2869/2869 2836/2836/2836 2870/2870/2870
f 2836/2836/2836 2837/2837/2837 2870/2870/2870
o stones_primary__heart
v 0.05656854063272476 0.05656854063272476 0
v 0.05656854063272476 0 0.05656854063272476
v 0.07999999821186066 0 0
v 0.05656854063272476 0.05656854063272476 0
v 0 0.05656854063272476 0.05656854063272476
v 0.05656854063272476 0 0.05656854063272476
v 0 0.07999999821186066 0
v 0 0.05656854063272476 0.05656854063272476
v 0.05656854063272476 0.05656854063272476 0
v 0 0.05656854063272476 0.05656854063272476
v 0 0 0.07999999821186066
v 0.05656854063272476 0 0.05656854063272476
v 0.05656854063272476 0 0.05656854063272476
v 0.05656854063272476 -0.05656854063272476 0
v 0.07999999821186066 0 0
v 0.05656854063272476 0 0.05656854063272476
v 0 -0.05656854063272476 0.05656854063272476
v 0.05656854063272476 -0.05656854063272476 0
v 0 0 0.07999999821186066
v 0 -0.05656854063272476 0.05656854063272476
v 0.05656854063272476 0 0.05656854063272476
v 0 -0.05656854063272476 0.05656854063272476
v 0 -0.07999999821186066 0
v 0.05656854063272476 -0.05656854063272476 0
v 0.05656854063272476 -0.05656854063272476 0
v 0.05656854063272476 0 -0.05656854063272476
v 0.07999999821186066 0 0
v 0.05656854063272476 -0.05656854063272476 0
v 0 -0.05656854063272476 -0.05656854063272476
v 0.05656854063272476 0 -0.05656854063272476
v 0 -0.07999999821186066 0
v 0 -0.05656854063272476 -0.05656854063272476
v 0.05656854063272476 -0.05656854063272476 0
v 0 -0.05656854063272476 -0.05656854063272476
v 0 0 -0.07999999821186066
v 0.05656854063272476 0 -0.05656854063272476
v 0.05656854063272476 0 -0.05656854063272476
v 0.05656854063272476 0.05656854063272476 0
v 0.07999999821186066 0 0
v 0.05656854063272476 0 -0.05656854063272476
v 0 0.05656854063272476 -0.05656854063272476
v 0.05656854063272476 0.05656854063272476 0
v 0 0 -0.07999999821186066
v 0 0.05656854063272476 -0.05656854063272476
v 0.05656854063272476 0 -0.05656854063272476
v 0 0.05656854063272476 -0.05656854063272476
v 0 0.07999999821186066 0
v 0.05656854063272476 0.05656854063272476 0
v -0.05656854063272476 0.05656854063272476 0
v -0.05656854063272476 0 -0.05656854063272476
v -0.07999999821186066 0 0
v -0.05656854063272476 0.05656854063272476 0
v 0 0.05656854063272476 -0.05656854063272476
v -0.05656854063272476 0 -0.05656854063272476
v 0 0.07999999821186066 0
v 0 0.05656854063272476 -0.05656854063272476
v -0.05656854063272476 0.05656854063272476 0
v 0 0.05656854063272476 -0.05656854063272476
v 0 0 -0.07999999821186066
v -0.05656854063272476 0 -0.05656854063272476
v -0.05656854063272476 0 -0.05656854063272476
v -0.05656854063272476 -0.05656854063272476 0
v -0.07999999821186066 0 0
v -0.05656854063272476 0 -0.05656854063272476
v 0 -0.05656854063272476 -0.05656854063272476
v -0.05656854063272476 -0.05656854063272476 0
v 0 0 -0.07999999821186066
v 0 -0.05656854063272476 -0.05656854063272476
v -0.05656854063272476 0 -0.05656854063272476
v 0 -0.05656854063272476 -0.05656854063272476
v 0 -0.07999999821186066 0
v -0.05656854063272476 -0.05656854063272476 0
v -0.05656854063272476 -0.05656854063272476 0
v -0.05656854063272476 0 0.05656854063272476
v -0.07999999821186066 0 0
v -0.05656854063272476 -0.05656854063272476 0
v 0 -0.05656854063272476 0.05656854063272476
v -0.05656854063272476 0 0.05656854063272476
v 0 -0.07999999821186066 0
v 0 -0.05656854063272476 0.05656854063272476
v -0.05656854063272476 -0.05656854063272476 0
v 0 -0.05656854063272476 0.05656854063272476
v 0 0 0.07999999821186066
v -0.05656854063272476 0 0.05656854063272476
v -0.05656854063272476 0 0.05656854063272476
v -0.05656854063272476 0.05656854063272476 0
v -0.07999999821186066 0 0
v -0.05656854063272476 0 0.05656854063272476
v 0 0.05656854063272476 0.05656854063272476
v -0.05656854063272476 0.05656854063272476 0
v 0 0 0.07999999821186066
v 0 0.05656854063272476 0.05656854063272476
v -0.05656854063272476 0 0.05656854063272476
v 0 0.05656854063272476 0.05656854063272476
v 0 0.07999999821186066 0
v -0.05656854063272476 0.05656854063272476 0
vt 1 0.75
vt 0.875 0.5
vt 1 0.5
vt 1 0.75
vt 0.75 0.75
vt 0.875 0.5
vt 0.875 1
vt 0.75 0.75
vt 1 0.75
vt 0.75 0.75
vt 0.75 0.5
vt 0.875 0.5
vt 0.875 0.5
vt 1 0.25
vt 1 0.5
vt 0.875 0.5
vt 0.75 0.25
vt 1 0.25
vt 0.75 0.5
vt 0.75 0.25
vt 0.875 0.5
vt 0.75 0.25
vt 0.875 0
vt 1 0.25
vt 0 0.25
vt 0.125 0.5
vt 0 0.5
vt 0 0.25
vt 0.25 0.25
vt 0.125 0.5
vt 0.125 0
vt 0.25 0.25
vt 0 0.25
vt 0.25 0.25
vt 0.25 0.5
vt 0.125 0.5
vt 0.125 0.5
vt 0 0.75
vt 0 0.5
vt 0.125 0.5
vt 0.25 0.75
vt 0 0.75
vt 0.25 0.5
vt 0.25 0.75
vt 0.125 0.5
vt 0.25 0.75
vt 0.125 1
vt 0 0.75
vt 0.5 0.75
vt 0.375 0.5
vt 0.5 0.5
vt 0.5 0.75
vt 0.25 0.75
vt 0.375 0.5
vt 0.375 1
vt 0.25 0.75
vt 0.5 0.75
vt 0.25 0.75
vt 0.25 0.5
vt 0.375 0.5
vt 0.375 0.5
vt 0.5 0.25
vt 0.5 0.5
vt 0.375 0.5
vt 0.25 0.25
vt 0.5 0.25
vt 0.25 0.5
vt 0.25 0.25
vt 0.375 0.5
vt 0.25 0.25
vt 0.375 0
vt 0.5 0.25
vt 0.5 0.25
vt 0.625 0.5
vt 0.5 0.5
vt 0.5 0.25
vt 0.75 0.25
vt 0.625 0.5
vt 0.625 0
vt 0.75 0.25
vt 0.5 0.25
vt 0.75 0.25
vt 0.75 0.5
vt 0.625 0.5
vt 0.625 0.5
vt 0.5 0.75
vt 0.5 0.5
vt 0.625 0.5
vt 0.75 0.75
vt 0.5 0.75
vt 0.75 0.5
vt 0.75 0.75
vt 0.625 0.5
vt 0.75 0.75
vt 0.625 1
vt 0.5 0.75
vn 0.7071067811865476 0.7071067811865476 0
vn 0.7071067811865476 0 0.7071067811865476
vn 1 0 0
vn 0.7071067811865476 0.7071067811865476 0
vn 0 0.7071067811865476 0.7071067811865476
vn 0.7071067811865476 0 0.7071067811865476
vn 0 1 0
vn 0 0.7071067811865476 0.7071067811865476
vn 0.7071067811865476 0.7071067811865476 0
vn 0 0.7071067811865476 0.7071067811865476
vn 0 0 1
vn 0.7071067811865476 0 0.7071067811865476
vn 0.7071067811865476 0 0.7071067811865476
vn 0.7071067811865476 -0.7071067811865476 0
vn 1 0 0
vn 0.7071067811865476 0 0.7071067811865476
vn 0 -0.7071067811865476 0.7071067811865476
vn 0.7071067811865476 -0.7071067811865476 0
vn 0 0 1
vn 0 -0.7071067811865476 0.7071067811865476
vn 0.7071067811865476 0 0.7071067811865476
vn 0 -0.7071067811865476 0.7071067811865476
vn 0 -1 0
vn 0.7071067811865476 -0.7071067811865476 0
vn 0.7071067811865476 -0.7071067811865476 0
vn 0.7071067811865476 0 -0.7071067811865476
vn 1 0 0
vn 0.7071067811865476 -0.7071067811865476 0
vn 0 -0.7071067811865476 -0.7071067811865476
vn 0.7071067811865476 0 -0.7071067811865476
vn 0 -1 0
vn 0 -0.7071067811865476 -0.7071067811865476
vn 0.7071067811865476 -0.7071067811865476 0
vn 0 -0.7071067811865476 -0.7071067811865476
vn 0 0 -1
vn 0.7071067811865476 0 -0.7071067811865476
vn 0.7071067811865476 0 -0.7071067811865476
vn 0.7071067811865476 0.7071067811865476 0
vn 1 0 0
vn 0.7071067811865476 0 -0.7071067811865476
vn 0 0.7071067811865476 -0.7071067811865476
vn 0.7071067811865476 0.7071067811865476 0
vn 0 0 -1
vn 0 0.7071067811865476 -0.7071067811865476
vn 0.7071067811865476 0 -0.7071067811865476
vn 0 0.7071067811865476 -0.7071067811865476
vn 0 1 0
vn 0.7071067811865476 0.7071067811865476 0
vn -0.7071067811865476 0.7071067811865476 0
vn -0.7071067811865476 0 -0.7071067811865476
vn -1 0 0
vn -0.7071067811865476 0.7071067811865476 0
vn 0 0.7071067811865476 -0.7071067811865476
vn -0.7071067811865476 0 -0.7071067811865476
vn 0 1 0
vn 0 0.7071067811865476 -0.7071067811865476
vn -0.7071067811865476 0.7071067811865476 0
vn 0 0.7071067811865476 -0.7071067811865476
vn 0 0 -1
vn -0.7071067811865476 0 -0.7071067811865476
vn -0.7071067811865476 0 -0.7071067811865476
vn -0.7071067811865476 -0.7071067811865476 0
vn -1 0 0
vn -0.7071067811865476 0 -0.7071067811865476
vn 0 -0.7071067811865476 -0.7071067811865476
vn -0.7071067811865476 -0.7071067811865476 0
vn 0 0 -1
vn 0 -0.7071067811865476 -0.7071067811865476
vn -0.7071067811865476 0 -0.7071067811865476
vn 0 -0.7071067811865476 -0.7071067811865476
vn 0 -1 0
vn -0.7071067811865476 -0.7071067811865476 0
vn -0.7071067811865476 -0.7071067811865476 0
vn -0.7071067811865476 0 0.7071067811865476
vn -1 0 0
vn -0.7071067811865476 -0.7071067811865476 0
vn 0 -0.7071067811865476 0.7071067811865476
vn -0.7071067811865476 0 0.7071067811865476
vn 0 -1 0
vn 0 -0.7071067811865476 0.7071067811865476
vn -0.7071067811865476 -0.7071067811865476 0
vn 0 -0.7071067811865476 0.7071067811865476
vn 0 0 1
vn -0.7071067811865476 0 0.7071067811865476
vn -0.7071067811865476 0 0.7071067811865476
vn -0.7071067811865476 0.7071067811865476 0
vn -1 0 0
vn -0.7071067811865476 0 0.7071067811865476
vn 0 0.7071067811865476 0.7071067811865476
vn -0.7071067811865476 0.7071067811865476 0
vn 0 0 1
vn 0 0.7071067811865476 0.7071067811865476
vn -0.7071067811865476 0 0.7071067811865476
vn 0 0.7071067811865476 0.7071067811865476
vn 0 1 0
vn -0.7071067811865476 0.7071067811865476 0
f 2871/2871/2871 2872/2872/2872 2873/2873/2873
f 2874/2874/2874 2875/2875/2875 2876/2876/2876
f 2877/2877/2877 2878/2878/2878 2879/2879/2879
f 2880/2880/2880 2881/2881/2881 2882/2882/2882
f 2883/2883/2883 2884/2884/2884 2885/2885/2885
f 2886/2886/2886 2887/2887/2887 2888/2888/2888
f 2889/2889/2889 2890/2890/2890 2891/2891/2891
f 2892/2892/2892 2893/2893/2893 2894/2894/2894
f 2895/2895/2895 2896/2896/2896 2897/2897/2897
f 2898/2898/2898 2899/2899/2899 2900/2900/2900
f 2901/2901/2901 2902/2902/2902 2903/2903/2903
f 2904/2904/2904 2905/2905/2905 2906/2906/2906
f 2907/2907/2907 2908/2908/2908 2909/2909/2909
f 2910/2910/2910 2911/2911/2911 2912/2912/2912
f 2913/2913/2913 2914/2914/2914 2915/2915/2915
f 2916/2916/2916 2917/2917/2917 2918/2918/2918
f 2919/2919/2919 2920/2920/2920 2921/2921/2921
f 2922/2922/2922 2923/2923/2923 2924/2924/2924
f 2925/2925/2925 2926/2926/2926 2927/2927/2927
f 2928/2928/2928 2929/2929/2929 2930/2930/2930
f 2931/2931/2931 2932/2932/2932 2933/2933/2933
f 2934/2934/2934 2935/2935/2935 2936/2936/2936
f 2937/2937/2937 2938/2938/2938 2939/2939/2939
f 2940/2940/2940 2941/2941/2941 2942/2942/2942
f 2943/2943/2943 2944/2944/2944 2945/2945/2945
f 2946/2946/2946 2947/2947/2947 2948/2948/2948
f 2949/2949/2949 2950/2950/2950 2951/2951/2951
f 2952/2952/2952 2953/2953/2953 2954/2954/2954
f 2955/2955/2955 2956/2956/2956 2957/2957/2957
f 2958/2958/2958 2959/2959/2959 2960/2960/2960
f 2961/2961/2961 2962/2962/2962 2963/2963/2963
f 2964/2964/2964 2965/2965/2965 2966/2966/2966
